o BarramundiFish
usemtl 7288_barramundi fish_col
v -0.00009490966476732865 0.13799895346164703 0.2778482437133789
v 0.007720909081399441 0.126514732837677 0.2957928776741028
v 0.0015261077787727118 0.12762123346328735 0.2966189980506897
v 0.005982589442282915 0.13739457726478577 0.27723023295402527
v -0.0010612868936732411 0.1479310691356659 0.25824233889579773
v 0.004389953333884478 0.14796869456768036 0.2578571140766144
v 0.008657188154757023 0.11642146110534668 0.3103412985801697
v 0.0023692320100963116 0.11735955625772476 0.31113219261169434
v 0.002389831468462944 0.11443116515874863 0.31373751163482666
v 0.007895850576460361 0.1136782243847847 0.3126506209373474
v 0.002389831468462944 0.11274266242980957 0.31261539459228516
v 0.007744903210550547 0.11177752912044525 0.3111160397529602
v 0.002389831468462944 0.11174322664737701 0.31149524450302124
v 0.007644157391041517 0.11067187041044235 0.3099280595779419
v 0.01232227310538292 0.110956110060215 0.30911755561828613
v 0.011778220534324646 0.10978043079376221 0.30778104066848755
v 0.016647033393383026 0.10842089354991913 0.3045670688152313
v 0.015299186110496521 0.10732381790876389 0.302968829870224
v 0.020815124735236168 0.10498476773500443 0.2993910312652588
v 0.019142456352710724 0.103910431265831 0.2984244227409363
v 0.024292487651109695 0.09846232831478119 0.2929653525352478
v 0.025394095107913017 0.09898032993078232 0.29314014315605164
v 0.02757243998348713 0.09181006997823715 0.2863594889640808
v 0.026952972635626793 0.09120795875787735 0.28625452518463135
v 0.028596725314855576 0.08500943332910538 0.2794147729873657
v 0.028018835932016373 0.08482709527015686 0.2797430455684662
v 0.02735847420990467 0.08157836645841599 0.2747819423675537
v 0.02893810160458088 0.08157005906105042 0.2740342617034912
v 0.020103225484490395 0.10288368910551071 0.2999456822872162
v 0.025692671537399292 0.0951351597905159 0.2976396977901459
v 0.021626319736242294 0.1002342477440834 0.3033962845802307
v 0.028117559850215912 0.08856699615716934 0.2884516716003418
v 0.027583351358771324 0.08433210849761963 0.28091883659362793
v 0.026693573221564293 0.07960395514965057 0.2704925537109375
v 0.028698844835162163 0.07965661585330963 0.2703436315059662
v 0.02683437243103981 0.0781320333480835 0.2656690180301666
v 0.02947711944580078 0.07790026813745499 0.26624247431755066
v 0.028785476461052895 0.07898920029401779 0.2606523931026459
v 0.031161537393927574 0.07812739908695221 0.26189711689949036
v 0.03369338810443878 0.08095982670783997 0.2556949257850647
v 0.03133823350071907 0.08115808665752411 0.2546316981315613
v 0.03639717027544975 0.08588748425245285 0.24904599785804749
v 0.034968260675668716 0.08570575714111328 0.24647025763988495
v 0.03731879964470863 0.08666549623012543 0.24879178404808044
v 0.0396520234644413 0.0920049324631691 0.23411758244037628
v 0.037633705884218216 0.09552735090255737 0.2510482668876648
v 0.03771281987428665 0.08917180448770523 0.2607189416885376
v 0.03527168184518814 0.08158792555332184 0.2570648193359375
v 0.0327579490840435 0.0787367969751358 0.26309099793434143
v 0.03425319492816925 0.08425968140363693 0.2684548795223236
v 0.03102809749543667 0.07833454757928848 0.2666448652744293
v 0.03078620880842209 0.07937328517436981 0.2705635726451874
v 0.030565718188881874 0.08125142008066177 0.27384164929389954
v 0.03400707244873047 0.09102164953947067 0.27431437373161316
v 0.029431991279125214 0.0850512757897377 0.27918028831481934
v 0.028379935771226883 0.09234033524990082 0.28678658604621887
v 0.031246338039636612 0.0984170138835907 0.28033238649368286
v 0.02841651812195778 0.10525929927825928 0.2869655191898346
v 0.026852454990148544 0.09969978779554367 0.29333868622779846
v 0.025530891492962837 0.11090639978647232 0.29483678936958313
v 0.026913871988654137 0.11745021492242813 0.28518858551979065
v 0.020589789375662804 0.12201547622680664 0.2901441156864166
v 0.02809825912117958 0.12481078505516052 0.2730214297771454
v 0.01998702995479107 0.13127893209457397 0.2745511829853058
v 0.03205421194434166 0.11209473013877869 0.27902138233184814
v 0.03409687057137489 0.11929040402173996 0.26691263914108276
v 0.021037939935922623 0.14188289642333984 0.25735288858413696
v 0.030502356588840485 0.1354067176580429 0.2540868818759918
v 0.03697952255606651 0.12493471056222916 0.2501783072948456
v 0.01938297227025032 0.1138160228729248 0.30227792263031006
v 0.023038940504193306 0.10616128891706467 0.3008826673030853
v 0.01844814233481884 0.10999885201454163 0.3066194951534271
v 0.011061286553740501 0.14608924090862274 0.25807133316993713
v 0.012334632687270641 0.13570807874202728 0.27633750438690186
v 0.013973045162856579 0.1252455711364746 0.2931404113769531
v 0.01342979446053505 0.11560726165771484 0.30771005153656006
v 0.012949447147548199 0.11294969171285629 0.3105718195438385
v 0.03448573872447014 0.10530642420053482 0.2725313603878021
v 0.03637782856822014 0.09761427342891693 0.26613423228263855
v 0.03931308537721634 0.10499575734138489 0.25615692138671875
v 0.03738529235124588 0.11349557340145111 0.26244720816612244
v 0.04184684529900551 0.10299430787563324 0.23803754150867462
v 0.04141052067279816 0.11406934261322021 0.2425297051668167
v 0.0043096160516142845 0.15718889236450195 0.23991870880126953
v -0.0010148620931431651 0.15778504312038422 0.23929809033870697
v 0.00004280090070096776 0.16954688727855682 0.2198731154203415
v 0.006572913844138384 0.16896171867847443 0.21917949616909027
v 0.0010858917376026511 0.18071243166923523 0.1993119716644287
v 0.007159690838307142 0.18085704743862152 0.1969846487045288
v 0.0018216323805972934 0.191392719745636 0.18108882009983063
v 0.007455787621438503 0.19085638225078583 0.17965354025363922
v 0.0021307754795998335 0.19863472878932953 0.16427697241306305
v 0.007631340064108372 0.19766129553318024 0.1642739325761795
v 0.0023494719062000513 0.2049313187599182 0.1469356268644333
v 0.007839621976017952 0.20378105342388153 0.146718367934227
v 0.002389831468462944 0.2094345986843109 0.1292010247707367
v 0.007573775947093964 0.20856328308582306 0.1292814463376999
v 0.002389831468462944 0.2125670164823532 0.11434079706668854
v 0.006844291463494301 0.21196706593036652 0.11378974467515945
v 0.002389831468462944 0.2150813490152359 0.09826799482107162
v 0.007622375153005123 0.21408607065677643 0.09915382415056229
v 0.004767341539263725 0.2161717414855957 0.09196820110082626
v 0.008253097534179688 0.21484313905239105 0.08958911895751953
v 0.0036558913998305798 0.22441455721855164 0.09441099315881729
v 0.002389831468462944 0.2256426215171814 0.0996738001704216
v 0.002389831468462944 0.22644655406475067 0.0994940996170044
v 0.002389831468462944 0.22657078504562378 0.09432950615882874
v 0.0037949371617287397 0.2295975387096405 0.09210396558046341
v 0.002389831468462944 0.2297479212284088 0.09343957901000977
v 0.0037914656568318605 0.2341686338186264 0.09213238209486008
v 0.002389831468462944 0.23425397276878357 0.0936289131641388
v 0.0037743377033621073 0.23882406949996948 0.09256565570831299
v 0.002389831468462944 0.23889988660812378 0.09395946562290192
v 0.0033221435733139515 0.24175354838371277 0.09309305995702744
v 0.002389831468462944 0.24256974458694458 0.09387214481830597
v 0.006098556332290173 0.22002673149108887 0.08525298535823822
v 0.007532081566751003 0.21564453840255737 0.08093979954719543
v 0.012602729722857475 0.21342028677463531 0.08559531718492508
v 0.013083305209875107 0.21196314692497253 0.09762975573539734
v 0.022089652717113495 0.20566190779209137 0.09433335065841675
v 0.022325286641716957 0.20261754095554352 0.11029858142137527
v 0.03297054395079613 0.1911374032497406 0.10695479065179825
v 0.03279544785618782 0.19456660747528076 0.09008582681417465
v 0.04167930409312248 0.17767716944217682 0.10291419923305511
v 0.0419534295797348 0.18038234114646912 0.08535692095756531
v 0.04871711507439613 0.16229869425296783 0.09846548736095428
v 0.04900207370519638 0.1643659919500351 0.08106740564107895
v 0.053922004997730255 0.14469732344150543 0.09358192980289459
v 0.05388835817575455 0.14668616652488708 0.07681021094322205
v 0.033412475138902664 0.18674634397029877 0.1236172765493393
v 0.023666076362133026 0.19808189570903778 0.1265135407447815
v 0.024469908326864243 0.19247974455356598 0.1437014937400818
v 0.033656347543001175 0.18153558671474457 0.1407005786895752
v 0.041318777948617935 0.1692301332950592 0.13706956803798676
v 0.04139808565378189 0.1739414781332016 0.11980506777763367
v 0.047273099422454834 0.155959814786911 0.13284282386302948
v 0.04792487993836403 0.15982826054096222 0.11527076363563538
v 0.051378972828388214 0.14189183712005615 0.1283387988805771
v 0.052920300513505936 0.14305441081523895 0.1100638285279274
v 0.024497564882040024 0.1860295832157135 0.16101737320423126
v 0.03324905410408974 0.1752881556749344 0.15811696648597717
v 0.024523353204131126 0.1785726547241211 0.17865292727947235
v 0.03301456198096275 0.1682775914669037 0.1759379357099533
v 0.040537528693675995 0.16354794800281525 0.15465308725833893
v 0.04002845659852028 0.15716253221035004 0.1725037395954132
v 0.046375539153814316 0.1509547233581543 0.15085798501968384
v 0.04590423405170441 0.14494572579860687 0.1688661277294159
v 0.04969974234700203 0.13272416591644287 0.1645231544971466
v 0.05049934238195419 0.13821174204349518 0.14709126949310303
v 0.025225982069969177 0.16902679204940796 0.19775155186653137
v 0.03347347304224968 0.16061986982822418 0.19443485140800476
v 0.03375736251473427 0.15259358286857605 0.21285617351531982
v 0.026470031589269638 0.15807673335075378 0.21915137767791748
v 0.032022055238485336 0.14220799505710602 0.2382468432188034
v 0.022509612143039703 0.1500251144170761 0.2398224174976349
v 0.038762740790843964 0.1353486031293869 0.22796592116355896
v 0.04014217108488083 0.14213910698890686 0.21040667593479156
v 0.04030933231115341 0.14987686276435852 0.19124631583690643
v 0.044672850519418716 0.13057132065296173 0.2060496211051941
v 0.04197799414396286 0.12278492003679276 0.22475387156009674
v 0.04532882571220398 0.1380356401205063 0.1871993988752365
v 0.04655921831727028 0.11895180493593216 0.20148004591464996
v 0.048186302185058594 0.1261439472436905 0.18256787955760956
v 0.04318629950284958 0.11116138100624084 0.22106429934501648
v 0.015270843170583248 0.16537441313266754 0.21958062052726746
v 0.01513904519379139 0.17659135162830353 0.19837814569473267
v 0.014265403151512146 0.18741674721240997 0.18012920022010803
v 0.013969192281365395 0.19474345445632935 0.16311557590961456
v 0.014046248979866505 0.20103001594543457 0.14600780606269836
v 0.013154487125575542 0.20603503286838531 0.12902162969112396
v 0.012076720595359802 0.21009543538093567 0.11273439228534698
v 0.012400931678712368 0.15483936667442322 0.2402472198009491
v 0.042607381939888 0.09968752413988113 0.21883878111839294
v 0.04587741568684578 0.106533944606781 0.1988821029663086
v 0.04886627197265625 0.11231508105993271 0.1784396469593048
v 0.05146804824471474 0.11894726753234863 0.16184276342391968
v 0.05268970504403114 0.12320726364850998 0.14470216631889343
v 0.053842734545469284 0.12615451216697693 0.12651494145393372
v 0.055169522762298584 0.12779055535793304 0.10832062363624573
v 0.055884819477796555 0.1280226856470108 0.0899968221783638
v 0.05624675750732422 0.1282036304473877 0.07312705367803574
v 0.05374946445226669 0.14821462333202362 0.0577981173992157
v 0.04871169850230217 0.16582170128822327 0.06175641715526581
v 0.04153846576809883 0.18204398453235626 0.06643375754356384
v 0.0321313850581646 0.1967233568429947 0.0715971440076828
v 0.021473616361618042 0.20759490132331848 0.07613734900951385
v 0.022593574598431587 0.20664991438388824 0.05309095233678818
v 0.03226901963353157 0.19564859569072723 0.04919592663645744
v 0.04119684919714928 0.18171323835849762 0.045911744236946106
v 0.056300390511751175 0.13094912469387054 0.054638031870126724
v 0.013439826667308807 0.2133299559354782 0.07015985995531082
v 0.014464682899415493 0.21278811991214752 0.05621521174907684
v 0.01120506227016449 0.21438968181610107 0.07892704010009766
v 0.007587089203298092 0.216032475233078 0.05726787447929382
v 0.007318992633372545 0.2160883992910385 0.06996430456638336
v 0.004394798073917627 0.2238324135541916 0.056934017688035965
v 0.00429813377559185 0.22318507730960846 0.07140472531318665
v 0.005140990950167179 0.232428178191185 0.08120748400688171
v 0.004622192122042179 0.23383815586566925 0.08690539747476578
v 0.00430515268817544 0.23572121560573578 0.09021452069282532
v 0.0037767409812659025 0.23765245079994202 0.08777060359716415
v 0.00350437150336802 0.2394593060016632 0.0898037776350975
v 0.002389831468462944 0.23770716786384583 0.08765251189470291
v 0.002389831468462944 0.23963506519794464 0.08984562009572983
v 0.002389831468462944 0.24187305569648743 0.092035673558712
v 0.0033619690220803022 0.24143610894680023 0.09221218526363373
v 0.002389831468462944 0.24253436923027039 0.09286394715309143
v 0.00336875906214118 0.2416316419839859 0.0927010253071785
v 0.002389831468462944 0.23791232705116272 0.08664513379335403
v 0.003627624362707138 0.23708122968673706 0.0861540362238884
v 0.0035475920885801315 0.23975591361522675 0.08474504202604294
v 0.002389831468462944 0.24188068509101868 0.08462837338447571
v 0.00351715087890625 0.2459901124238968 0.08178785443305969
v 0.002389831468462944 0.24618394672870636 0.08248698711395264
v 0.0033559035509824753 0.2546353042125702 0.07668977975845337
v 0.002389831468462944 0.25562140345573425 0.07679195702075958
v 0.0032130430918186903 0.26221248507499695 0.07256191223859787
v 0.002389831468462944 0.26313841342926025 0.0725189745426178
v 0.0030686950776726007 0.27095112204551697 0.06746045500040054
v 0.002389831468462944 0.27080631256103516 0.06793564558029175
v 0.002389831468462944 0.28016605973243713 0.0620097815990448
v 0.0029006574768573046 0.2802138030529022 0.061687957495450974
v 0.00398674001917243 0.23916859924793243 0.09132814407348633
v 0.00400684354826808 0.25648123025894165 0.069329172372818
v 0.00416580168530345 0.26978930830955505 0.06404881179332733
v 0.004654426593333483 0.25383955240249634 0.050740860402584076
v 0.0028691482730209827 0.2617667615413666 0.047405894845724106
v 0.0033130263909697533 0.2756349742412567 0.05882582068443298
v 0.002389831468462944 0.2741549611091614 0.057317156344652176
v 0.002389831468462944 0.27756208181381226 0.058510854840278625
v 0.0029081343673169613 0.27733853459358215 0.05866255238652229
v 0.003038062946870923 0.28001633286476135 0.05826882645487785
v 0.002389831468462944 0.27983391284942627 0.05820782855153084
v 0.002389831468462944 0.2825164198875427 0.05693616718053818
v 0.0029598616529256105 0.28263282775878906 0.05702747777104378
v 0.002389831468462944 0.2619815766811371 0.047909215092659
v 0.002389831468462944 0.2628025412559509 0.04444558545947075
v 0.0027967451605945826 0.262977659702301 0.04431191459298134
v 0.002389831468462944 0.26485952734947205 0.04209914430975914
v 0.002855605911463499 0.2647744119167328 0.042062047868967056
v 0.002833785954862833 0.26743850111961365 0.03980778902769089
v 0.002389831468462944 0.2675051987171173 0.039708588272333145
v 0.002688255161046982 0.2694573700428009 0.03786495700478554
v 0.002389831468462944 0.2696480453014374 0.037810537964105606
v 0.0025434112176299095 0.26980289816856384 0.03727926313877106
v 0.002389831468462944 0.27028530836105347 0.03697441518306732
v 0.0024374770000576973 0.26985883712768555 0.03703036531805992
v 0.002389831468462944 0.270264595746994 0.03674355894327164
v 0.002389831468462944 0.2665523588657379 0.03852368891239166
v 0.0028529358096420765 0.26670610904693604 0.0385703444480896
v 0.002917327918112278 0.26353588700294495 0.03998269513249397
v 0.002389831468462944 0.2635906934738159 0.03986968845129013
v 0.0028712463099509478 0.25995540618896484 0.04150821268558502
v 0.002389831468462944 0.25938108563423157 0.04170412942767143
v 0.0030862807761877775 0.25728678703308105 0.041839923709630966
v 0.002389831468462944 0.2571171224117279 0.04154635965824127
v 0.002389831468462944 0.25185611844062805 0.04004455357789993
v 0.003400459187105298 0.2516676187515259 0.04022212326526642
v 0.002389831468462944 0.24737019836902618 0.0373079739511013
v 0.0029899596702307463 0.24634192883968353 0.038816049695014954
v 0.004600791726261377 0.24358180165290833 0.04286406561732292
v 0.004486618097871542 0.23972821235656738 0.033983588218688965
v 0.003132133511826396 0.24222227931022644 0.03250869736075401
v 0.0033116149716079235 0.24330949783325195 0.029971517622470856
v 0.0047750091180205345 0.24648252129554749 0.054981980472803116
v 0.0039443206042051315 0.240324929356575 0.07297205179929733
v 0.005806350614875555 0.23484088480472565 0.058820467442274094
v 0.004582366906106472 0.23127873241901398 0.05009985715150833
v 0.005242576356977224 0.220047265291214 0.04533049836754799
v 0.004901199135929346 0.22818538546562195 0.04073353111743927
v 0.0042997743003070354 0.21693044900894165 0.035701457411050797
v 0.008721427991986275 0.21527178585529327 0.04581218212842941
v 0.009736290201544762 0.21411509811878204 0.030820168554782867
v 0.014928817749023438 0.21214376389980316 0.044286590069532394
v 0.015688208863139153 0.21039746701717377 0.028737736865878105
v 0.023113859817385674 0.205205500125885 0.04059069976210594
v 0.02398914285004139 0.20292674005031586 0.024981040507555008
v 0.03238338232040405 0.1945285052061081 0.03669760748744011
v 0.03206535428762436 0.19262635707855225 0.021317072212696075
v 0.04064197465777397 0.18102659285068512 0.0328555591404438
v 0.03942359983921051 0.17966113984584808 0.017695352435112
v 0.04726024344563484 0.16545328497886658 0.028273338451981544
v 0.04809967800974846 0.16583968698978424 0.04279715567827225
v 0.0531935878098011 0.14894744753837585 0.03991447016596794
v 0.05200420320034027 0.14893470704555511 0.02484292723238468
v 0.045783594250679016 0.1647399365901947 0.013606872409582138
v 0.05054946616292 0.14864063262939453 0.009959107264876366
v 0.055842988193035126 0.13208195567131042 0.03750353679060936
v 0.05477897450327873 0.13236626982688904 0.0217373576015234
v 0.05319036543369293 0.13239915668964386 0.0071423971094191074
v 0.056174010038375854 0.11747556179761887 0.035792026668787
v 0.05514514818787575 0.11765855550765991 0.02029392682015896
v 0.05354018881917 0.1177002340555191 0.005801612511277199
v 0.05460180714726448 0.10427901893854141 0.0346045196056366
v 0.053664207458496094 0.10413572937250137 0.019245317205786705
v 0.04963301867246628 0.08640290051698685 0.03354028984904289
v 0.04890171065926552 0.0872565284371376 0.0182329174131155
v 0.05191118270158768 0.1038479208946228 0.004586492199450731
v 0.04741033539175987 0.08773583918809891 0.003372267121449113
v 0.039758604019880295 0.0694117546081543 0.018346380442380905
v 0.04061016067862511 0.06923048943281174 0.03333280608057976
v 0.037693385034799576 0.06960699707269669 0.002366202650591731
v 0.02766464091837406 0.055276382714509964 0.01847839541733265
v 0.025058116763830185 0.0552026592195034 0.0018024924211204052
v 0.01205875352025032 0.04416540637612343 0.01811273768544197
v 0.01159327570348978 0.04620567709207535 0.001092336024157703
v 0.0023423766251653433 0.04261729121208191 0.007186167873442173
v 0.0014889907324686646 0.04156734049320221 0.01829417794942856
v 0.05151687562465668 0.11740292608737946 -0.009937472641468048
v 0.0499277301132679 0.10354980081319809 -0.010861007496714592
v 0.04909675568342209 0.11712323874235153 -0.027849512174725533
v 0.04869585111737251 0.13171164691448212 -0.026947516947984695
v 0.04558582231402397 0.13130900263786316 -0.04813419282436371
v 0.04318473860621452 0.14592602849006653 -0.0459931306540966
v 0.046213340014219284 0.147197887301445 -0.02435954101383686
v 0.0388655848801136 0.16022242605686188 -0.0427081324160099
v 0.04164794832468033 0.1624392867088318 -0.02161574736237526
v 0.033304329961538315 0.17294801771640778 -0.040010422468185425
v 0.03579055890440941 0.17624466121196747 -0.01808212324976921
v 0.026824340224266052 0.18430554866790771 -0.036491502076387405
v 0.02886255271732807 0.18816709518432617 -0.01461323257535696
v 0.02049480378627777 0.19420963525772095 -0.033118315041065216
v 0.021434038877487183 0.19793075323104858 -0.012221047654747963
v 0.019615668803453445 0.19037915766239166 -0.052393920719623566
v 0.024691084399819374 0.18077239394187927 -0.055965032428503036
v 0.03056838922202587 0.16987520456314087 -0.05921357497572899
v 0.03586234897375107 0.1578488051891327 -0.06217961013317108
v 0.04019569233059883 0.14459119737148285 -0.06506597995758057
v 0.04234016314148903 0.13077083230018616 -0.06704171001911163
v 0.01481983158737421 0.2025739848613739 -0.029284734278917313
v 0.014512290246784687 0.20526355504989624 -0.009506061673164368
v 0.015144729055464268 0.1981264054775238 -0.04985036328434944
v 0.010614204220473766 0.20709463953971863 -0.028546951711177826
v 0.009894942864775658 0.20847803354263306 -0.00930820219218731
v 0.004878044128417969 0.2111944705247879 -0.013431132771074772
v 0.0051303100772202015 0.2105175405740738 -0.02634132280945778
v 0.009606361389160156 0.21389654278755188 -0.04590373858809471
v 0.010604667477309704 0.20539863407611847 -0.046881191432476044
v 0.045759011059999466 0.11700351536273956 -0.04885131120681763
v 0.042545318603515625 0.11677651852369308 -0.06819599121809006
v 0.04689617082476616 0.10278447717428207 -0.029060959815979004
v 0.043299026787281036 0.10253746062517166 -0.050392672419548035
v 0.04151923954486847 0.0867643877863884 -0.030108947306871414
v 0.037298813462257385 0.08639304339885712 -0.05083414539694786
v 0.03986312821507454 0.10235211998224258 -0.06878144294023514
v 0.033355023711919785 0.08663583546876907 -0.06855509430170059
v 0.03166477009654045 0.069981649518013 -0.03149549290537834
v 0.02712123841047287 0.07018934190273285 -0.050875551998615265
v 0.02329944632947445 0.07059542834758759 -0.06740324944257736
v 0.018066367134451866 0.05581972002983093 -0.033501412719488144
v 0.013755721971392632 0.055976733565330505 -0.05078234151005745
v 0.007584571838378906 0.051547810435295105 -0.057334695011377335
v 0.009202430956065655 0.0521555095911026 -0.03576936945319176
v 0.007352599874138832 0.05198029428720474 -0.05375375226140022
v 0.009937324561178684 0.0568346306681633 -0.08113960921764374
v 0.02100471407175064 0.07256404310464859 -0.08560740202665329
v 0.010625495575368404 0.06042546033859253 -0.10685236752033234
v 0.01860485039651394 0.07627078145742416 -0.10681513696908951
v 0.009856490418314934 0.06414089351892471 -0.126186802983284
v 0.0164628978818655 0.08092375844717026 -0.1297442764043808
v 0.00953472126275301 0.06950817257165909 -0.1392286866903305
v 0.02984027750790119 0.08798036724328995 -0.08667504787445068
v 0.026797674596309662 0.09084916114807129 -0.10515077412128448
v 0.0360516719520092 0.10254069417715073 -0.08683726191520691
v 0.03906475007534027 0.1163499504327774 -0.08661304414272308
v 0.0390034094452858 0.1298038810491562 -0.08582156151533127
v 0.036706503480672836 0.1428501456975937 -0.08381938934326172
v 0.03290325030684471 0.1552501767873764 -0.08075962215662003
v 0.028583679348230362 0.16612954437732697 -0.07584165036678314
v 0.023189391940832138 0.17668670415878296 -0.07167214155197144
v 0.01880565658211708 0.18582026660442352 -0.06920357048511505
v 0.015160675160586834 0.1942702978849411 -0.06644421070814133
v 0.01066745724529028 0.20321623980998993 -0.0610036663711071
v 0.009384650737047195 0.21528299152851105 -0.06770634651184082
v 0.003809700021520257 0.22815775871276855 -0.05524470657110214
v 0.003995628096163273 0.2230023890733719 -0.046825110912323
v 0.004128799308091402 0.21172237396240234 -0.02803519181907177
v 0.002389831468462944 0.212066650390625 -0.028988301753997803
v 0.002389831468462944 0.21147972345352173 -0.02581809274852276
v 0.003675918560475111 0.2110362946987152 -0.025817500427365303
v 0.002389831468462944 0.2230394184589386 -0.046306103467941284
v 0.003122215159237385 0.2155052125453949 -0.01757575199007988
v 0.002389831468462944 0.21618501842021942 -0.017400052398443222
v 0.004111328162252903 0.2179838865995407 -0.015149352140724659
v 0.002389831468462944 0.21885614097118378 -0.015911953523755074
v 0.002389831468462944 0.21784573793411255 -0.011249212548136711
v 0.003909759223461151 0.21744264662265778 -0.01162442285567522
v 0.0035612487699836493 0.21905194222927094 -0.0039429026655852795
v 0.002389831468462944 0.21949148178100586 -0.0037657825741916895
v 0.002389831468462944 0.2228170931339264 0.002271107630804181
v 0.003278007498010993 0.22234544157981873 0.002641687635332346
v 0.002389831468462944 0.22600005567073822 0.0029200080316513777
v 0.0031200789380818605 0.22652959823608398 0.0027304578106850386
v 0.002389831468462944 0.22839586436748505 0.002833547303453088
v 0.0035431289579719305 0.22811751067638397 0.002719297306612134
v 0.003449668874964118 0.2284238040447235 0.0041484772227704525
v 0.002389831468462944 0.22847618162631989 0.004199547227472067
v 0.0032405853271484375 0.22639822959899902 0.009183497168123722
v 0.002389831468462944 0.22642271220684052 0.009714447893202305
v 0.0032646560575813055 0.22767871618270874 0.014287976548075676
v 0.002389831468462944 0.22788415849208832 0.015015007928013802
v 0.0035219574347138405 0.23145753145217896 0.021120917052030563
v 0.002389831468462944 0.23220671713352203 0.021283237263560295
v 0.004125289618968964 0.23611240088939667 0.026862837374210358
v 0.002389831468462944 0.2377311885356903 0.02582486718893051
v 0.0034607695415616035 0.24164162576198578 0.02624702826142311
v 0.002389831468462944 0.2418641746044159 0.026112737134099007
v 0.003349914448335767 0.24680282175540924 0.02433362603187561
v 0.002389831468462944 0.24719077348709106 0.02396029606461525
v 0.002389831468462944 0.24730609357357025 0.025174858048558235
v 0.003413085825741291 0.24711953103542328 0.025101248174905777
v 0.002389831468462944 0.2434174120426178 0.030287668108940125
v 0.004967079032212496 0.22164218127727509 0.008643116801977158
v 0.004562797490507364 0.22229307889938354 0.017005397006869316
v 0.005749969277530909 0.21500645577907562 0.017586298286914825
v 0.0058258818462491035 0.21311692893505096 0.009443237446248531
v 0.010417137295007706 0.21176394820213318 0.011664937250316143
v 0.005839118734002113 0.2111598551273346 -0.0034118425101041794
v 0.016013888642191887 0.20781062543392181 0.0097432229667902
v 0.02337503433227539 0.20042262971401215 0.007231842260807753
v 0.03086288459599018 0.1905589997768402 0.004572812467813492
v 0.03789270296692848 0.1780778467655182 0.0011759924236685038
v 0.044101446866989136 0.1638728231191635 -0.0018448276678100228
v 0.0485478974878788 0.1481046974658966 -0.00565918767824769
v 0.05112360045313835 0.13174736499786377 -0.008664222434163094
v 0.004670143127441406 0.2153666615486145 0.027089547365903854
v 0.004625625442713499 0.22374148666858673 0.02515573613345623
v 0.004391364753246307 0.22582262754440308 0.03241770714521408
v 0.002389831468462944 0.2435891479253769 0.03170036897063255
v 0.0028185653500258923 0.28599098324775696 0.057630252093076706
v 0.002849922049790621 0.2837831974029541 0.05918093025684357
v 0.002389831468462944 0.28408172726631165 0.05932050943374634
v 0.002389831468462944 0.28610098361968994 0.05793367698788643
v 0.002389831468462944 0.2866283059120178 0.057222407311201096
v 0.0028342055156826973 0.28626549243927 0.056526824831962585
v 0.002389831468462944 0.2860910892486572 0.056124456226825714
v 0.002765502780675888 0.28542250394821167 0.0561862587928772
v 0.002389831468462944 0.28536567091941833 0.055998172610998154
v 0.0028691862244158983 0.28242775797843933 0.060132939368486404
v 0.002389831468462944 0.2824334502220154 0.060452546924352646
v 0.017007216811180115 0.1062730923295021 0.3051885962486267
v 0.018103180453181267 0.10403381288051605 0.3087885081768036
v 0.015018501318991184 0.10817469656467438 0.3081830143928528
v 0.015477637760341167 0.10679933428764343 0.3116050362586975
v 0.011460532434284687 0.11020144075155258 0.3115496039390564
v 0.01116203237324953 0.10917481034994125 0.3150661289691925
v 0.007001685909926891 0.11140470951795578 0.3134111762046814
v 0.007476424798369408 0.11063113063573837 0.31673404574394226
v 0.002389831468462944 0.11239603906869888 0.3148820698261261
v 0.002389831468462944 0.11126992106437683 0.3177383244037628
v 0.009614219889044762 0.09801089763641357 0.3120479881763458
v 0.002389831468462944 0.0954335555434227 0.31203243136405945
v 0.011976584792137146 0.09269707649946213 0.30793043971061707
v 0.002389831468462944 0.09051211923360825 0.3081749379634857
v 0.002389831468462944 0.08481938391923904 0.30238983035087585
v 0.014391440898180008 0.08623059839010239 0.3011888563632965
v 0.002389831468462944 0.07820038497447968 0.2932581603527069
v 0.014993362128734589 0.07974445819854736 0.2919659912586212
v 0.002389831468462944 0.07493957877159119 0.28724172711372375
v 0.0143283074721694 0.07613763958215714 0.28563374280929565
v 0.002389831468462944 0.06999540328979492 0.2741963267326355
v 0.015216216444969177 0.07210656255483627 0.27369049191474915
v 0.01735706254839897 0.06939579546451569 0.2611343562602997
v 0.002389831468462944 0.06500820070505142 0.2573092579841614
v 0.019855612888932228 0.06794454157352448 0.2502383291721344
v 0.002389831468462944 0.06204972043633461 0.24543499946594238
v 0.016828155145049095 0.06374137848615646 0.23837272822856903
v 0.02596050128340721 0.07093802839517593 0.24088630080223083
v 0.02498393878340721 0.06717698276042938 0.22701244056224823
v 0.031777191907167435 0.07562510669231415 0.2291383296251297
v 0.03163314610719681 0.07152892649173737 0.21254999935626984
v 0.036548078060150146 0.08186263591051102 0.21490952372550964
v 0.036661263555288315 0.07775633782148361 0.1943449229001999
v 0.041804730892181396 0.08883418887853622 0.19516369700431824
v 0.04218181595206261 0.08441737294197083 0.1748410314321518
v 0.04569423571228981 0.09534799307584763 0.17676711082458496
v 0.04523422196507454 0.08902837336063385 0.1587875485420227
v 0.04880569502711296 0.09903887659311295 0.15992654860019684
v 0.050318412482738495 0.09004975110292435 0.14277930557727814
v 0.05296657606959343 0.10094504058361053 0.14277693629264832
v 0.05463004857301712 0.09160488098859787 0.12661294639110565
v 0.054130591452121735 0.10071807354688644 0.124041847884655
v 0.04221569001674652 0.07804431021213531 0.14174741506576538
v 0.04434284195303917 0.08078604191541672 0.12295165657997131
v 0.050589025020599365 0.09137341380119324 0.1193874329328537
v 0.053049199283123016 0.10228335857391357 0.1063898429274559
v 0.04911407455801964 0.08950261771678925 0.10598362982273102
v 0.05362102389335632 0.10168275237083435 0.08863440901041031
v 0.04908008500933647 0.08721114695072174 0.0888332948088646
v 0.054030876606702805 0.10146938264369965 0.07048016786575317
v 0.04933151230216026 0.08587697893381119 0.07033869624137878
v 0.049582481384277344 0.0858466699719429 0.05135626718401909
v 0.05472293868660927 0.10303431004285812 0.051887333393096924
v 0.041437797248363495 0.07262355834245682 0.09040196985006332
v 0.04093025252223015 0.07015290856361389 0.07097045332193375
v 0.04077602177858353 0.06926359236240387 0.05178389325737953
v 0.03160903975367546 0.05983302369713783 0.09330606460571289
v 0.029656141996383667 0.05593087151646614 0.07218161970376968
v 0.02846839837729931 0.05429055169224739 0.052108023315668106
v 0.02826305292546749 0.05476447939872742 0.03386811539530754
v 0.017544975504279137 0.04809137061238289 0.09386442601680756
v 0.01303733792155981 0.04563743621110916 0.07276410609483719
v 0.010454902425408363 0.04408314451575279 0.05305955931544304
v 0.011359824799001217 0.04284682497382164 0.03258387744426727
v 0.004117546137422323 0.04192766919732094 0.09127184748649597
v 0.0018836974631994963 0.04079613462090492 0.07245168834924698
v -0.002558822510764003 0.040532324463129044 0.05824951082468033
v -0.00028366089100018144 0.04069003462791443 0.030553357675671577
v -0.0028723906725645065 0.04052678495645523 0.05729656666517258
v 0.002427978441119194 0.03517932817339897 0.08663912862539291
v 0.0010889434488490224 0.035915203392505646 0.07089608162641525
v 0.0018071746453642845 0.02773859351873398 0.0807851105928421
v 0.0003653716994449496 0.028916891664266586 0.06930800527334213
v 0.001998367253690958 0.021834636107087135 0.07437238097190857
v 0.0008579253917559981 0.022637275978922844 0.06578976660966873
v 0.0016352081438526511 0.016368044540286064 0.0668666809797287
v 0.0016648101154714823 0.01567266881465912 0.07879111915826797
v 0.0024738693609833717 0.022876758128404617 0.08968731760978699
v 0.0032779311295598745 0.014734377153217793 0.09148899465799332
v 0.0035612487699836493 0.008034600876271725 0.08261247724294662
v 0.0028570175636559725 0.004943127743899822 0.07657473534345627
v 0.00140575401019305 0.008001766167581081 0.06770305335521698
v 0.0037923811469227076 0.03284123167395592 0.11104356497526169
v 0.005378989968448877 0.04149912670254707 0.11906998604536057
v 0.019311675801873207 0.05095212906599045 0.11789445579051971
v 0.034568022936582565 0.06570135802030563 0.11673076450824738
v 0.04252155125141144 0.07659639418125153 0.10940153896808624
v 0.031120453029870987 0.06405375152826309 0.13983140885829926
v 0.03830097243189812 0.07615616917610168 0.15876798331737518
v 0.027341995388269424 0.06235155090689659 0.1588412970304489
v 0.01721298135817051 0.05267944559454918 0.1416764110326767
v 0.013667907565832138 0.05280670151114464 0.16002881526947021
v 0.03490753099322319 0.07127213478088379 0.1758401095867157
v 0.022766495123505592 0.058799028396606445 0.1768084466457367
v 0.002389831468462944 0.0518065020442009 0.17723751068115234
v 0.028955115005373955 0.06630486249923706 0.1947871744632721
v 0.01651100069284439 0.05700703337788582 0.19457988440990448
v 0.002389831468462944 0.05469820275902748 0.1968771517276764
v 0.021750982850790024 0.06267599761486053 0.21154308319091797
v 0.001993370009586215 0.0565754771232605 0.21238619089126587
v 0.015014381147921085 0.06078379973769188 0.22626864910125732
v 0.002389831468462944 0.059245288372039795 0.22744469344615936
v 0.002432594308629632 0.05977768823504448 0.2348359376192093
v 0.002389831468462944 0.05000130459666252 0.15934498608112335
v 0.002389831468462944 0.04861931875348091 0.14739325642585754
v 0.002389831468462944 0.04103364050388336 0.12046393752098083
v 0.002389831468462944 0.03417588025331497 0.11501572281122208
v 0.002228164579719305 0.021267417818307877 0.10121072828769684
v 0.003361778100952506 0.021837681531906128 0.10102731734514236
v 0.0018441772554069757 0.014459380879998207 0.09159190952777863
v 0.0016232681227847934 0.008207220584154129 0.08274699747562408
v 0.0023232267703861 0.005029797554016113 0.07640912383794785
v 0.0026736832223832607 0.0007711982470937073 0.06926031410694122
v 0.0027256393805146217 -0.0006966256769374013 0.06231129169464111
v 0.002636489924043417 -0.0008727836539037526 0.06243126839399338
v 0.0021056747063994408 0.0007352065877057612 0.06901798397302628
v 0.0021686935797333717 0.00017949103494174778 0.059167709201574326
v 0.0023447799030691385 0.0000906467394088395 0.059265706688165665
v 0.0015494918916374445 0.002299032174050808 0.056995689868927
v 0.0013596725184470415 0.0023551892954856157 0.056927017867565155
v -0.00045497893006540835 0.013888726010918617 0.053711459040641785
v -0.0003639602509792894 0.014212541282176971 0.053616274148225784
v -0.0004949187859892845 0.015643401071429253 0.0538681223988533
v -0.0003400039568077773 0.015551185235381126 0.05386196821928024
v -0.0009278106736019254 0.0195078756660223 0.05366341397166252
v -0.0010786819038912654 0.019382623955607414 0.053678859025239944
v -0.0018691634759306908 0.02401391975581646 0.054204653948545456
v -0.0015668869018554688 0.024182014167308807 0.054255351424217224
v -0.0022893904242664576 0.031748201698064804 0.055306967347860336
v -0.002546119736507535 0.0319809764623642 0.05515385419130325
v -0.0027016829699277878 0.04053283482789993 0.05827696993947029
v 0.03995002806186676 0.09002086520195007 0.21713270246982574
v 0.044050175696611404 0.09696580469608307 0.19721244275569916
v 0.04734642058610916 0.10319612920284271 0.17799125611782074
v 0.05108127370476723 0.10819578915834427 0.16085582971572876
v 0.05353099852800369 0.11196773499250412 0.14351080358028412
v 0.055620841681957245 0.11385669559240341 0.1254383623600006
v 0.05509914457798004 0.11517300456762314 0.10729201883077621
v 0.05571125075221062 0.11507502943277359 0.0892372652888298
v 0.05600826069712639 0.11520614475011826 0.07137507945299149
v 0.05650203675031662 0.11655404418706894 0.05278705060482025
v 0.036320190876722336 0.08381956815719604 0.23186710476875305
v 0.03170761093497276 0.07915418595075607 0.2437255084514618
v 0.0272133257240057 0.0751408189535141 0.2522994875907898
v 0.024133872240781784 0.07380243390798569 0.25956252217292786
v 0.022833555936813354 0.07417725026607513 0.2647607624530792
v 0.02320018783211708 0.07699400931596756 0.2733810544013977
v 0.023423919454216957 0.08053606003522873 0.28252631425857544
v 0.023125266656279564 0.08422470092773438 0.2908380329608917
v 0.021195106208324432 0.09018190950155258 0.2994903028011322
v 0.018105925992131233 0.09622769802808762 0.30576425790786743
v 0.015001029707491398 0.10159258544445038 0.31067559123039246
v 0.010394547134637833 0.050045259296894073 -0.01864190772175789
v 0.002389831468462944 0.043839216232299805 -0.003588552586734295
v 0.002389831468462944 0.046542584896087646 -0.02097902074456215
v 0.021213339641690254 0.054779309779405594 -0.01548317726701498
v 0.03488166630268097 0.06978791952133179 -0.014070402830839157
v 0.044667355716228485 0.08721230924129486 -0.012302187271416187
v 0.002389831468462944 0.04867016151547432 -0.03370443359017372
v 0.002389831468462944 0.05000203102827072 -0.04131826385855675
v 0.002389831468462944 0.04997316747903824 -0.052708499133586884
v 0.002389831468462944 0.04587197303771973 -0.061870794743299484
v 0.004685936030000448 0.04699498042464256 -0.06308115273714066
v 0.002389831468462944 0.03908287733793259 -0.07148878276348114
v 0.0047177504748106 0.03911132365465164 -0.07155746966600418
v 0.006353836040943861 0.04745594412088394 -0.06460502743721008
v 0.006041564978659153 0.041918687522411346 -0.0720888003706932
v 0.005817069672048092 0.03523024916648865 -0.08405463397502899
v 0.0046358490362763405 0.03210519254207611 -0.08425519615411758
v 0.005707969423383474 0.029487108811736107 -0.09420648217201233
v 0.004065780434757471 0.025600595399737358 -0.09366927295923233
v 0.005431709345430136 0.02252086065709591 -0.10733788460493088
v 0.004629325587302446 0.019284013658761978 -0.10752405226230621
v 0.006365280132740736 0.014450373128056526 -0.12139872461557388
v 0.004145698621869087 0.010125136002898216 -0.12298768013715744
v 0.007378196343779564 0.012081189081072807 -0.1332213431596756
v 0.004330405965447426 0.006116413976997137 -0.1364714354276657
v 0.007511673029512167 0.01186619233340025 -0.1402110904455185
v 0.004874496255069971 0.006695246323943138 -0.14654241502285004
v 0.00800678227096796 0.016192598268389702 -0.15163801610469818
v 0.006712913513183594 0.010958433151245117 -0.15827620029449463
v 0.008477440103888512 0.021534990519285202 -0.1644887924194336
v 0.006371498107910156 0.0179196298122406 -0.17014314234256744
v 0.007977332919836044 0.0265057273209095 -0.16978229582309723
v 0.00628536194562912 0.02280854620039463 -0.17562970519065857
v 0.007694778498262167 0.03140677511692047 -0.1735161393880844
v 0.006033516023308039 0.02768736332654953 -0.17938518524169922
v 0.004955100826919079 0.03500235453248024 -0.1845809668302536
v 0.006808662321418524 0.03961286321282387 -0.17851673066616058
v 0.004756889306008816 0.043437279760837555 -0.1883963793516159
v 0.006556701380759478 0.04710520803928375 -0.1825336366891861
v 0.0030084990430623293 0.06011992320418358 -0.19349628686904907
v 0.007150725927203894 0.061980944126844406 -0.18644076585769653
v 0.0030487822368741035 0.07343889772891998 -0.19392122328281403
v 0.006338309962302446 0.07560110092163086 -0.18627119064331055
v 0.002821769565343857 0.08149733394384384 -0.18816030025482178
v 0.005762062035501003 0.08217468857765198 -0.18134213984012604
v 0.003577346680685878 0.0862099900841713 -0.17622989416122437
v 0.005738105624914169 0.08509983867406845 -0.1746544986963272
v 0.004347076173871756 0.08938886225223541 -0.17021910846233368
v 0.0057701109908521175 0.08694151043891907 -0.16506370902061462
v 0.010322989895939827 0.09322936832904816 -0.17277789115905762
v 0.011122779920697212 0.09239043295383453 -0.16454574465751648
v 0.016422614455223083 0.09948268532752991 -0.16477665305137634
v 0.015058250166475773 0.1004386618733406 -0.17566214501857758
v 0.018457945436239243 0.10913154482841492 -0.1745256930589676
v 0.02050662972033024 0.10826032608747482 -0.16329370439052582
v 0.01632861979305744 0.10939494520425797 -0.1857578009366989
v 0.013661880046129227 0.1008022204041481 -0.18665017187595367
v 0.009930839762091637 0.09368883818387985 -0.1799958348274231
v 0.00948764756321907 0.09418702870607376 -0.18679027259349823
v 0.012635955587029457 0.08920630067586899 -0.1553211808204651
v 0.008437003940343857 0.08265869319438934 -0.1575540453195572
v 0.01469219196587801 0.08503366261720657 -0.14378640055656433
v 0.017775190994143486 0.09722255170345306 -0.15281057357788086
v 0.01925029791891575 0.09304562956094742 -0.14006055891513824
v 0.0251041017472744 0.09628354012966156 -0.12239766120910645
v 0.03254257142543793 0.10334472358226776 -0.10434368997812271
v 0.0356312170624733 0.11554259806871414 -0.10348518937826157
v 0.03586513549089432 0.12860345840454102 -0.10212160646915436
v 0.03400913253426552 0.14063233137130737 -0.1003420427441597
v 0.030111121013760567 0.15243098139762878 -0.09733633697032928
v 0.02542472817003727 0.16299563646316528 -0.0948529914021492
v 0.020186806097626686 0.173756942152977 -0.09259262681007385
v 0.015675926581025124 0.1834847629070282 -0.09213487058877945
v 0.011295890435576439 0.19608575105667114 -0.08675119280815125
v 0.010930289514362812 0.20112161338329315 -0.07290174067020416
v 0.008656882680952549 0.2139771580696106 -0.0831310823559761
v 0.00957569107413292 0.21284307539463043 -0.09516897797584534
v 0.01430946309119463 0.17928041517734528 -0.10705040395259857
v 0.01798572577536106 0.17080193758010864 -0.10803312808275223
v 0.023298148065805435 0.15889714658260345 -0.1104254499077797
v 0.027372360229492188 0.15049861371517181 -0.11183436959981918
v 0.03156871721148491 0.13813814520835876 -0.11438281834125519
v 0.03305152803659439 0.12829847633838654 -0.11671864986419678
v 0.03218715637922287 0.11423041671514511 -0.11913321167230606
v 0.029441986232995987 0.10515210777521133 -0.12068954855203629
v 0.014563903212547302 0.17035892605781555 -0.12171728909015656
v 0.02330394648015499 0.1524677574634552 -0.12225553393363953
v 0.030326614156365395 0.13267575204372406 -0.1265009045600891
v 0.027684401720762253 0.10887470841407776 -0.13303834199905396
v 0.020318640395998955 0.14907260239124298 -0.13969485461711884
v 0.026433829218149185 0.13351793587207794 -0.1432289481163025
v 0.026199912652373314 0.11691052466630936 -0.1479438990354538
v 0.022683067247271538 0.10678554326295853 -0.1508229523897171
v 0.014756088145077229 0.16244174540042877 -0.13502441346645355
v 0.009869040921330452 0.17410509288311005 -0.1330542117357254
v 0.008936729282140732 0.1814851313829422 -0.12314913421869278
v 0.005992851220071316 0.18581058084964752 -0.1387614756822586
v 0.00961536355316639 0.18084025382995605 -0.14321377873420715
v 0.010020256042480469 0.18379628658294678 -0.116323322057724
v 0.007541503757238388 0.19528767466545105 -0.1290401667356491
v 0.010364341549575329 0.19153809547424316 -0.13422375917434692
v 0.006575813051313162 0.2067015916109085 -0.14372991025447845
v 0.009352645836770535 0.2004949003458023 -0.14756618440151215
v 0.0033712005242705345 0.21634960174560547 -0.15789176523685455
v 0.004497871268540621 0.2083330899477005 -0.16300193965435028
v 0.005690651014447212 0.1932934671640396 -0.152008056640625
v 0.007845725864171982 0.18709929287433624 -0.15526948869228363
v 0.0042138672433793545 0.19144991040229797 -0.16815336048603058
v 0.004074897617101669 0.20058377087116241 -0.16517601907253265
v 0.004321098327636719 0.18298326432704926 -0.1680884063243866
v 0.007579497992992401 0.18217256665229797 -0.15728096663951874
v 0.006564521696418524 0.1762300580739975 -0.15964417159557343
v 0.004602164961397648 0.1736954003572464 -0.16630281507968903
v 0.002389831468462944 0.16640733182430267 -0.1548158824443817
v 0.006602363660931587 0.17058396339416504 -0.1534256786108017
v 0.00759342173114419 0.16444751620292664 -0.1523313820362091
v 0.009182739071547985 0.16965413093566895 -0.14345873892307281
v 0.0068987272679805756 0.17691747844219208 -0.14753583073616028
v 0.012652968987822533 0.16001974046230316 -0.14580921828746796
v 0.011483420617878437 0.15720555186271667 -0.15395162999629974
v 0.005739135667681694 0.16028030216693878 -0.1635190099477768
v 0.002389831468462944 0.1613515019416809 -0.16416995227336884
v 0.004218787886202335 0.1589207947254181 -0.1769314706325531
v 0.002389831468462944 0.15970447659492493 -0.17641431093215942
v 0.0091733168810606 0.15539543330669403 -0.16634562611579895
v 0.00882873497903347 0.15419790148735046 -0.17765183746814728
v 0.01817905344069004 0.14775481820106506 -0.14914186298847198
v 0.01719135232269764 0.14669522643089294 -0.1550048440694809
v 0.02354537881910801 0.13375504314899445 -0.1532244086265564
v 0.02226589061319828 0.13374313712120056 -0.1579531729221344
v 0.023194579407572746 0.1195041760802269 -0.16148027777671814
v 0.01440254133194685 0.14582552015781403 -0.1679152101278305
v 0.018664207309484482 0.13399021327495575 -0.17037822306156158
v 0.020208587870001793 0.12052979320287704 -0.1728772521018982
v 0.012264479883015156 0.14629271626472473 -0.17966239154338837
v 0.01575065590441227 0.13453978300094604 -0.18188105523586273
v 0.017344055697321892 0.12075935304164886 -0.1840437650680542
v 0.007875251583755016 0.15586137771606445 -0.19086116552352905
v 0.003667373675853014 0.1605152040719986 -0.18927711248397827
v 0.004027977120131254 0.16368705034255981 -0.20130641758441925
v 0.002389831468462944 0.16465160250663757 -0.2012425810098648
v 0.002389831468462944 0.17061151564121246 -0.21578900516033173
v 0.004195594694465399 0.16976787149906158 -0.21624799072742462
v 0.002389831468462944 0.16120290756225586 -0.18909406661987305
v 0.00786033645272255 0.1581694632768631 -0.2035675048828125
v 0.00799964927136898 0.1627129316329956 -0.21852651238441467
v 0.002389831468462944 0.1789897233247757 -0.23110182583332062
v 0.003646316472440958 0.17854492366313934 -0.23122742772102356
v 0.0033272933214902878 0.18687297403812408 -0.24393969774246216
v 0.002389831468462944 0.1879475861787796 -0.2442704737186432
v 0.007225913926959038 0.17541006207466125 -0.24891389906406403
v 0.00769603718072176 0.1687673032283783 -0.23468753695487976
v 0.002389831468462944 0.1930328905582428 -0.2544022798538208
v 0.003189735347405076 0.1928243190050125 -0.2549625039100647
v 0.002389831468462944 0.19973620772361755 -0.26742953062057495
v 0.003323211567476392 0.19883817434310913 -0.26783084869384766
v 0.006506652571260929 0.18190410733222961 -0.26120516657829285
v 0.006372642237693071 0.1864200234413147 -0.2762015163898468
v 0.002389831468462944 0.2061917781829834 -0.28017282485961914
v 0.0033228301908820868 0.20543272793293 -0.2800951600074768
v 0.0029561996925622225 0.20507344603538513 -0.2933039367198944
v 0.002389831468462944 0.20577609539031982 -0.29332736134529114
v 0.005537147168070078 0.19129706919193268 -0.28834080696105957
v 0.003920059185475111 0.1927320808172226 -0.30069980025291443
v 0.002389831468462944 0.19341441988945007 -0.3017847239971161
v 0.010329131968319416 0.1605621725320816 -0.2518516182899475
v 0.009770927019417286 0.15554547309875488 -0.236806258559227
v 0.009506416507065296 0.14265500009059906 -0.25377845764160156
v 0.010277137160301208 0.1398567408323288 -0.23875831067562103
v 0.009211082011461258 0.12421084940433502 -0.2538457214832306
v 0.010573997162282467 0.12302106618881226 -0.23934070765972137
v 0.009852790273725986 0.15152508020401 -0.22130908071994781
v 0.010626220144331455 0.1374390572309494 -0.22344864904880524
v 0.011836814694106579 0.13582557439804077 -0.20831581950187683
v 0.01033531129360199 0.148695170879364 -0.20617710053920746
v 0.011120452545583248 0.12150479853153229 -0.2247215062379837
v 0.012729949317872524 0.12017737329006195 -0.21006524562835693
v 0.013358917087316513 0.13516591489315033 -0.1950560212135315
v 0.010956306010484695 0.14741487801074982 -0.19299231469631195
v 0.014796752482652664 0.12045125663280487 -0.19709943234920502
v 0.008366584777832031 0.1454198807477951 -0.2689167559146881
v 0.009707755409181118 0.16624712944030762 -0.26679521799087524
v 0.006959609687328339 0.14714030921459198 -0.284140020608902
v 0.008206138387322426 0.12420862168073654 -0.28502795100212097
v 0.008548431098461151 0.12469591200351715 -0.26892268657684326
v 0.007567787077277899 0.16991004347801208 -0.2813895642757416
v 0.00508461007848382 0.14804582297801971 -0.30031415820121765
v 0.005691795144230127 0.17608340084552765 -0.2951084077358246
v 0.0034986494574695826 0.18116562068462372 -0.30660581588745117
v 0.0044927215203642845 0.1489134430885315 -0.3170008957386017
v 0.006688270252197981 0.12199092656373978 -0.3014462888240814
v 0.004591026343405247 0.1136540025472641 -0.32205161452293396
v 0.002389831468462944 0.18164245784282684 -0.3082842230796814
v 0.002389831468462944 0.14923398196697235 -0.32000404596328735
v 0.002389831468462944 0.11185264587402344 -0.3253729045391083
v 0.00446041114628315 0.09582395106554031 -0.3185442090034485
v 0.002389831468462944 0.09529373049736023 -0.3211340010166168
v 0.0059661865234375 0.07937563955783844 -0.3130630552768707
v 0.0072801969945430756 0.08322031795978546 -0.2967657744884491
v 0.005918731447309256 0.06971155852079391 -0.30709895491600037
v 0.007566375657916069 0.07322679460048676 -0.29189783334732056
v 0.006897354032844305 0.10109155625104904 -0.2994915246963501
v 0.002389831468462944 0.07777370512485504 -0.3159950375556946
v 0.002389831468462944 0.06795378029346466 -0.310465544462204
v 0.0069432067684829235 0.06499472260475159 -0.2874184250831604
v 0.002389831468462944 0.060457028448581696 -0.3037642538547516
v 0.009243583306670189 0.10363604128360748 -0.28316134214401245
v 0.008567390032112598 0.08745521306991577 -0.27875804901123047
v 0.010038642212748528 0.10593254119157791 -0.26738396286964417
v 0.009758148342370987 0.08986250311136246 -0.26399844884872437
v 0.008420447818934917 0.07733570039272308 -0.27506616711616516
v 0.008630981668829918 0.08138398081064224 -0.2610505521297455
v 0.007587776053696871 0.0685722827911377 -0.27184417843818665
v 0.008166122250258923 0.0734366849064827 -0.25833913683891296
v 0.002389831468462944 0.06341077387332916 -0.26835161447525024
v 0.002389831468462944 0.06859409809112549 -0.25597599148750305
v 0.010676688514649868 0.10681340098381042 -0.2530990242958069
v 0.010209312662482262 0.09222689270973206 -0.2510095238685608
v 0.009783897548913956 0.09475017338991165 -0.2381967157125473
v 0.009088973514735699 0.08478216081857681 -0.248641699552536
v 0.00960262306034565 0.08758764714002609 -0.23670010268688202
v 0.009921951219439507 0.10746366530656815 -0.2391270250082016
v 0.008021621964871883 0.08210795372724533 -0.23567494750022888
v 0.008361549116671085 0.07789427042007446 -0.24646608531475067
v 0.002389831468462944 0.07384448498487473 -0.24490639567375183
v 0.002389831468462944 0.07855437695980072 -0.23466423153877258
v 0.011319007724523544 0.1077781617641449 -0.22471708059310913
v 0.011075935326516628 0.09639669954776764 -0.2233341932296753
v 0.01163989957422018 0.09805390238761902 -0.2109323889017105
v 0.009630545973777771 0.0933086946606636 -0.2098950296640396
v 0.009909057058393955 0.09089986234903336 -0.22304406762123108
v 0.012620620429515839 0.10832544416189194 -0.21083156764507294
v 0.012332115322351456 0.099538154900074 -0.19884221255779266
v 0.014383849687874317 0.10885433107614517 -0.1983797550201416
v 0.009324302896857262 0.09391575306653976 -0.19840295612812042
v 0.006355590652674437 0.0896281898021698 -0.2094489485025406
v 0.006076316814869642 0.09117606282234192 -0.1983032524585724
v 0.002389831468462944 0.08954433351755142 -0.19957298040390015
v 0.002389831468462944 0.08763446658849716 -0.2091113030910492
v 0.002389831468462944 0.08304139971733093 -0.22232745587825775
v 0.007824096828699112 0.08685088157653809 -0.22249583899974823
v 0.00503337848931551 0.09122779965400696 -0.1884186714887619
v 0.004346656613051891 0.09071136265993118 -0.18036872148513794
v 0.002389831468462944 0.09024417400360107 -0.1808173656463623
v 0.002389831468462944 0.09069911390542984 -0.18979953229427338
v 0.002389831468462944 0.0891428291797638 -0.17131350934505463
v 0.002389831468462944 0.08684168756008148 -0.1766122728586197
v 0.002389831468462944 0.08144965767860413 -0.18847987055778503
v 0.002389831468462944 0.07337077707052231 -0.1940625160932541
v 0.002389831468462944 0.06175149232149124 -0.1938367784023285
v 0.002389831468462944 0.04364332556724548 -0.18920008838176727
v 0.002389831468462944 0.03442847356200218 -0.18509896099567413
v 0.002389831468462944 0.027392834424972534 -0.1805931031703949
v 0.002389831468462944 0.02276325598359108 -0.17669089138507843
v 0.002389831468462944 0.01736828312277794 -0.17194005846977234
v 0.002389831468462944 0.010218434035778046 -0.16021226346492767
v 0.002389831468462944 0.006383085157722235 -0.1478937268257141
v 0.002389831468462944 0.006917619612067938 -0.13863205909729004
v 0.002389831468462944 0.0092926025390625 -0.12379854917526245
v 0.002389831468462944 0.018665989860892296 -0.10970011353492737
v 0.002389831468462944 0.024881448596715927 -0.09331166744232178
v 0.002389831468462944 0.03152644261717796 -0.08510376513004303
v 0.001101264962926507 0.007978077046573162 0.0815967544913292
v 0.0023232267703861 0.005029797554016113 0.07640912383794785
v 0.0016644668066874146 0.0052930256351828575 0.0759061798453331
v 0.0016232681227847934 0.008207220584154129 0.08274699747562408
v 0.00034427642822265625 0.01483712624758482 0.07752559334039688
v -0.000036277771869208664 0.0070380354300141335 0.0669080838561058
v 0.0016254805959761143 0.0006199026247486472 0.068241648375988
v 0.0024396132212132215 -0.000878453254699707 0.06243513152003288
v 0.0005028915475122631 0.01567787118256092 0.0913645550608635
v 0.0005552291986532509 0.021987590938806534 0.0894012451171875
v -0.0008744430379010737 0.026236286386847496 0.07921262085437775
v -0.0009631728753447533 0.02025688998401165 0.07206154614686966
v -0.0012218093033879995 0.028916891664266586 0.06930800527334213
v -0.0007808685186319053 0.035915203392505646 0.07089608162641525
v -0.001468658447265625 0.034671682864427567 0.08633410930633545
v -0.0017274093115702271 0.04079613462090492 0.07245168834924698
v -0.000841598492115736 0.04192766919732094 0.09127184748649597
v -0.01565227471292019 0.04662912338972092 0.07333800941705704
v -0.015799788758158684 0.04808333143591881 0.09408937394618988
v -0.02941562607884407 0.06017838045954704 0.09357202053070068
v -0.028482969850301743 0.05751018226146698 0.07274860143661499
v -0.03923732787370682 0.07335789501667023 0.09077021479606628
v -0.03889884799718857 0.07102034986019135 0.07154706120491028
v -0.04665553942322731 0.0856575295329094 0.07053820788860321
v -0.04647018387913704 0.08717313408851624 0.08902158588171005
v -0.05137203261256218 0.10087937861680984 0.07054445892572403
v -0.05089215934276581 0.10119841247797012 0.08891133964061737
v -0.051689013838768005 0.10080671310424805 0.05285691097378731
v -0.046675071120262146 0.08503769338130951 0.05234099179506302
v -0.04652347415685654 0.0846913605928421 0.03539332002401352
v -0.051648616790771484 0.10158190131187439 0.03498879820108414
v -0.038468435406684875 0.06961463391780853 0.05245961248874664
v -0.037835195660591125 0.06893914937973022 0.03462538495659828
v -0.02771129459142685 0.05625280365347862 0.05324948579072952
v -0.02642749808728695 0.05543197691440582 0.0347791463136673
v -0.015314635820686817 0.04585695639252663 0.05428585037589073
v -0.011823958717286587 0.04430011659860611 0.03376206010580063
v -0.0029275512788444757 0.04053286463022232 0.058278560638427734
v -0.0028723906725645065 0.04052678495645523 0.05729656666517258
v -0.00028366089100018144 0.04069003462791443 0.030553357675671577
v -0.0533796101808548 0.11472917348146439 0.07134918868541718
v -0.05307483673095703 0.11505593359470367 0.08971431851387024
v -0.053507763892412186 0.13057830929756165 0.0735192522406578
v -0.05324537307024002 0.12989076972007751 0.0915885791182518
v -0.05116228014230728 0.14762866497039795 0.07665197551250458
v -0.05106126517057419 0.1488548219203949 0.05785268545150757
v -0.04605037719011307 0.1663028746843338 0.0617930144071579
v -0.04629974439740181 0.165089949965477 0.08087765425443649
v -0.05114959552884102 0.1457725465297699 0.09425108879804611
v -0.046015433967113495 0.16284053027629852 0.09855379909276962
v -0.03915775194764137 0.1810687780380249 0.08517513424158096
v -0.03887050598859787 0.178351491689682 0.10290917009115219
v -0.03045501559972763 0.19450093805789948 0.08938586711883545
v -0.030269775539636612 0.19145113229751587 0.10679475218057632
v -0.019976120442152023 0.20546649396419525 0.09332824498414993
v -0.02013801597058773 0.2024797648191452 0.11022361367940903
v -0.03029792755842209 0.18749475479125977 0.12383386492729187
v -0.020723074674606323 0.19835729897022247 0.12691625952720642
v -0.021223869174718857 0.19326519966125488 0.1441127508878708
v -0.030399702489376068 0.182524174451828 0.14106641709804535
v -0.038467176258563995 0.16992305219173431 0.13741116225719452
v -0.03858020529150963 0.17446571588516235 0.12001726031303406
v -0.042493436485528946 0.155959814786911 0.13284282386302948
v -0.04525917023420334 0.16025103628635406 0.11576240509748459
v -0.048809926956892014 0.14188824594020844 0.12924528121948242
v -0.0500340461730957 0.14400868117809296 0.11187373846769333
v -0.021083183586597443 0.18685711920261383 0.1614280343055725
v -0.029879607260227203 0.17639555037021637 0.15853086113929749
v -0.01974369026720524 0.1785726547241211 0.17865292727947235
v -0.029800299555063248 0.1691175103187561 0.17645812034606934
v -0.03775196149945259 0.16410161554813385 0.15512636303901672
v -0.03731780871748924 0.15747275948524475 0.1731448769569397
v -0.04377048462629318 0.15152117609977722 0.15122392773628235
v -0.04307582601904869 0.14525923132896423 0.16937316954135895
v -0.04811843857169151 0.137661874294281 0.14767782390117645
v -0.047131460160017014 0.13254821300506592 0.1653134822845459
v -0.03022952936589718 0.16139031946659088 0.19488246738910675
v -0.020329970866441727 0.16909469664096832 0.19764089584350586
v -0.03042243979871273 0.15331122279167175 0.21297675371170044
v -0.022354507818818092 0.1580299586057663 0.21883657574653625
v -0.030415495857596397 0.14126941561698914 0.239005446434021
v -0.022351721301674843 0.149006649851799 0.24065271019935608
v -0.03717964142560959 0.15034091472625732 0.1915063112974167
v -0.03688495606184006 0.14290004968643188 0.21004821360111237
v -0.03511524200439453 0.1353486031293869 0.22796592116355896
v -0.04062274843454361 0.13080675899982452 0.20618002116680145
v -0.03729335591197014 0.12278492003679276 0.22475387156009674
v -0.0428556427359581 0.13854902982711792 0.1877182126045227
v -0.041779518127441406 0.11895180493593216 0.20148004591464996
v -0.043406639248132706 0.1261439472436905 0.18256787955760956
v -0.03840663656592369 0.11116138100624084 0.22106429934501648
v -0.012668609619140625 0.17693625390529633 0.19954152405261993
v -0.012012481689453125 0.1868891417980194 0.18094369769096375
v -0.011376304551959038 0.19475555419921875 0.1635582000017166
v -0.010973014868795872 0.20137813687324524 0.14626199007034302
v -0.010301551781594753 0.20619405806064606 0.12913969159126282
v -0.00817340798676014 0.210737943649292 0.11289732903242111
v -0.008303642272949219 0.21196314692497253 0.09762975573539734
v -0.007823066785931587 0.21342028677463531 0.08559531718492508
v -0.017931174486875534 0.2083214670419693 0.07545250654220581
v -0.029966583475470543 0.19636687636375427 0.07115820795297623
v -0.03876209259033203 0.1826166808605194 0.06632953137159348
v -0.020174941048026085 0.2066269814968109 0.05645791441202164
v -0.03006618469953537 0.1957807093858719 0.052967462688684464
v -0.03824397921562195 0.182439386844635 0.04714846611022949
v -0.04539443925023079 0.16660481691360474 0.042271602898836136
v -0.05034375935792923 0.14956803619861603 0.03961639851331711
v -0.05362735688686371 0.13207122683525085 0.05514902621507645
v -0.05320793017745018 0.13303272426128387 0.03801051154732704
v -0.00866016373038292 0.2133299559354782 0.07015985995531082
v -0.009685019962489605 0.21278811991214752 0.05621521174907684
v -0.006425399798899889 0.21438968181610107 0.07892704010009766
v -0.0027524183969944715 0.21564453840255737 0.08093979954719543
v -0.0034733579959720373 0.21484313905239105 0.08958911895751953
v -0.0013188933953642845 0.22002673149108887 0.08525298535823822
v 0.00001239776611328125 0.2161717414855957 0.09196820110082626
v -0.0028426742646843195 0.21408607065677643 0.09915382415056229
v 0.002389831468462944 0.2150813490152359 0.09826799482107162
v -0.0020646285265684128 0.21196706593036652 0.11378974467515945
v 0.002389831468462944 0.2125670164823532 0.11434079706668854
v 0.0011238479055464268 0.22441455721855164 0.09441099315881729
v 0.002389831468462944 0.2256426215171814 0.0996738001704216
v 0.002389831468462944 0.22644655406475067 0.0994940996170044
v 0.002389831468462944 0.22657078504562378 0.09432950615882874
v -0.0027940368745476007 0.20856328308582306 0.1292814463376999
v 0.002389831468462944 0.2094345986843109 0.1292010247707367
v 0.0023494719062000513 0.2049313187599182 0.1469356268644333
v -0.0036893843207508326 0.20429444313049316 0.14691084623336792
v 0.0021307754795998335 0.19863472878932953 0.16427697241306305
v -0.004203910939395428 0.1981080174446106 0.16438670456409454
v 0.0018216323805972934 0.191392719745636 0.18108882009983063
v -0.0049050902016460896 0.19028612971305847 0.18169063329696655
v 0.0010858917376026511 0.18071243166923523 0.1993119716644287
v -0.005565452389419079 0.17955094575881958 0.20010603964328766
v 0.00004280090070096776 0.16954688727855682 0.2198731154203415
v -0.006402244325727224 0.16832739114761353 0.21997302770614624
v -0.0010148620931431651 0.15778504312038422 0.23929809033870697
v -0.007002181839197874 0.15654604136943817 0.23974484205245972
v -0.013327063992619514 0.16552770137786865 0.21975505352020264
v -0.013871192932128906 0.15377578139305115 0.2404005378484726
v -0.014065551571547985 0.1455390304327011 0.25724607706069946
v -0.023203657940030098 0.14087079465389252 0.2565274238586426
v -0.020527228713035583 0.13127893209457397 0.2745511829853058
v -0.030182532966136932 0.1346871703863144 0.25315186381340027
v -0.026597708463668823 0.12481078505516052 0.2730214297771454
v -0.016765326261520386 0.12201547622680664 0.2901441156864166
v -0.022903021425008774 0.11745021492242813 0.28518858551979065
v -0.027728652581572533 0.11209473013877869 0.27902138233184814
v -0.03133617341518402 0.11929040402173996 0.26691263914108276
v -0.034843750298023224 0.12493471056222916 0.2501783072948456
v -0.02075122855603695 0.11090639978647232 0.29483678936958313
v -0.014603309333324432 0.1138160228729248 0.30227792263031006
v -0.02364341728389263 0.10525929927825928 0.2869655191898346
v -0.018259277567267418 0.10616128891706467 0.3008826673030853
v -0.013668403029441833 0.10999885201454163 0.3066194951534271
v -0.022072792053222656 0.09969978779554367 0.29333868622779846
v -0.01308315247297287 0.13504251837730408 0.275983601808548
v -0.010204391553997993 0.1252455711364746 0.2931404113769531
v -0.008650130592286587 0.11560726165771484 0.30771005153656006
v -0.00816978421062231 0.11294969171285629 0.3105718195438385
v -0.023600272834300995 0.09234033524990082 0.28678658604621887
v -0.02646663598716259 0.0984170138835907 0.28033238649368286
v -0.02922740951180458 0.09102164953947067 0.27431437373161316
v -0.024652251973748207 0.0850512757897377 0.27918028831481934
v -0.025786055251955986 0.08125142008066177 0.27384164929389954
v -0.02947353385388851 0.08425968140363693 0.2684548795223236
v -0.0260065458714962 0.07937328517436981 0.2705635726451874
v -0.02624843455851078 0.07833454757928848 0.2666448652744293
v -0.027978286147117615 0.0787367969751358 0.26309099793434143
v -0.032933156937360764 0.08917180448770523 0.2607189416885376
v -0.030492018908262253 0.08158792555332184 0.2570648193359375
v -0.03159816563129425 0.09761427342891693 0.26613423228263855
v -0.029847105965018272 0.10530642420053482 0.2725313603878021
v -0.032539136707782745 0.08666549623012543 0.24879178404808044
v -0.03285404294729233 0.09552735090255737 0.2510482668876648
v -0.03487231954932213 0.0920049324631691 0.23411758244037628
v -0.03706718236207962 0.10299430787563324 0.23803754150867462
v -0.03466480225324631 0.10499575734138489 0.25615692138671875
v -0.033545151352882385 0.11349557340145111 0.26244720816612244
v -0.03702552616596222 0.11406934261322021 0.2425297051668167
v -0.030188560485839844 0.08570575714111328 0.24647025763988495
v -0.031617507338523865 0.08588748425245285 0.24904599785804749
v -0.026558570563793182 0.08115808665752411 0.2546316981315613
v -0.028913727030158043 0.08095982670783997 0.2556949257850647
v -0.024005737155675888 0.07898920029401779 0.2606523931026459
v -0.026381872594356537 0.07812739908695221 0.26189711689949036
v -0.024697456508874893 0.07790026813745499 0.26624247431755066
v -0.022054709494113922 0.0781320333480835 0.2656690180301666
v -0.023919105529785156 0.07965661585330963 0.2703436315059662
v -0.021913910284638405 0.07960395514965057 0.2704925537109375
v -0.02415843866765499 0.08157005906105042 0.2740342617034912
v -0.022578734904527664 0.08157836645841599 0.2747819423675537
v -0.02381698600947857 0.08500943332910538 0.2794147729873657
v -0.023239172995090485 0.08482709527015686 0.2797430455684662
v -0.022173309698700905 0.09120795875787735 0.28625452518463135
v -0.02279277704656124 0.09181006997823715 0.2863594889640808
v -0.019512824714183807 0.09846232831478119 0.2929653525352478
v -0.02061435580253601 0.09898032993078232 0.29314014315605164
v -0.01603546179831028 0.10498476773500443 0.2993910312652588
v -0.014362716116011143 0.103910431265831 0.2984244227409363
v -0.010519523173570633 0.10732381790876389 0.302968829870224
v -0.011867370456457138 0.10842089354991913 0.3045670688152313
v -0.006998558063060045 0.10978043079376221 0.30778104066848755
v -0.007542610168457031 0.110956110060215 0.30911755561828613
v -0.015323486179113388 0.10288368910551071 0.2999456822872162
v -0.020913008600473404 0.0951351597905159 0.2976396977901459
v -0.016846580430865288 0.1002342477440834 0.3033962845802307
v -0.023337896913290024 0.08856699615716934 0.2884516716003418
v -0.022803688421845436 0.08433210849761963 0.28091883659362793
v -0.012227553874254227 0.1062730923295021 0.3051885962486267
v -0.013323516584932804 0.10403381288051605 0.3087885081768036
v -0.010238762013614178 0.10817469656467438 0.3081830143928528
v -0.01069797482341528 0.10679933428764343 0.3116050362586975
v -0.006680869963020086 0.11020144075155258 0.3115496039390564
v -0.006382293533533812 0.10917481034994125 0.3150661289691925
v -0.0022220229730010033 0.11140470951795578 0.3134111762046814
v -0.0026967620942741632 0.11063113063573837 0.31673404574394226
v 0.002389831468462944 0.11239603906869888 0.3148820698261261
v 0.002389831468462944 0.11126992106437683 0.3177383244037628
v -0.004834556486457586 0.09801089763641357 0.3120479881763458
v 0.002389831468462944 0.0954335555434227 0.31203243136405945
v -0.007196922320872545 0.09269707649946213 0.30793043971061707
v 0.002389831468462944 0.09051211923360825 0.3081749379634857
v 0.002389831468462944 0.08481938391923904 0.30238983035087585
v -0.00961177796125412 0.08623059839010239 0.3011888563632965
v 0.002389831468462944 0.07820038497447968 0.2932581603527069
v -0.0102136991918087 0.07974445819854736 0.2919659912586212
v 0.002389831468462944 0.07493957877159119 0.28724172711372375
v -0.009548644535243511 0.07613763958215714 0.28563374280929565
v 0.002389831468462944 0.06999540328979492 0.2741963267326355
v -0.01043655350804329 0.07210656255483627 0.27369049191474915
v -0.012577399611473083 0.06939579546451569 0.2611343562602997
v 0.002389831468462944 0.06500820070505142 0.2573092579841614
v -0.01507594995200634 0.06794454157352448 0.2502383291721344
v 0.002389831468462944 0.06204972043633461 0.24543499946594238
v -0.012085609138011932 0.06247652322053909 0.23835693299770355
v -0.021180838346481323 0.07093802839517593 0.24088630080223083
v -0.02040943130850792 0.06584632396697998 0.2268448770046234
v -0.026997527107596397 0.07562510669231415 0.2291383296251297
v -0.026761893182992935 0.07070167362689972 0.21219022572040558
v -0.03176841512322426 0.08186263591051102 0.21490952372550964
v -0.03233516588807106 0.07699387520551682 0.19436828792095184
v -0.037025030702352524 0.08883418887853622 0.19516369700431824
v -0.038595810532569885 0.08277781307697296 0.17607417702674866
v -0.04111316427588463 0.09624718129634857 0.17665226757526398
v -0.04177943989634514 0.0875312089920044 0.15939578413963318
v -0.04491191729903221 0.10138729959726334 0.16036859154701233
v -0.046010781079530716 0.08913674205541611 0.1429148018360138
v -0.04822143539786339 0.10310140252113342 0.14280441403388977
v -0.04997062683105469 0.09029964357614517 0.12636920809745789
v -0.05034635588526726 0.10135164111852646 0.1241941973567009
v -0.037757184356451035 0.07606513053178787 0.14112263917922974
v -0.04128459841012955 0.08002776652574539 0.12243897467851639
v -0.04776206985116005 0.09089101850986481 0.11910053342580795
v -0.05042106658220291 0.1019304096698761 0.10665025562047958
v -0.046343572437763214 0.08921800553798676 0.10591922700405121
v -0.040106695145368576 0.07671026885509491 0.10896240174770355
v -0.03390716388821602 0.07347619533538818 0.15903250873088837
v -0.027180137112736702 0.062714122235775 0.13979938626289368
v -0.023286474868655205 0.0608372762799263 0.15902696549892426
v -0.031509362161159515 0.06519899517297745 0.11667893081903458
v -0.015832671895623207 0.05036865174770355 0.11810502409934998
v -0.013043059967458248 0.05174244940280914 0.14180411398410797
v -0.00888824462890625 0.05280670151114464 0.16002881526947021
v -0.030167503282427788 0.07005030661821365 0.17635491490364075
v -0.018807869404554367 0.0586223304271698 0.17671428620815277
v 0.002389831468462944 0.0518065020442009 0.17723751068115234
v -0.024270400404930115 0.06592031568288803 0.19421708583831787
v -0.013885840773582458 0.05816884711384773 0.19424256682395935
v 0.002389831468462944 0.05469820275902748 0.1968771517276764
v -0.016230124980211258 0.061440400779247284 0.21166720986366272
v 0.001993370009586215 0.0565754771232605 0.21238619089126587
v -0.009479560889303684 0.059722885489463806 0.22593846917152405
v 0.002389831468462944 0.059245288372039795 0.22744469344615936
v 0.002432594308629632 0.05977768823504448 0.2348359376192093
v 0.002389831468462944 0.05000130459666252 0.15934498608112335
v 0.002389831468462944 0.04861931875348091 0.14739325642585754
v -0.0005993270897306502 0.04149912670254707 0.11906998604536057
v 0.002389831468462944 0.04103364050388336 0.12046393752098083
v 0.002389831468462944 0.03417588025331497 0.11501572281122208
v 0.000546684255823493 0.03219517692923546 0.1089857965707779
v 0.00018230437126476318 0.021837681531906128 0.10102731734514236
v 0.002228164579719305 0.021267417818307877 0.10121072828769684
v 0.0018441772554069757 0.014459380879998207 0.09159190952777863
v 0.002389831468462944 0.22835691273212433 -0.055224861949682236
v 0.002389831468462944 0.23272082209587097 -0.06247095391154289
v 0.003933372441679239 0.2326400727033615 -0.0632120817899704
v 0.002389831468462944 0.2362775355577469 -0.06929630786180496
v 0.0037526320666074753 0.23642921447753906 -0.07062575221061707
v 0.008714408613741398 0.2210128754377365 -0.07375822961330414
v 0.006899337749928236 0.23299036920070648 -0.0859714075922966
v 0.0032212829682976007 0.24160902202129364 -0.08757095038890839
v 0.002389831468462944 0.242113396525383 -0.08685162663459778
v 0.007693061605095863 0.21994706988334656 -0.08750290423631668
v 0.009577331133186817 0.21940146386623383 -0.10147075355052948
v 0.00512149790301919 0.23207634687423706 -0.09674898535013199
v 0.007902145385742188 0.2318650782108307 -0.10761868208646774
v 0.004082603380084038 0.24416296184062958 -0.10420214384794235
v 0.0034908675588667393 0.2445310354232788 -0.11463217437267303
v 0.002389831468462944 0.24484345316886902 -0.114776112139225
v 0.002389831468462944 0.24556562304496765 -0.10310874879360199
v 0.0038449859712272882 0.24290919303894043 -0.12219459563493729
v 0.002389831468462944 0.24346333742141724 -0.12278787046670914
v 0.0038893127348273993 0.24045121669769287 -0.12964150309562683
v 0.005693321116268635 0.2319619357585907 -0.12593230605125427
v 0.007785072084516287 0.23189152777194977 -0.11542249470949173
v 0.006730193737894297 0.23068949580192566 -0.13441576063632965
v 0.003846473526209593 0.23458276689052582 -0.1422644853591919
v 0.004067268222570419 0.2299780398607254 -0.14741072058677673
v 0.007056655827909708 0.22042714059352875 -0.1360001564025879
v 0.007368278224021196 0.21779729425907135 -0.12268916517496109
v 0.0082633588463068 0.21816684305667877 -0.11094845831394196
v 0.002389831468462944 0.24146941304206848 -0.12931808829307556
v 0.002389831468462944 0.2357107698917389 -0.14102314412593842
v 0.002389831468462944 0.23082634806632996 -0.14700405299663544
v 0.009995726868510246 0.2095564603805542 -0.10798539966344833
v 0.009835547767579556 0.20198014378547668 -0.12052204459905624
v 0.009502449072897434 0.18926429748535156 -0.10789259523153305
v 0.009997825138270855 0.1921614408493042 -0.09928159415721893
v 0.008487701416015625 0.21490773558616638 -0.13921429216861725
v 0.004411391913890839 0.2250036746263504 -0.15310341119766235
v 0.002389831468462944 0.2181871384382248 -0.15719172358512878
v 0.002389831468462944 0.20950102806091309 -0.1632380485534668
v 0.002389831468462944 0.20198121666908264 -0.16527770459651947
v 0.002389831468462944 0.1930166631937027 -0.16771994531154633
v 0.002389831468462944 0.18450656533241272 -0.1694517433643341
v 0.002389831468462944 0.17449966073036194 -0.16687113046646118
v 0.002389831468462944 0.22527702152729034 -0.1534443497657776
v 0.009121589362621307 0.07417690753936768 -0.14811107516288757
v 0.006855964660644531 0.07446254789829254 -0.16524164378643036
v 0.009065398946404457 0.0630115494132042 -0.16089563071727753
v 0.008264770731329918 0.05049804598093033 -0.15077079832553864
v 0.008098182268440723 0.039277754724025726 -0.13787516951560974
v 0.009677734225988388 0.037861041724681854 -0.11967217177152634
v 0.010254363529384136 0.04392392188310623 -0.09900476038455963
v 0.008172797970473766 0.046822723001241684 -0.08260651677846909
v 0.002389831468462944 0.06000453233718872 -0.28392294049263
v 0.002389831468462944 0.05940758064389229 -0.29847991466522217
v -0.00009490966476732865 0.13799895346164703 0.2778482437133789
v 0.0015261077787727118 0.12762123346328735 0.2966189980506897
v -0.004488334525376558 0.12784717977046967 0.2974134087562561
v -0.006239166017621756 0.13737405836582184 0.27782580256462097
v -0.0010612868936732411 0.1479310691356659 0.25824233889579773
v -0.007307090796530247 0.14747315645217896 0.2572084963321686
v -0.003877525217831135 0.11642146110534668 0.3103412985801697
v 0.0023692320100963116 0.11735955625772476 0.31113219261169434
v 0.002389831468462944 0.11443116515874863 0.31373751163482666
v -0.003116187872365117 0.1136782243847847 0.3126506209373474
v 0.002389831468462944 0.11274266242980957 0.31261539459228516
v -0.0029652405064553022 0.11177752912044525 0.3111160397529602
v 0.002389831468462944 0.11174322664737701 0.31149524450302124
v -0.0028644942212849855 0.11067187041044235 0.3099280595779419
v -0.03782764449715614 0.09968752413988113 0.21883878111839294
v -0.04109775274991989 0.106533944606781 0.1988821029663086
v -0.04408660903573036 0.11231508105993271 0.1784396469593048
v -0.048714254051446915 0.11846102774143219 0.16167239844799042
v -0.04985683411359787 0.12364500015974045 0.14498008787631989
v -0.05096052214503288 0.1271131932735443 0.1271815448999405
v -0.05238540470600128 0.12896671891212463 0.10936123877763748
v -0.05232086032629013 0.11461059004068375 0.12573108077049255
v -0.04996425658464432 0.11269208788871765 0.14386554062366486
v -0.04624629765748978 0.1083909422159195 0.1607561707496643
v -0.052428435534238815 0.1151944249868393 0.10784347355365753
v -0.042566679418087006 0.10319612920284271 0.17799125611782074
v -0.039270512759685516 0.09696580469608307 0.19721244275569916
v -0.03517032414674759 0.09002086520195007 0.21713270246982574
v -0.03154052793979645 0.08381956815719604 0.23186710476875305
v -0.026927947998046875 0.07915418595075607 0.2437255084514618
v -0.02243366278707981 0.0751408189535141 0.2522994875907898
v -0.01935417205095291 0.07380243390798569 0.25956252217292786
v -0.018053892999887466 0.07417725026607513 0.2647607624530792
v -0.018420524895191193 0.07699400931596756 0.2733810544013977
v -0.01864418014883995 0.08053606003522873 0.28252631425857544
v -0.018345603719353676 0.08422470092773438 0.2908380329608917
v -0.016415443271398544 0.09018190950155258 0.2994903028011322
v -0.013326263055205345 0.09622769802808762 0.30576425790786743
v -0.01022136677056551 0.10159258544445038 0.31067559123039246
v 0.0009847258916124701 0.2295975387096405 0.09210396558046341
v 0.002389831468462944 0.2297479212284088 0.09343957901000977
v 0.0009881972800940275 0.2341686338186264 0.09213238209486008
v 0.002389831468462944 0.23425397276878357 0.0936289131641388
v 0.0010054016020148993 0.23882406949996948 0.09256565570831299
v 0.002389831468462944 0.23889988660812378 0.09395946562290192
v 0.0014575194800272584 0.24175354838371277 0.09309305995702744
v 0.002389831468462944 0.24256974458694458 0.09387214481830597
v 0.002389831468462944 0.24253436923027039 0.09286394715309143
v 0.001410903874784708 0.2416316419839859 0.0927010253071785
v 0.0014176940312609076 0.24143610894680023 0.09221218526363373
v 0.002389831468462944 0.24187305569648743 0.092035673558712
v 0.001275291433557868 0.2394593060016632 0.0898037776350975
v 0.002389831468462944 0.23963506519794464 0.08984562009572983
v 0.002389831468462944 0.23770716786384583 0.08765251189470291
v 0.0010029220720753074 0.23765245079994202 0.08777060359716415
v 0.002389831468462944 0.23791232705116272 0.08664513379335403
v 0.00115203857421875 0.23708122968673706 0.0861540362238884
v 0.0012320708483457565 0.23975591361522675 0.08474504202604294
v 0.002389831468462944 0.24188068509101868 0.08462837338447571
v 0.0012625121744349599 0.2459901124238968 0.08178785443305969
v 0.002389831468462944 0.24618394672870636 0.08248698711395264
v 0.0014238357543945312 0.2546353042125702 0.07668977975845337
v 0.002389831468462944 0.25562140345573425 0.07679195702075958
v 0.001566658029332757 0.26221248507499695 0.07256191223859787
v 0.002389831468462944 0.26313841342926025 0.0725189745426178
v 0.0017109679756686091 0.27095112204551697 0.06746045500040054
v 0.002389831468462944 0.27080631256103516 0.06793564558029175
v 0.002389831468462944 0.28016605973243713 0.0620097815990448
v 0.0018790053436532617 0.2802138030529022 0.061687957495450974
v 0.00015747069846838713 0.23383815586566925 0.08690539747476578
v 0.0004745101905427873 0.23572121560573578 0.09021452069282532
v 0.0007929992279969156 0.23916859924793243 0.09132814407348633
v -0.0003613281296566129 0.232428178191185 0.08120748400688171
v 0.0004815292195416987 0.22318507730960846 0.07140472531318665
v -0.0025393294636160135 0.2160883992910385 0.06996430456638336
v 0.0003848648048005998 0.2238324135541916 0.056934017688035965
v -0.0028074264992028475 0.216032475233078 0.05726787447929382
v 0.0008353423909284174 0.240324929356575 0.07297205179929733
v -0.0010266875615343451 0.23484088480472565 0.058820467442274094
v 0.00019729613268282264 0.23127873241901398 0.05009985715150833
v 0.000004730224645754788 0.24648252129554749 0.054981980472803116
v 0.0007728195050731301 0.25648123025894165 0.069329172372818
v 0.00012523650366347283 0.25383955240249634 0.050740860402584076
v 0.0006138610769994557 0.26978930830955505 0.06404881179332733
v 0.0019105147803202271 0.2617667615413666 0.047405894845724106
v 0.0014666366623714566 0.2756349742412567 0.05882582068443298
v 0.002389831468462944 0.2741549611091614 0.057317156344652176
v 0.002389831468462944 0.27756208181381226 0.058510854840278625
v 0.0018715285696089268 0.27733853459358215 0.05866255238652229
v 0.001741599990054965 0.28001633286476135 0.05826882645487785
v 0.002389831468462944 0.27983391284942627 0.05820782855153084
v 0.002389831468462944 0.2825164198875427 0.05693616718053818
v 0.0018198012840002775 0.28263282775878906 0.05702747777104378
v 0.002389831468462944 0.2619815766811371 0.047909215092659
v 0.002389831468462944 0.2628025412559509 0.04444558545947075
v 0.0019829559605568647 0.262977659702301 0.04431191459298134
v 0.002389831468462944 0.26485952734947205 0.04209914430975914
v 0.0019240569090470672 0.2647744119167328 0.042062047868967056
v 0.001945876982063055 0.26743850111961365 0.03980778902769089
v 0.002389831468462944 0.2675051987171173 0.039708588272333145
v 0.0020914077758789062 0.2694573700428009 0.03786495700478554
v 0.002389831468462944 0.2696480453014374 0.037810537964105606
v 0.002236328087747097 0.26980289816856384 0.03727926313877106
v 0.002389831468462944 0.27028530836105347 0.03697441518306732
v 0.0023421859368681908 0.26985883712768555 0.03703036531805992
v 0.002389831468462944 0.270264595746994 0.03674355894327164
v 0.002389831468462944 0.2665523588657379 0.03852368891239166
v 0.0019267272436991334 0.26670610904693604 0.0385703444480896
v 0.001862335135228932 0.26353588700294495 0.03998269513249397
v 0.002389831468462944 0.2635906934738159 0.03986968845129013
v 0.0019084167433902621 0.25995540618896484 0.04150821268558502
v 0.002389831468462944 0.25938108563423157 0.04170412942767143
v 0.0016933822771534324 0.25728678703308105 0.041839923709630966
v 0.002389831468462944 0.2571171224117279 0.04154635965824127
v 0.002389831468462944 0.25185611844062805 0.04004455357789993
v 0.00137920374982059 0.2516676187515259 0.04022212326526642
v 0.00017890929302666336 0.24358180165290833 0.04286406561732292
v 0.0015540694585070014 0.24593813717365265 0.039408206939697266
v 0.0002930450427811593 0.23972821235656738 0.033983588218688965
v 0.0016060256166383624 0.2421458214521408 0.03255390748381615
v -0.00012145996151957661 0.22818538546562195 0.04073353111743927
v -0.00046291350736282766 0.220047265291214 0.04533049836754799
v 0.0004798888985533267 0.21693044900894165 0.035701457411050797
v -0.003941764589399099 0.21527178585529327 0.04581218212842941
v -0.004956626798957586 0.21411509811878204 0.030820168554782867
v -0.01014915481209755 0.21214376389980316 0.044286590069532394
v -0.01211219746619463 0.21119160950183868 0.028569890186190605
v -0.02082843706011772 0.20532718300819397 0.042164914309978485
v -0.021023787558078766 0.2033529430627823 0.025360899046063423
v -0.02979270927608013 0.19464527070522308 0.038428857922554016
v -0.029299678280949593 0.19305287301540375 0.02177051641047001
v -0.037999074906110764 0.18150115013122559 0.03385454788804054
v -0.036753349006175995 0.1800754815340042 0.017895910888910294
v -0.04449569433927536 0.16629928350448608 0.028731726109981537
v -0.04302133619785309 0.16547328233718872 0.013549157418310642
v -0.049506451934576035 0.1497086137533188 0.026021568104624748
v -0.047875192016363144 0.1493517905473709 0.010316772386431694
v -0.052250079810619354 0.13328337669372559 0.024028249084949493
v -0.050587911158800125 0.13295374810695648 0.007471881806850433
v -0.05278816074132919 0.1174909919500351 0.022144105285406113
v -0.05090221390128136 0.11752725392580032 0.005411947146058083
v -0.05077991262078285 0.10179132223129272 0.020898744463920593
v -0.04908857122063637 0.1023755744099617 0.004800057504326105
v -0.044034652411937714 0.08569011837244034 0.0037732922937721014
v -0.04566177353262901 0.08488637953996658 0.02062065713107586
v -0.036656416952610016 0.06881129741668701 0.019947169348597527
v -0.03449353948235512 0.06870179623365402 0.003082792041823268
v -0.024666786193847656 0.05479782819747925 0.01956229843199253
v -0.021382750943303108 0.054209139198064804 0.002031107433140278
v -0.00872798915952444 0.04383446276187897 0.018112627789378166
v -0.00670655956491828 0.04567611590027809 0.0010334159014746547
v 0.0023423766251653433 0.04261729121208191 0.007186167873442173
v 0.0014889907324686646 0.04156734049320221 0.01829417794942856
v -0.04850103333592415 0.13260169327259064 -0.009223902598023415
v -0.04588136449456215 0.14874598383903503 -0.006201017182320356
v -0.044094428420066833 0.14800558984279633 -0.020508892834186554
v -0.0394585020840168 0.1633477509021759 -0.01779090240597725
v -0.038113899528980255 0.16213811933994293 -0.028451303020119667
v -0.03224281221628189 0.17524906992912292 -0.02657105214893818
v -0.030273741111159325 0.17274360358715057 -0.042137984186410904
v -0.024101676419377327 0.18379077315330505 -0.039133183658123016
v -0.025627020746469498 0.18642015755176544 -0.024119330570101738
v -0.017844809219241142 0.1933017075061798 -0.035994574427604675
v -0.01869460940361023 0.19588541984558105 -0.02119540236890316
v -0.016786575317382812 0.19028064608573914 -0.053207263350486755
v -0.022193945944309235 0.1805541068315506 -0.056297071278095245
v -0.03598945587873459 0.16038140654563904 -0.04453260451555252
v -0.042700957506895065 0.14737889170646667 -0.03072829358279705
v -0.040318336337804794 0.14630170166492462 -0.04718490317463875
v -0.027965201064944267 0.17000165581703186 -0.059486109763383865
v -0.033130988478660583 0.15816831588745117 -0.06258820742368698
v -0.03761119768023491 0.14484652876853943 -0.06517673283815384
v -0.045274924486875534 0.13196967542171478 -0.03334885090589523
v -0.0428638830780983 0.13151367008686066 -0.0493050143122673
v -0.03983951359987259 0.1306949108839035 -0.06705151498317719
v -0.012192420661449432 0.20191918313503265 -0.032306771725416183
v -0.011669998057186604 0.20409294962882996 -0.01729140244424343
v -0.011918754316866398 0.19880802929401398 -0.04992131143808365
v -0.005834541283547878 0.20709463953971863 -0.028546951711177826
v -0.004802742041647434 0.2077629566192627 -0.01463934313505888
v -0.0003505706845317036 0.2105175405740738 -0.02634132280945778
v -0.00009830474300542846 0.2111944705247879 -0.013431132771074772
v -0.004826697986572981 0.21389654278755188 -0.04590373858809471
v -0.005825004540383816 0.20539863407611847 -0.046881191432476044
v -0.042915455996990204 0.11682181805372238 -0.04983584210276604
v -0.0399133674800396 0.11629821360111237 -0.06826311349868774
v -0.04018031805753708 0.1013725996017456 -0.05170631408691406
v -0.036952171474695206 0.10112771391868591 -0.0690736323595047
v -0.03399265184998512 0.08544425666332245 -0.05206645280122757
v -0.03684413805603981 0.08527647703886032 -0.037878360599279404
v -0.04285415634512901 0.1015130952000618 -0.03643814101815224
v -0.03020584024488926 0.08566417545080185 -0.06884080171585083
v -0.026635054498910904 0.06917864829301834 -0.03975407034158707
v -0.023600807413458824 0.06927123665809631 -0.05229540169239044
v -0.019761085510253906 0.06888353079557419 -0.06672505289316177
v -0.010250663384795189 0.05526696890592575 -0.05099056288599968
v -0.013321037404239178 0.05554167926311493 -0.04016275331377983
v -0.0028049086686223745 0.051547810435295105 -0.057334695011377335
v -0.002572936937212944 0.05198029428720474 -0.05375375226140022
v -0.03884906694293022 0.08519867807626724 -0.027093390002846718
v -0.0447332002222538 0.10176172107458115 -0.02554544061422348
v -0.045408692210912704 0.11694368720054626 -0.03511060029268265
v -0.047070082277059555 0.11706510186195374 -0.02422807365655899
v -0.04658157378435135 0.13216987252235413 -0.022868312895298004
v -0.015018844045698643 0.05475875735282898 -0.030783483758568764
v -0.028797758743166924 0.06888026744127274 -0.02901696227490902
v 0.00009372711065225303 0.04699498042464256 -0.06308115273714066
v -0.0015741729876026511 0.04745594412088394 -0.06460502743721008
v 0.00006191253487486392 0.03911132365465164 -0.07155746966600418
v -0.0012619018089026213 0.041918687522411346 -0.0720888003706932
v -0.0010374068515375257 0.03523024916648865 -0.08405463397502899
v 0.00014381408982444555 0.03210519254207611 -0.08425519615411758
v -0.0009283065446652472 0.029487108811736107 -0.09420648217201233
v 0.0007139586959965527 0.025600595399737358 -0.09366927295923233
v -0.000652046175673604 0.02252086065709591 -0.10733788460493088
v 0.00015033721865620464 0.019284013658761978 -0.10752405226230621
v -0.0015856170793995261 0.014450373128056526 -0.12139872461557388
v 0.0006339645478874445 0.010125136002898216 -0.12298768013715744
v -0.0025985336396843195 0.012081189081072807 -0.1332213431596756
v 0.00044925688416697085 0.006116413976997137 -0.1364714354276657
v -0.002731933491304517 0.01186619233340025 -0.1402110904455185
v -0.00009483336907578632 0.006695246323943138 -0.14654241502285004
v -0.0032271193340420723 0.016192598268389702 -0.15163801610469818
v -0.001933250343427062 0.010958433151245117 -0.15827620029449463
v -0.0036977767013013363 0.021534990519285202 -0.1644887924194336
v -0.0015918349381536245 0.0179196298122406 -0.17014314234256744
v -0.0031976699829101562 0.0265057273209095 -0.16978229582309723
v -0.0015056991251185536 0.02280854620039463 -0.17562970519065857
v -0.0029151153285056353 0.03140677511692047 -0.1735161393880844
v -0.001253852853551507 0.02768736332654953 -0.17938518524169922
v -0.00017543791909702122 0.03500235453248024 -0.1845809668302536
v -0.0020289612002670765 0.03961286321282387 -0.17851673066616058
v 0.000022773741875425912 0.043437279760837555 -0.1883963793516159
v -0.001776962191797793 0.04710520803928375 -0.1825336366891861
v 0.0017712401458993554 0.06011992320418358 -0.19349628686904907
v -0.0023710632231086493 0.061980944126844406 -0.18644076585769653
v 0.0017309569520875812 0.07343889772891998 -0.19392122328281403
v -0.0015586471417918801 0.07560110092163086 -0.18627119064331055
v 0.0019578933715820312 0.08149733394384384 -0.18816030025482178
v -0.0009823989821597934 0.08217468857765198 -0.18134213984012604
v 0.0012023544404655695 0.0862099900841713 -0.17622989416122437
v -0.0009584426879882812 0.08509983867406845 -0.1746544986963272
v 0.00043258664663881063 0.08938886225223541 -0.17021910846233368
v -0.0009904479375109076 0.08694151043891907 -0.16506370902061462
v -0.005543327424675226 0.09322936832904816 -0.17277789115905762
v -0.006343040149658918 0.09239043295383453 -0.16454574465751648
v -0.01334861759096384 0.09846419095993042 -0.16485919058322906
v -0.011679534800350666 0.09883364289999008 -0.17606186866760254
v -0.01583091728389263 0.10918775200843811 -0.17483475804328918
v -0.01853996142745018 0.10905454307794571 -0.1625511646270752
v -0.013614463619887829 0.10934098809957504 -0.18641315400600433
v -0.01083122193813324 0.09965697675943375 -0.18710176646709442
v -0.005151176359504461 0.09368883818387985 -0.1799958348274231
v -0.004707984626293182 0.09418702870607376 -0.18679027259349823
v -0.00785621628165245 0.08920630067586899 -0.1553211808204651
v -0.0036573410034179688 0.08265869319438934 -0.1575540453195572
v -0.009912529028952122 0.08503366261720657 -0.14378640055656433
v -0.014768943190574646 0.09638629853725433 -0.15302535891532898
v -0.016095351427793503 0.0922427698969841 -0.1403191089630127
v -0.013146666809916496 0.08002587407827377 -0.1300635039806366
v -0.022337226197123528 0.09580422192811966 -0.12216327339410782
v -0.015319595113396645 0.07532714307308197 -0.10701216757297516
v -0.005076827947050333 0.06414089351892471 -0.126186802983284
v -0.005845756269991398 0.06042546033859253 -0.10685236752033234
v -0.017573051154613495 0.07142549008131027 -0.08570230007171631
v -0.005157661158591509 0.0568346306681633 -0.08113960921764374
v -0.004755058325827122 0.06950817257165909 -0.1392286866903305
v -0.0266945268958807 0.0871056541800499 -0.08681990206241608
v -0.03322582319378853 0.1015334501862526 -0.0867183730006218
v -0.036546364426612854 0.11577966064214706 -0.08609400689601898
v -0.03673465549945831 0.12970541417598724 -0.08471984416246414
v -0.034410055726766586 0.1430598944425583 -0.0827806144952774
v -0.0303164292126894 0.15577901899814606 -0.0804833322763443
v -0.025266418233513832 0.1669129580259323 -0.07701878994703293
v -0.019877739250659943 0.17729930579662323 -0.0740501880645752
v -0.014872702769935131 0.1872953325510025 -0.07135873287916183
v -0.0115328598767519 0.19554732739925385 -0.06694253534078598
v -0.005887794308364391 0.20321623980998993 -0.0610036663711071
v -0.004604987800121307 0.21528299152851105 -0.06770634651184082
v 0.0009699630318209529 0.22815775871276855 -0.05524470657110214
v 0.0007840347243472934 0.2230023890733719 -0.046825110912323
v 0.0006509399390779436 0.21172237396240234 -0.02803519181907177
v 0.002389831468462944 0.212066650390625 -0.028988301753997803
v 0.002389831468462944 0.21147972345352173 -0.02581809274852276
v 0.0011037444928660989 0.2110362946987152 -0.025817500427365303
v 0.002389831468462944 0.2230394184589386 -0.046306103467941284
v 0.0016574477776885033 0.2155052125453949 -0.01757575199007988
v 0.002389831468462944 0.21618501842021942 -0.017400052398443222
v 0.0006683349492959678 0.2179838865995407 -0.015149352140724659
v 0.002389831468462944 0.21885614097118378 -0.015911953523755074
v 0.002389831468462944 0.21784573793411255 -0.011249212548136711
v 0.0008699035388417542 0.21744264662265778 -0.01162442285567522
v 0.0012184905353933573 0.21905194222927094 -0.0039429026655852795
v 0.002389831468462944 0.21949148178100586 -0.0037657825741916895
v 0.002389831468462944 0.2228170931339264 0.002271107630804181
v 0.0015016555553302169 0.22234544157981873 0.002641687635332346
v 0.002389831468462944 0.22600005567073822 0.0029200080316513777
v 0.0016596221830695868 0.22652959823608398 0.0027304578106850386
v 0.002389831468462944 0.22839586436748505 0.002833547303453088
v 0.0012365340953692794 0.22811751067638397 0.002719297306612134
v 0.0013300323626026511 0.2284238040447235 0.0041484772227704525
v 0.002389831468462944 0.22847618162631989 0.004199547227472067
v 0.0015390777261927724 0.22639822959899902 0.009183497168123722
v 0.002389831468462944 0.22642271220684052 0.009714447893202305
v 0.0015150069957599044 0.22767871618270874 0.014287976548075676
v 0.002389831468462944 0.22788415849208832 0.015015007928013802
v 0.0012577819870784879 0.23145753145217896 0.021120917052030563
v 0.002389831468462944 0.23220671713352203 0.021283237263560295
v 0.0006543731433339417 0.23611240088939667 0.026862837374210358
v 0.002389831468462944 0.2377311885356903 0.02582486718893051
v 0.0013188933953642845 0.24164162576198578 0.02624702826142311
v 0.002389831468462944 0.2418641746044159 0.026112737134099007
v 0.0014297484885901213 0.24680282175540924 0.02433362603187561
v 0.002389831468462944 0.24719077348709106 0.02396029606461525
v 0.002389831468462944 0.24730609357357025 0.025174858048558235
v 0.001366577111184597 0.24711953103542328 0.025101248174905777
v 0.0014680480817332864 0.24330949783325195 0.029971517622470856
v 0.002389831468462944 0.2434174120426178 0.030287668108940125
v 0.002389831468462944 0.2435891479253769 0.03170036897063255
v 0.00021694182942155749 0.22229307889938354 0.017005397006869316
v -0.00018741606618277729 0.22164218127727509 0.008643116801977158
v -0.0009703063988126814 0.21500645577907562 0.017586298286914825
v -0.0010462187929078937 0.21311692893505096 0.009443237446248531
v -0.005637435708194971 0.21176394820213318 0.011664939112961292
v -0.0010593795450404286 0.2111598551273346 -0.0034118425101041794
v -0.005427741911262274 0.20919309556484222 -0.003977062646299601
v -0.012188720516860485 0.20583175122737885 -0.006267142947763205
v -0.01959102600812912 0.19801343977451324 -0.009150772355496883
v -0.026735153049230576 0.1881401091814041 -0.012156262062489986
v -0.033492546528577805 0.1770133227109909 -0.014614162035286427
v -0.020477600395679474 0.2007625550031662 0.006298387423157692
v -0.012552890926599503 0.20847968757152557 0.00917443260550499
v -0.03509584441781044 0.17833289504051208 0.0001020422569126822
v -0.02815425768494606 0.19046476483345032 0.003053042571991682
v 0.0001095199550036341 0.2153666615486145 0.027089547365903854
v 0.00015411376080010086 0.22374148666858673 0.02515573613345623
v -0.0412253737449646 0.16448546946048737 -0.002756537403911352
v 0.0003882980381604284 0.22582262754440308 0.03241770714521408
v 0.002389831468462944 0.24737019836902618 0.0373079739511013
v 0.001961097586899996 0.28599098324775696 0.057630252093076706
v 0.002389831468462944 0.28610098361968994 0.05793367698788643
v 0.002389831468462944 0.28408172726631165 0.05932050943374634
v 0.0019297408871352673 0.2837831974029541 0.05918093025684357
v 0.002389831468462944 0.2866283059120178 0.057222407311201096
v 0.0019454574212431908 0.28626549243927 0.056526824831962585
v 0.002389831468462944 0.2860910892486572 0.056124456226825714
v 0.00201416015625 0.28542250394821167 0.0561862587928772
v 0.002389831468462944 0.28536567091941833 0.055998172610998154
v 0.001910476596094668 0.28242775797843933 0.060132939368486404
v 0.002389831468462944 0.2824334502220154 0.060452546924352646
v -0.05384164676070213 0.11629462987184525 0.05344033241271973
v -0.05366742983460426 0.11716260015964508 0.036530524492263794
v -0.0036226389929652214 0.05212203040719032 -0.040876053273677826
v 0.002389831468462944 0.05000203102827072 -0.04131826385855675
v 0.002389831468462944 0.04867016151547432 -0.03370443359017372
v -0.004238974303007126 0.05098855495452881 -0.032592203468084335
v 0.002389831468462944 0.04997316747903824 -0.052708499133586884
v 0.002389831468462944 0.04587197303771973 -0.061870794743299484
v 0.002389831468462944 0.03908287733793259 -0.07148878276348114
v 0.002389831468462944 0.03152644261717796 -0.08510376513004303
v 0.002389831468462944 0.024881448596715927 -0.09331166744232178
v 0.002389831468462944 0.018665989860892296 -0.10970011353492737
v 0.002389831468462944 0.0092926025390625 -0.12379854917526245
v 0.002389831468462944 0.006917619612067938 -0.13863205909729004
v 0.002389831468462944 0.006383085157722235 -0.1478937268257141
v 0.002389831468462944 0.010218434035778046 -0.16021226346492767
v 0.002389831468462944 0.01736828312277794 -0.17194005846977234
v 0.002389831468462944 0.02276325598359108 -0.17669089138507843
v 0.002389831468462944 0.027392834424972534 -0.1805931031703949
v 0.002389831468462944 0.03442847356200218 -0.18509896099567413
v 0.002389831468462944 0.04364332556724548 -0.18920008838176727
v 0.002389831468462944 0.06175149232149124 -0.1938367784023285
v 0.002389831468462944 0.07337077707052231 -0.1940625160932541
v 0.002389831468462944 0.08144965767860413 -0.18847987055778503
v 0.002389831468462944 0.08684168756008148 -0.1766122728586197
v 0.002389831468462944 0.0891428291797638 -0.17131350934505463
v 0.0004330062656663358 0.09071136265993118 -0.18036872148513794
v -0.0002537155232857913 0.09122779965400696 -0.1884186714887619
v 0.002389831468462944 0.09024417400360107 -0.1808173656463623
v 0.002389831468462944 0.09069911390542984 -0.18979953229427338
v -0.004544563125818968 0.09391575306653976 -0.19840295612812042
v -0.009776992723345757 0.09925659745931625 -0.19895566999912262
v -0.00485088350251317 0.0933086946606636 -0.2098950296640396
v -0.009061889722943306 0.09797576814889908 -0.21107682585716248
v -0.006296196021139622 0.09639669954776764 -0.2233341932296753
v -0.005129356402903795 0.09089986234903336 -0.22304406762123108
v -0.010100745595991611 0.10867654532194138 -0.21129277348518372
v -0.011777839623391628 0.10905259847640991 -0.19874267280101776
v -0.006539306603372097 0.1077781617641449 -0.22471708059310913
v -0.0015759277157485485 0.0896281898021698 -0.2094489485025406
v -0.001296577393077314 0.09117606282234192 -0.1983032524585724
v 0.002389831468462944 0.08954433351755142 -0.19957298040390015
v 0.002389831468462944 0.08763446658849716 -0.2091113030910492
v 0.002389831468462944 0.08304139971733093 -0.22232745587825775
v -0.0030444334261119366 0.08685088157653809 -0.22249583899974823
v -0.00500423414632678 0.09475017338991165 -0.2381967157125473
v -0.00653495779260993 0.10752750933170319 -0.23914815485477448
v -0.007700538262724876 0.10717424005270004 -0.25303229689598083
v -0.005429649259895086 0.09222689270973206 -0.2510095238685608
v -0.0043092346750199795 0.08478216081857681 -0.248641699552536
v -0.004822959657758474 0.08758764714002609 -0.23670010268688202
v -0.003241958562284708 0.08210795372724533 -0.23567494750022888
v -0.0035818861797451973 0.07789427042007446 -0.24646608531475067
v 0.002389831468462944 0.07384448498487473 -0.24490639567375183
v 0.002389831468462944 0.07855437695980072 -0.23466423153877258
v -0.004978408571332693 0.08986250311136246 -0.26399844884872437
v -0.00728481262922287 0.10641930997371674 -0.2673640847206116
v -0.0037876509595662355 0.08745521306991577 -0.27875804901123047
v -0.003640785114839673 0.07733570039272308 -0.27506616711616516
v -0.003851241897791624 0.08138398081064224 -0.2610505521297455
v -0.006611480377614498 0.10454767197370529 -0.28296080231666565
v -0.0028081131167709827 0.0685722827911377 -0.27184417843818665
v -0.003386382944881916 0.0734366849064827 -0.25833913683891296
v 0.002389831468462944 0.06341077387332916 -0.26835161447525024
v 0.002389831468462944 0.06859409809112549 -0.25597599148750305
v -0.0043886564671993256 0.1011679545044899 -0.2999839782714844
v -0.0025005340576171875 0.08322031795978546 -0.2967657744884491
v 0.0003192901494912803 0.09582395106554031 -0.3185442090034485
v -0.0011864471016451716 0.07937563955783844 -0.3130630552768707
v -0.001138992258347571 0.06971155852079391 -0.30709895491600037
v -0.0027866363525390625 0.07322679460048676 -0.29189783334732056
v 0.002389831468462944 0.09529373049736023 -0.3211340010166168
v 0.002389831468462944 0.07777370512485504 -0.3159950375556946
v 0.002389831468462944 0.06795378029346466 -0.310465544462204
v 0.002389831468462944 0.060457028448581696 -0.3037642538547516
v -0.002163467463105917 0.06499472260475159 -0.2874184250831604
v 0.002389831468462944 0.06000453233718872 -0.28392294049263
v 0.002389831468462944 0.11185264587402344 -0.3253729045391083
v 0.0001886367826955393 0.1136540025472641 -0.32205161452293396
v 0.002389831468462944 0.14923398196697235 -0.32000404596328735
v 0.0002869415329769254 0.1489134430885315 -0.3170008957386017
v -0.0038994215428829193 0.12203771620988846 -0.301832914352417
v -0.002673301612958312 0.14837102591991425 -0.2999773323535919
v 0.0012810134794563055 0.18116562068462372 -0.30660581588745117
v -0.0009121322655119002 0.17608340084552765 -0.2951084077358246
v 0.002389831468462944 0.18164245784282684 -0.3082842230796814
v -0.004555015359073877 0.16919530928134918 -0.2810016870498657
v -0.004617996048182249 0.14688213169574738 -0.2835637331008911
v -0.006501884199678898 0.16451331973075867 -0.266218900680542
v -0.005535621661692858 0.14479123055934906 -0.26793813705444336
v -0.005666846875101328 0.12465231865644455 -0.2842375636100769
v -0.006433525122702122 0.12509608268737793 -0.26845109462738037
v -0.006728172302246094 0.1597791314125061 -0.2513473629951477
v -0.006003608461469412 0.14231902360916138 -0.25307580828666687
v -0.0066565703600645065 0.15511579811573029 -0.2365710735321045
v -0.00628536194562912 0.13969966769218445 -0.23832450807094574
v -0.006913566496223211 0.12449663877487183 -0.25357967615127563
v -0.007135619875043631 0.12332914024591446 -0.23916253447532654
v -0.007321624550968409 0.15136700868606567 -0.22149454057216644
v -0.008080635219812393 0.13746222853660583 -0.22349561750888824
v -0.00915042869746685 0.13582563400268555 -0.2090626060962677
v -0.007783775217831135 0.1486360728740692 -0.20666299760341644
v -0.010050582699477673 0.12208203226327896 -0.2106555849313736
v -0.008585548028349876 0.12228763103485107 -0.22473019361495972
v -0.010684508830308914 0.13512113690376282 -0.19551768898963928
v -0.008434181101620197 0.14714734256267548 -0.19338920712471008
v -0.0121615594252944 0.12181472778320312 -0.19754132628440857
v -0.005300330929458141 0.15885229408740997 -0.20405785739421844
v -0.005198478698730469 0.156533882021904 -0.19109855592250824
v 0.0007516861078329384 0.16368705034255981 -0.20130641758441925
v 0.001112289377488196 0.1605152040719986 -0.18927711248397827
v 0.002389831468462944 0.16465160250663757 -0.2012425810098648
v 0.002389831468462944 0.17061151564121246 -0.21578900516033173
v 0.0005840683006681502 0.16976787149906158 -0.21624799072742462
v 0.002389831468462944 0.16120290756225586 -0.18909406661987305
v -0.005342673975974321 0.162934809923172 -0.21866846084594727
v 0.002389831468462944 0.1789897233247757 -0.23110182583332062
v 0.00172252650372684 0.17854492366313934 -0.23122742772102356
v 0.0019046782981604338 0.18687297403812408 -0.24393969774246216
v 0.002389831468462944 0.1879475861787796 -0.2442704737186432
v -0.00493980385363102 0.17509379982948303 -0.24771976470947266
v -0.0051499176770448685 0.16873803734779358 -0.2336002141237259
v 0.0015900039579719305 0.1928243190050125 -0.2549625039100647
v 0.002389831468462944 0.1930328905582428 -0.2544022798538208
v 0.002389831468462944 0.19973620772361755 -0.26742953062057495
v 0.0014564513694494963 0.19883817434310913 -0.26783084869384766
v -0.004656791687011719 0.18080274760723114 -0.2609051465988159
v -0.0036107252817600965 0.1863556206226349 -0.2758415639400482
v 0.0018772506155073643 0.20543272793293 -0.2800951600074768
v 0.002389831468462944 0.2061917781829834 -0.28017282485961914
v 0.0018234633607789874 0.20507344603538513 -0.2933039367198944
v 0.002389831468462944 0.20577609539031982 -0.29332736134529114
v -0.0007574844057671726 0.19129706919193268 -0.28834080696105957
v 0.0008596038678660989 0.1927320808172226 -0.30069980025291443
v 0.002389831468462944 0.19341441988945007 -0.3017847239971161
v 0.002389831468462944 0.043839216232299805 -0.003588552586734295
v 0.002389831468462944 0.046542584896087646 -0.02097902074456215
v -0.005264656618237495 0.0493314266204834 -0.018942561000585556
v -0.0174043457955122 0.05375440791249275 -0.01571282185614109
v -0.031343840062618256 0.0686139464378357 -0.014871137216687202
v -0.04122051224112511 0.08555252104997635 -0.013402532786130905
v -0.046965617686510086 0.10236474126577377 -0.011781147681176662
v -0.048861321061849594 0.11738631874322891 -0.01041309256106615
v -0.0014576339162886143 0.022637275978922844 0.06578976660966873
v -0.0014163588639348745 0.016522487625479698 0.06517548114061356
v -0.0006906127673573792 0.01564709097146988 0.053868360817432404
v -0.0012413406511768699 0.019354524090886116 0.05368232727050781
v -0.0006127929664216936 0.013327221386134624 0.05387651175260544
v -0.00212860107421875 0.023869642987847328 0.05416116490960121
v -0.0026373672299087048 0.032063793390989304 0.05536970496177673
v 0.0011954116635024548 0.00247191428206861 0.05694694072008133
v 0.0019958114717155695 0.00018645763339009136 0.059160031378269196
v 0.0021686935797333717 0.00017949103494174778 0.059167709201574326
v 0.002636489924043417 -0.0008727836539037526 0.06243126839399338
v 0.0021056747063994408 0.0007352065877057612 0.06901798397302628
v 0.0013596725184470415 0.0023551892954856157 0.056927017867565155
v -0.00045497893006540835 0.013888726010918617 0.053711459040641785
v -0.0004949187859892845 0.015643401071429253 0.0538681223988533
v -0.0010786819038912654 0.019382623955607414 0.053678859025239944
v -0.0018691634759306908 0.02401391975581646 0.054204653948545456
v -0.002546119736507535 0.0319809764623642 0.05515385419130325
v -0.0027016829699277878 0.04053283482789993 0.05827696993947029
v 0.002389831468462944 0.22835691273212433 -0.055224861949682236
v 0.002389831468462944 0.23272082209587097 -0.06247095391154289
v 0.0008462905534543097 0.2326400727033615 -0.0632120817899704
v 0.002389831468462944 0.2362775355577469 -0.06929630786180496
v 0.0010270308703184128 0.23642921447753906 -0.07062575221061707
v -0.00393474567681551 0.2210128754377365 -0.07375822961330414
v -0.0021196745801717043 0.23299036920070648 -0.0859714075922966
v 0.0015584563370794058 0.24160902202129364 -0.08757095038890839
v 0.002389831468462944 0.242113396525383 -0.08685162663459778
v -0.0038772199768573046 0.2139771580696106 -0.0831310823559761
v -0.006150627043098211 0.20112161338329315 -0.07290174067020416
v -0.006516151130199432 0.19608575105667114 -0.08675119280815125
v -0.004796028137207031 0.21284307539463043 -0.09516897797584534
v -0.01170143112540245 0.18611302971839905 -0.09158401191234589
v -0.01725158654153347 0.17452462017536163 -0.09179113060235977
v -0.022655906155705452 0.16370674967765808 -0.09412895888090134
v -0.027282675728201866 0.1532268226146698 -0.09739848226308823
v -0.03157348558306694 0.14116711914539337 -0.09933028370141983
v -0.03342174366116524 0.12872733175754547 -0.10121871531009674
v -0.03318393602967262 0.11533227562904358 -0.10281213372945786
v -0.029834670946002007 0.10286818444728851 -0.1040181890130043
v -0.023756522685289383 0.09013942629098892 -0.10524941980838776
v -0.015210723504424095 0.17126376926898956 -0.10731929540634155
v -0.009529800154268742 0.17928041517734528 -0.10705040395259857
v -0.02452552691102028 0.151326522231102 -0.11178981512784958
v -0.020721206441521645 0.15988759696483612 -0.10907609015703201
v -0.005218162201344967 0.1921614408493042 -0.09928159415721893
v -0.004722785670310259 0.18926429748535156 -0.10789259523153305
v -0.005215988028794527 0.2095564603805542 -0.10798539966344833
v -0.005055885296314955 0.20198014378547668 -0.12052204459905624
v -0.012267646379768848 0.170303612947464 -0.11985939741134644
v -0.020870475098490715 0.15314316749572754 -0.12131477147340775
v -0.028979720547795296 0.13879990577697754 -0.11400682479143143
v -0.030576400458812714 0.12865062057971954 -0.11563891917467117
v -0.02978336252272129 0.11434757709503174 -0.11813399940729141
v -0.026963958516716957 0.10505374521017075 -0.11992944777011871
v -0.027837829664349556 0.13324977457523346 -0.12579113245010376
v -0.0252296831458807 0.1089152917265892 -0.1323220133781433
v -0.017850227653980255 0.1500084400177002 -0.13735972344875336
v -0.024001769721508026 0.13430507481098175 -0.14159494638442993
v -0.0241172406822443 0.11802148818969727 -0.14662431180477142
v -0.020767897367477417 0.10738019645214081 -0.14937883615493774
v -0.015298843383789062 0.14868207275867462 -0.1489754319190979
v -0.007873229682445526 0.16001974046230316 -0.14580921828746796
v -0.006703758146613836 0.15720555186271667 -0.15395162999629974
v -0.0028137587942183018 0.16444751620292664 -0.1523313820362091
v -0.0044029997661709785 0.16965413093566895 -0.14345873892307281
v -0.0018227004911750555 0.17058396339416504 -0.1534256786108017
v -0.0021190643310546875 0.17691747844219208 -0.14753583073616028
v -0.0009594726143404841 0.16028030216693878 -0.1635190099477768
v 0.002389831468462944 0.16640733182430267 -0.1548158824443817
v 0.002389831468462944 0.1613515019416809 -0.16416995227336884
v 0.0005608749343082309 0.1589207947254181 -0.1769314706325531
v 0.002389831468462944 0.15970447659492493 -0.17641431093215942
v -0.006132583599537611 0.15608978271484375 -0.16657723486423492
v -0.005708579905331135 0.15522822737693787 -0.17849795520305634
v -0.0017847823910415173 0.1762300580739975 -0.15964417159557343
v 0.0001775741548044607 0.1736954003572464 -0.16630281507968903
v 0.0004585647548083216 0.18298326432704926 -0.1680884063243866
v -0.002799835056066513 0.18217256665229797 -0.15728096663951874
v -0.013905296102166176 0.1475542187690735 -0.15650464594364166
v -0.011504516005516052 0.14637242257595062 -0.1686096489429474
v -0.01910354569554329 0.13479295372962952 -0.15924879908561707
v -0.02066722884774208 0.13509665429592133 -0.15321122109889984
v -0.02109149843454361 0.12360803037881851 -0.1594754159450531
v -0.015739135444164276 0.13461542129516602 -0.17108406126499176
v -0.017598304897546768 0.12207185477018356 -0.17290984094142914
v -0.009740028530359268 0.14645543694496155 -0.18057139217853546
v -0.013004645705223083 0.13495512306690216 -0.1824658215045929
v -0.01465808879584074 0.1217433363199234 -0.18497250974178314
v -0.005089302081614733 0.17410509288311005 -0.1330542117357254
v -0.004835701081901789 0.18084025382995605 -0.14321377873420715
v -0.0012131881667301059 0.18581058084964752 -0.1387614756822586
v -0.004157066345214844 0.1814851313829422 -0.12314913421869278
v -0.0009109878446906805 0.1932934671640396 -0.152008056640625
v -0.0030660629272460938 0.18709929287433624 -0.15526948869228363
v 0.0005657958681695163 0.19144991040229797 -0.16815336048603058
v 0.0007047653198242188 0.20058377087116241 -0.16517601907253265
v -0.005240592639893293 0.18379628658294678 -0.116323322057724
v -0.0027618408203125 0.19528767466545105 -0.1290401667356491
v -0.005584678612649441 0.19153809547424316 -0.13422375917434692
v -0.0017961501143872738 0.2067015916109085 -0.14372991025447845
v -0.0045729828998446465 0.2004949003458023 -0.14756618440151215
v 0.001408538781106472 0.21634960174560547 -0.15789176523685455
v 0.00028179166838526726 0.2083330899477005 -0.16300193965435028
v -0.011483077891170979 0.16344882547855377 -0.1351533979177475
v 0.002389831468462944 0.20950102806091309 -0.1632380485534668
v 0.002389831468462944 0.2181871384382248 -0.15719172358512878
v 0.002389831468462944 0.20198121666908264 -0.16527770459651947
v 0.002389831468462944 0.1930166631937027 -0.16771994531154633
v 0.002389831468462944 0.18450656533241272 -0.1694517433643341
v 0.002389831468462944 0.17449966073036194 -0.16687113046646118
v 0.00036827087751589715 0.2250036746263504 -0.15310341119766235
v 0.002389831468462944 0.22527702152729034 -0.1534443497657776
v -0.0037080382462590933 0.21490773558616638 -0.13921429216861725
v -0.0025886152870953083 0.21779729425907135 -0.12268916517496109
v -0.0034836959093809128 0.21816684305667877 -0.11094845831394196
v -0.003005409147590399 0.23189152777194977 -0.11542249470949173
v -0.0009136581211350858 0.2319619357585907 -0.12593230605125427
v 0.0009347533923573792 0.24290919303894043 -0.12219459563493729
v 0.0008903503185138106 0.24045121669769287 -0.12964150309562683
v -0.0019504546653479338 0.23068949580192566 -0.13441576063632965
v 0.0009331893525086343 0.23458276689052582 -0.1422644853591919
v 0.0007123947143554688 0.2299780398607254 -0.14741072058677673
v -0.0022769926581531763 0.22042714059352875 -0.1360001564025879
v 0.002389831468462944 0.24346333742141724 -0.12278787046670914
v 0.002389831468462944 0.24146941304206848 -0.12931808829307556
v 0.002389831468462944 0.2357107698917389 -0.14102314412593842
v 0.002389831468462944 0.23082634806632996 -0.14700405299663544
v 0.002389831468462944 0.24484345316886902 -0.114776112139225
v 0.0012887954944744706 0.2445310354232788 -0.11463217437267303
v 0.0006970596150495112 0.24416296184062958 -0.10420214384794235
v -0.003122482215985656 0.2318650782108307 -0.10761868208646774
v -0.00034175871405750513 0.23207634687423706 -0.09674898535013199
v -0.004797591827809811 0.21940146386623383 -0.10147075355052948
v -0.002913322299718857 0.21994706988334656 -0.08750290423631668
v 0.002389831468462944 0.24556562304496765 -0.10310874879360199
v -0.004341926425695419 0.07417690753936768 -0.14811107516288757
v -0.0020762633066624403 0.07446254789829254 -0.16524164378643036
v -0.00428569782525301 0.0630115494132042 -0.16089563071727753
v -0.0034851073287427425 0.05049804598093033 -0.15077079832553864
v -0.003318519564345479 0.039277754724025726 -0.13787516951560974
v -0.0048980712890625 0.037861041724681854 -0.11967217177152634
v -0.005474700592458248 0.04392392188310623 -0.09900476038455963
v -0.003393096849322319 0.046822723001241684 -0.08260651677846909
v 0.002389831468462944 0.05940758064389229 -0.29847991466522217
v 0.05360809341073036 0.1007315069437027 0.13667745888233185
v 0.048564184457063675 0.10018815845251083 0.14292111992835999
v 0.04932716116309166 0.10335227102041245 0.14229893684387207
v 0.05330676957964897 0.106499582529068 0.13627763092517853
v 0.05762416869401932 0.1033579483628273 0.12929129600524902
v 0.05646873265504837 0.10934186726808548 0.12985476851463318
v 0.060555875301361084 0.10618820041418076 0.12002506107091904
v 0.059768714010715485 0.11305681616067886 0.1205255314707756
v 0.06294479221105576 0.10842061042785645 0.11213462799787521
v 0.06262676417827606 0.11472080647945404 0.11312571167945862
v 0.06479015201330185 0.11033426970243454 0.1054166853427887
v 0.06415554136037827 0.11652548611164093 0.1073480099439621
v 0.06704406440258026 0.11865001171827316 0.09732960164546967
v 0.06743026524782181 0.11257399618625641 0.09573882818222046
v 0.0685250461101532 0.12002979218959808 0.09137539565563202
v 0.06944599002599716 0.11402416974306107 0.08854934573173523
v 0.0696021243929863 0.1207164004445076 0.08707927167415619
v 0.0706763043999672 0.11511415988206863 0.08345846831798553
v 0.07098770141601562 0.12195434421300888 0.0795457661151886
v 0.07328979671001434 0.11281054466962814 0.07620224356651306
v 0.07180118560791016 0.1217992752790451 0.07528939843177795
v 0.0736820176243782 0.11438402533531189 0.07303488254547119
v 0.07269901037216187 0.1210997998714447 0.07191614806652069
v 0.07273868471384048 0.11862333863973618 0.06938771158456802
v 0.06525569409132004 0.10648015886545181 0.10427423566579819
v 0.06817600131034851 0.108271025121212 0.09528845548629761
v 0.07064662873744965 0.11005309224128723 0.08748075366020203
v 0.07187282294034958 0.11094577610492706 0.08279120922088623
v 0.07339660823345184 0.11678431928157806 0.06885836273431778
v 0.07017509639263153 0.1220426931977272 0.07933121919631958
v 0.07110332697629929 0.12173421680927277 0.07511474192142487
v 0.06864719092845917 0.12140528112649918 0.08683174103498459
v 0.06750385463237762 0.12065500020980835 0.0911836326122284
v 0.06578277796506882 0.11949687451124191 0.09710273891687393
v 0.06318080425262451 0.11740931123495102 0.10715840756893158
v 0.06127776950597763 0.11580757051706314 0.11295393109321594
v 0.05902896821498871 0.11339213699102402 0.12021855264902115
v 0.05544803664088249 0.10981261730194092 0.12968745827674866
v 0.05230380967259407 0.10717029124498367 0.135968878865242
v 0.04836711660027504 0.10378435999155045 0.14201712608337402
v 0.046758003532886505 0.09910135716199875 0.14276272058486938
v 0.04816455766558647 0.09726551920175552 0.14291764795780182
v 0.046472396701574326 0.09733275324106216 0.14265701174736023
v 0.05222148820757866 0.09838683903217316 0.1368095427751541
v 0.05715034529566765 0.10022266954183578 0.1286751925945282
v 0.060291022062301636 0.10264663398265839 0.11957455426454544
v 0.06295490264892578 0.10473721474409103 0.11151856184005737
v 0.04621646925806999 0.0956757441163063 0.14255085587501526
v 0.04720752686262131 0.09507448226213455 0.1429510861635208
v 0.04560481756925583 0.09168335050344467 0.14226104319095612
v 0.04709266498684883 0.0913710743188858 0.14241676032543182
v 0.046486012637615204 0.08793281018733978 0.1419752836227417
v 0.052295226603746414 0.09176234155893326 0.13572831451892853
v 0.05123576894402504 0.08623044937849045 0.1341375857591629
v 0.05612918734550476 0.09315226972103119 0.12720052897930145
v 0.055977363139390945 0.08548562973737717 0.12583154439926147
v 0.059893302619457245 0.0940597802400589 0.11817067116498947
v 0.05997100844979286 0.08642537891864777 0.11685045808553696
v 0.06290874630212784 0.09600691497325897 0.109830342233181
v 0.06322246044874191 0.08762291073799133 0.10814987123012543
v 0.06600635498762131 0.08987678587436676 0.100073903799057
v 0.06582938879728317 0.09773311764001846 0.1020008996129036
v 0.06859046965837479 0.09390216320753098 0.09089228510856628
v 0.06910388916730881 0.10038325190544128 0.09276492893695831
v 0.07120075076818466 0.10199132561683655 0.08606274425983429
v 0.07103656977415085 0.09779094159603119 0.08365406841039658
v 0.07215908169746399 0.10253141075372696 0.08251797407865524
v 0.07258346676826477 0.0991976335644722 0.07356254011392593
v 0.07331420481204987 0.10227064043283463 0.0722341239452362
v 0.07227565348148346 0.1019984781742096 0.07212959975004196
v 0.07172694802284241 0.09923437237739563 0.07352353632450104
v 0.07299637049436569 0.09392700344324112 0.07699321955442429
v 0.0716058686375618 0.0885326936841011 0.08067530393600464
v 0.0699186697602272 0.08774209767580032 0.08867543935775757
v 0.07021591067314148 0.08156783878803253 0.08701899647712708
v 0.06691353023052216 0.08167646825313568 0.09716326743364334
v 0.06673793494701385 0.07545588910579681 0.09493011981248856
v 0.06256923824548721 0.07288049906492233 0.10439356416463852
v 0.06309822201728821 0.07920140773057938 0.10676074773073196
v 0.05872165411710739 0.0729619711637497 0.11335441470146179
v 0.05898475646972656 0.07956036180257797 0.11589924246072769
v 0.05375656113028526 0.07397031784057617 0.12407314777374268
v 0.05453796312212944 0.08112227916717529 0.1251320242881775
v 0.05068931356072426 0.07709743082523346 0.1319219022989273
v 0.05081168934702873 0.08204301446676254 0.13304835557937622
v 0.04856399446725845 0.08000773191452026 0.1371004432439804
v 0.04660506919026375 0.08368659019470215 0.1404908001422882
v 0.04657871276140213 0.0805836096405983 0.137117400765419
v 0.045466918498277664 0.08309517800807953 0.1395004391670227
v 0.04952789098024368 0.07680436968803406 0.13045810163021088
v 0.0691063329577446 0.08132573217153549 0.08648974448442459
v 0.06472179293632507 0.07554981112480164 0.09448184818029404
v 0.052428167313337326 0.07438062131404877 0.12303369492292404
v 0.057229116559028625 0.07265601307153702 0.11206419765949249
v 0.06099124625325203 0.07309779524803162 0.10349006205797195
v 0.04509647190570831 0.08596864342689514 0.1413089781999588
v 0.04596797749400139 0.08488794416189194 0.13686442375183105
v 0.045601654797792435 0.08804003149271011 0.13809102773666382
v 0.04666511341929436 0.0916973128914833 0.13892720639705658
v 0.04711398854851723 0.09531795978546143 0.13881413638591766
v 0.04729747772216797 0.09822136908769608 0.13951954245567322
v 0.048244476318359375 0.10263471305370331 0.13968777656555176
v 0.05149291828274727 0.10594247281551361 0.13470053672790527
v 0.05431060492992401 0.10777492076158524 0.12845806777477264
v 0.05744411423802376 0.11104438453912735 0.11989244818687439
v 0.05991920456290245 0.11297634243965149 0.11177875101566315
v 0.0616016760468483 0.11493192613124847 0.10660996288061142
v 0.06462379544973373 0.11617580056190491 0.09637904167175293
v 0.0663229376077652 0.11761176586151123 0.09057781100273132
v 0.06751369684934616 0.1188286542892456 0.08638208359479904
v 0.06929385662078857 0.12046194076538086 0.07978622615337372
v 0.07028529793024063 0.11966526508331299 0.07496076822280884
v 0.07199226319789886 0.12082012742757797 0.07141657918691635
v 0.07193119078874588 0.11838436126708984 0.06922780722379684
v 0.07224921882152557 0.1163281798362732 0.06869157403707504
v 0.07370281219482422 0.11503884196281433 0.06836798042058945
v 0.07323108613491058 0.11129180341959 0.06928978860378265
v 0.07271263003349304 0.11455219238996506 0.06870826333761215
v 0.07210029661655426 0.11013814806938171 0.06934987008571625
v 0.0738416239619255 0.10642222315073013 0.07077298313379288
v 0.0727350190281868 0.10398702323436737 0.07132875174283981
v 0.0711199939250946 0.1068124771118164 0.08163058757781982
v 0.06990013271570206 0.1063394844532013 0.08603130280971527
v 0.06736739724874496 0.1043807789683342 0.0945025235414505
v 0.06467677652835846 0.10225449502468109 0.10295702517032623
v 0.062287405133247375 0.10009054094552994 0.11086039990186691
v 0.05953826755285263 0.09742174297571182 0.11925357580184937
v 0.05657123401761055 0.09591864049434662 0.12799131870269775
v 0.05165199190378189 0.09446901082992554 0.13643823564052582
v 0.07035472989082336 0.08835657685995102 0.0805487334728241
v 0.07176417857408524 0.09345577657222748 0.07700368016958237
v 0.07054107636213303 0.09986995160579681 0.07469193637371063
v 0.07097076624631882 0.10217240452766418 0.07356266677379608
v 0.07166580110788345 0.10437622666358948 0.07233502715826035
v 0.07139091193675995 0.11036216467618942 0.06997784227132797
v 0.0715678408741951 0.11558268964290619 0.06978767365217209
v 0.07090259343385696 0.11713195592164993 0.07047274708747864
v 0.0704541727900505 0.11843041330575943 0.07241389900445938
v 0.070261150598526 0.09395672380924225 0.07806377857923508
v 0.06908092647790909 0.08935363590717316 0.08165103942155838
v 0.06725650280714035 0.083100825548172 0.08676109462976456
v 0.06396457552909851 0.07695575058460236 0.09493280202150345
v 0.06010505557060242 0.07507386058568954 0.10376695543527603
v 0.056084632873535156 0.0750521570444107 0.11257889866828918
v 0.05231742560863495 0.07676120102405548 0.12161269038915634
v 0.04913501814007759 0.07867952436208725 0.1289704591035843
v 0.04653579741716385 0.08196597546339035 0.13441354036331177
v 0.048244476318359375 0.10263471305370331 0.13968777656555176
v 0.04729747772216797 0.09822136908769608 0.13951954245567322
v 0.05149291828274727 0.10594247281551361 0.13470053672790527
v 0.04711398854851723 0.09531795978546143 0.13881413638591766
v 0.05431060492992401 0.10777492076158524 0.12845806777477264
v 0.04666511341929436 0.0916973128914833 0.13892720639705658
v 0.045601654797792435 0.08804003149271011 0.13809102773666382
v 0.04596797749400139 0.08488794416189194 0.13686442375183105
v 0.04653579741716385 0.08196597546339035 0.13441354036331177
v 0.04913501814007759 0.07867952436208725 0.1289704591035843
v 0.05231742560863495 0.07676120102405548 0.12161269038915634
v 0.05744411423802376 0.11104438453912735 0.11989244818687439
v 0.056084632873535156 0.0750521570444107 0.11257889866828918
v 0.05991920456290245 0.11297634243965149 0.11177875101566315
v 0.06010505557060242 0.07507386058568954 0.10376695543527603
v 0.06396457552909851 0.07695575058460236 0.09493280202150345
v 0.0616016760468483 0.11493192613124847 0.10660996288061142
v 0.06725650280714035 0.083100825548172 0.08676109462976456
v 0.06462379544973373 0.11617580056190491 0.09637904167175293
v 0.06908092647790909 0.08935363590717316 0.08165103942155838
v 0.070261150598526 0.09395672380924225 0.07806377857923508
v 0.0663229376077652 0.11761176586151123 0.09057781100273132
v 0.07054107636213303 0.09986995160579681 0.07469193637371063
v 0.07097076624631882 0.10217240452766418 0.07356266677379608
v 0.07166580110788345 0.10437622666358948 0.07233502715826035
v 0.06751369684934616 0.1188286542892456 0.08638208359479904
v 0.07139091193675995 0.11036216467618942 0.06997784227132797
v 0.06929385662078857 0.12046194076538086 0.07978622615337372
v 0.07028529793024063 0.11966526508331299 0.07496076822280884
v 0.0715678408741951 0.11558268964290619 0.06978767365217209
v 0.0704541727900505 0.11843041330575943 0.07241389900445938
v 0.07090259343385696 0.11713195592164993 0.07047274708747864
v -0.04454749822616577 0.10335227102041245 0.14229893684387207
v -0.04378452152013779 0.10018815845251083 0.14292111992835999
v -0.048828430473804474 0.1007315069437027 0.13667745888233185
v -0.048527106642723083 0.106499582529068 0.13627763092517853
v -0.05284450575709343 0.1033579483628273 0.12929129600524902
v -0.05168906971812248 0.10934186726808548 0.12985476851463318
v -0.055776212364435196 0.10618820041418076 0.12002506107091904
v -0.0549890510737896 0.11305681616067886 0.1205255314707756
v -0.05816512927412987 0.10842061042785645 0.11213462799787521
v -0.057847097516059875 0.11472080647945404 0.11312571167945862
v -0.06001048907637596 0.11033426970243454 0.1054166853427887
v -0.05937587469816208 0.11652548611164093 0.1073480099439621
v -0.06226440146565437 0.11865001171827316 0.09732960164546967
v -0.06265060603618622 0.11257399618625641 0.09573882818222046
v -0.06374537944793701 0.12002979218959808 0.09137539565563202
v -0.06466632336378098 0.11402416974306107 0.08854934573173523
v -0.06482246518135071 0.1207164004445076 0.08707927167415619
v -0.0658966451883316 0.11511415988206863 0.08345846831798553
v -0.06620803475379944 0.12195434421300888 0.0795457661151886
v -0.06851013004779816 0.11281054466962814 0.07620224356651306
v -0.06702151894569397 0.1217992752790451 0.07528939843177795
v -0.06890235841274261 0.11438402533531189 0.07303488254547119
v -0.06791935116052628 0.1210997998714447 0.07191614806652069
v -0.0679590180516243 0.11862333863973618 0.06938771158456802
v -0.06047603487968445 0.10648015886545181 0.10427423566579819
v -0.05817523971199989 0.10473721474409103 0.11151856184005737
v -0.05551135912537575 0.10264663398265839 0.11957455426454544
v -0.05237068235874176 0.10022266954183578 0.1286751925945282
v -0.04744182527065277 0.09838683903217316 0.1368095427751541
v -0.043384894728660583 0.09726551920175552 0.14291764795780182
v -0.04197834059596062 0.09910135716199875 0.14276272058486938
v -0.04358745366334915 0.10378435999155045 0.14201712608337402
v -0.04169273376464844 0.09733275324106216 0.14265701174736023
v -0.04752414673566818 0.10717029124498367 0.135968878865242
v -0.050668373703956604 0.10981261730194092 0.12968745827674866
v -0.05424930527806282 0.11339213699102402 0.12021855264902115
v -0.05649810656905174 0.11580757051706314 0.11295393109321594
v -0.05840114504098892 0.11740931123495102 0.10715840756893158
v -0.06100311130285263 0.11949687451124191 0.09710273891687393
v -0.06272418797016144 0.12065500020980835 0.0911836326122284
v -0.06386753171682358 0.12140528112649918 0.08683174103498459
v -0.06539542973041534 0.1220426931977272 0.07933121919631958
v -0.0663236603140831 0.12173421680927277 0.07511474192142487
v -0.06721259653568268 0.12082012742757797 0.07141657918691635
v -0.0671515241265297 0.11838436126708984 0.06922780722379684
v -0.06861694157123566 0.11678431928157806 0.06885836273431778
v -0.06746955960988998 0.1163281798362732 0.06869157403707504
v -0.06892314553260803 0.11503884196281433 0.06836798042058945
v -0.0684514194726944 0.11129180341959 0.06928978860378265
v -0.06793296337127686 0.11455219238996506 0.06870826333761215
v -0.06732062995433807 0.11013814806938171 0.06934987008571625
v -0.06906196475028992 0.10642222315073013 0.07077298313379288
v -0.06795535981655121 0.10398702323436737 0.07132875174283981
v -0.06853454560041428 0.10227064043283463 0.0722341239452362
v -0.06749599426984787 0.1019984781742096 0.07212959975004196
v -0.06780380010604858 0.0991976335644722 0.07356254011392593
v -0.0673794150352478 0.10253141075372696 0.08251797407865524
v -0.06694728881120682 0.09923437237739563 0.07352353632450104
v -0.06625690311193466 0.09779094159603119 0.08365406841039658
v -0.06642108410596848 0.10199132561683655 0.08606274425983429
v -0.0638108029961586 0.09390216320753098 0.09089228510856628
v -0.06432422250509262 0.10038325190544128 0.09276492893695831
v -0.061049725860357285 0.09773311764001846 0.1020008996129036
v -0.06122669205069542 0.08987678587436676 0.100073903799057
v -0.05812907963991165 0.09600691497325897 0.109830342233181
v -0.05844280123710632 0.08762291073799133 0.10814987123012543
v -0.055191345512866974 0.08642537891864777 0.11685045808553696
v -0.05511363968253136 0.0940597802400589 0.11817067116498947
v -0.05119770020246506 0.08548562973737717 0.12583154439926147
v -0.05134952440857887 0.09315226972103119 0.12720052897930145
v -0.04645610600709915 0.08623044937849045 0.1341375857591629
v -0.047515563666820526 0.09176234155893326 0.13572831451892853
v -0.041706349700689316 0.08793281018733978 0.1419752836227417
v -0.04231300204992294 0.0913710743188858 0.14241676032543182
v -0.04082515463232994 0.09168335050344467 0.14226104319095612
v -0.040316808968782425 0.08596864342689514 0.1413089781999588
v -0.06513900309801102 0.08774209767580032 0.08867543935775757
v -0.06682620942592621 0.0885326936841011 0.08067530393600464
v -0.0682167038321495 0.09392700344324112 0.07699321955442429
v -0.06543624401092529 0.08156783878803253 0.08701899647712708
v -0.06213386356830597 0.08167646825313568 0.09716326743364334
v -0.06195827201008797 0.07545588910579681 0.09493011981248856
v -0.05778957158327103 0.07288049906492233 0.10439356416463852
v -0.05831855535507202 0.07920140773057938 0.10676074773073196
v -0.0539419911801815 0.0729619711637497 0.11335441470146179
v -0.054205093532800674 0.07956036180257797 0.11589924246072769
v -0.048976898193359375 0.07397031784057617 0.12407314777374268
v -0.04975830018520355 0.08112227916717529 0.1251320242881775
v -0.04590965062379837 0.07709743082523346 0.1319219022989273
v -0.046032026410102844 0.08204301446676254 0.13304835557937622
v -0.043784331530332565 0.08000773191452026 0.1371004432439804
v -0.04182540625333786 0.08368659019470215 0.1404908001422882
v -0.04179904982447624 0.0805836096405983 0.137117400765419
v -0.040687255561351776 0.08309517800807953 0.1395004391670227
v -0.044748228043317795 0.07680436968803406 0.13045810163021088
v -0.06432666629552841 0.08132573217153549 0.08648974448442459
v -0.059942129999399185 0.07554981112480164 0.09448184818029404
v -0.04764850437641144 0.07438062131404877 0.12303369492292404
v -0.05244945362210274 0.07265601307153702 0.11206419765949249
v -0.05621158331632614 0.07309779524803162 0.10349006205797195
v -0.06557506322860718 0.08835657685995102 0.0805487334728241
v -0.06698451936244965 0.09345577657222748 0.07700368016958237
v -0.06576140969991684 0.09986995160579681 0.07469193637371063
v -0.06619109958410263 0.10217240452766418 0.07356266677379608
v -0.06688613444566727 0.10437622666358948 0.07233502715826035
v -0.06661125272512436 0.11036216467618942 0.06997784227132797
v -0.06678817421197891 0.11558268964290619 0.06978767365217209
v -0.06612293422222137 0.11713195592164993 0.07047274708747864
v -0.06567451357841492 0.11843041330575943 0.07241389900445938
v -0.06550563871860504 0.11966526508331299 0.07496076822280884
v -0.06451419740915298 0.12046194076538086 0.07978622615337372
v -0.06273403018712997 0.1188286542892456 0.08638208359479904
v -0.06154327094554901 0.11761176586151123 0.09057781100273132
v -0.05984412878751755 0.11617580056190491 0.09637904167175293
v -0.05682201310992241 0.11493192613124847 0.10660996288061142
v -0.05513954162597656 0.11297634243965149 0.11177875101566315
v -0.05266445130109787 0.11104438453912735 0.11989244818687439
v -0.04953094199299812 0.10777492076158524 0.12845806777477264
v -0.04671325534582138 0.10594247281551361 0.13470053672790527
v -0.04346481338143349 0.10263471305370331 0.13968777656555176
v -0.04251781478524208 0.09822136908769608 0.13951954245567322
v -0.041436806321144104 0.0956757441163063 0.14255085587501526
v -0.04242786392569542 0.09507448226213455 0.1429510861635208
v -0.046872328966856 0.09446901082992554 0.13643823564052582
v -0.05179157108068466 0.09591864049434662 0.12799131870269775
v -0.05475860461592674 0.09742174297571182 0.11925357580184937
v -0.05750774219632149 0.10009054094552994 0.11086039990186691
v -0.05989711731672287 0.10225449502468109 0.10295702517032623
v -0.06258773803710938 0.1043807789683342 0.0945025235414505
v -0.06512046605348587 0.1063394844532013 0.08603130280971527
v -0.06634032726287842 0.1068124771118164 0.08163058757781982
v -0.06339633464813232 0.108271025121212 0.09528845548629761
v -0.06586696207523346 0.11005309224128723 0.08748075366020203
v -0.06709316372871399 0.11094577610492706 0.08279120922088623
v -0.0411883145570755 0.08488794416189194 0.13686442375183105
v -0.04175613448023796 0.08196597546339035 0.13441354036331177
v -0.04082199186086655 0.08804003149271011 0.13809102773666382
v -0.04188545048236847 0.0916973128914833 0.13892720639705658
v -0.04233432561159134 0.09531795978546143 0.13881413638591766
v -0.044355351477861404 0.07867952436208725 0.1289704591035843
v -0.04753776267170906 0.07676120102405548 0.12161269038915634
v -0.05130496993660927 0.0750521570444107 0.11257889866828918
v -0.05532539263367653 0.07507386058568954 0.10376695543527603
v -0.05918491259217262 0.07695575058460236 0.09493280202150345
v -0.06247684359550476 0.083100825548172 0.08676109462976456
v -0.0643012598156929 0.08935363590717316 0.08165103942155838
v -0.06548149138689041 0.09395672380924225 0.07806377857923508
v -0.04346481338143349 0.10263471305370331 0.13968777656555176
v -0.04671325534582138 0.10594247281551361 0.13470053672790527
v -0.04251781478524208 0.09822136908769608 0.13951954245567322
v -0.04233432561159134 0.09531795978546143 0.13881413638591766
v -0.04953094199299812 0.10777492076158524 0.12845806777477264
v -0.04188545048236847 0.0916973128914833 0.13892720639705658
v -0.04082199186086655 0.08804003149271011 0.13809102773666382
v -0.0411883145570755 0.08488794416189194 0.13686442375183105
v -0.04175613448023796 0.08196597546339035 0.13441354036331177
v -0.044355351477861404 0.07867952436208725 0.1289704591035843
v -0.04753776267170906 0.07676120102405548 0.12161269038915634
v -0.05266445130109787 0.11104438453912735 0.11989244818687439
v -0.05130496993660927 0.0750521570444107 0.11257889866828918
v -0.05513954162597656 0.11297634243965149 0.11177875101566315
v -0.05532539263367653 0.07507386058568954 0.10376695543527603
v -0.05918491259217262 0.07695575058460236 0.09493280202150345
v -0.05682201310992241 0.11493192613124847 0.10660996288061142
v -0.06247684359550476 0.083100825548172 0.08676109462976456
v -0.05984412878751755 0.11617580056190491 0.09637904167175293
v -0.0643012598156929 0.08935363590717316 0.08165103942155838
v -0.06548149138689041 0.09395672380924225 0.07806377857923508
v -0.06154327094554901 0.11761176586151123 0.09057781100273132
v -0.06576140969991684 0.09986995160579681 0.07469193637371063
v -0.06619109958410263 0.10217240452766418 0.07356266677379608
v -0.06688613444566727 0.10437622666358948 0.07233502715826035
v -0.06273403018712997 0.1188286542892456 0.08638208359479904
v -0.06661125272512436 0.11036216467618942 0.06997784227132797
v -0.06451419740915298 0.12046194076538086 0.07978622615337372
v -0.06550563871860504 0.11966526508331299 0.07496076822280884
v -0.06678817421197891 0.11558268964290619 0.06978767365217209
v -0.06567451357841492 0.11843041330575943 0.07241389900445938
v -0.06612293422222137 0.11713195592164993 0.07047274708747864
vn 0.03325988008984803 0.8855969387596642 0.4632621746224491
vn 0.27322824118068506 0.8199745511095463 0.5029791881917257
vn 0.08709756106130812 0.8468706433946279 0.5246180784280511
vn 0.21370101180161175 0.8587509476120688 0.4657023593781129
vn -0.03966792467734208 0.888585223498928 0.45699316880140883
vn 0.16028267637034388 0.8757735541414676 0.45533520127701677
vn 0.2971093030085195 0.7615129874612386 0.5760416929299919
vn 0.07271010145200668 0.7787940794593823 0.6230513806628247
vn 0.0005874847400112791 0.2878747577013494 0.9576678854070808
vn 0.2969920793470795 0.198158895583973 0.9340924777055203
vn 0 -0.645035547038789 0.7641525653011776
vn 0.1411608742170729 -0.6659952338809845 0.7324779560082914
vn -0.04651891602490375 0.9160590353946908 0.39833633291932685
vn 0.3718761107615474 0.8608107339851563 0.3474378196178446
vn 0.1645519198288487 -0.7327244485494386 0.6603313926950325
vn 0.7054314434240841 -0.047581664009829244 0.7071792303784584
vn 0.08905906539603711 -0.7984006014309302 0.5955039567505102
vn 0.8252449518680668 0.08630020174964026 0.5581424948830213
vn 0.05923957261740562 -0.7573180050462568 0.650353836206772
vn 0.6942289998489983 -0.14100785412935285 0.7058065463301505
vn 0.9305447262175929 0.2558707707598185 0.2619478214824502
vn 0.11695502251898642 -0.6799741127759783 0.7238485536782571
vn 0.2388056952430579 -0.6460495157597896 0.7249771466094784
vn 0.9780448611404433 0.17910668535745308 0.10653189596096217
vn 0.23856778666494557 -0.747341639848644 0.6201337634044195
vn 0.8968380275778588 -0.33822993863521866 0.28510008926879
vn 0.6232445798944792 -0.7230126218646215 0.29802506984581006
vn 0.06094762704148466 -0.8666180402430533 0.4952358620731153
vn 0.7865388215409588 0.6130022863903049 0.07473204860846984
vn 0.9039310599472336 -0.04806911831820095 0.42496823260895816
vn 0.8653760068885936 0.12655036315964385 0.48488078151821534
vn 0.9072140663048959 -0.28930737330211237 0.30539135818088897
vn 0.8184797636403793 -0.5270383275952549 0.2287388855371677
vn 0.5415614745641182 -0.7975245570270516 0.26583030340189434
vn -0.029269199565769916 -0.9230540315120424 0.3835551705636942
vn 0.5507615873351988 -0.8144498569006939 0.18257355917670928
vn -0.02549536669993013 -0.9949351979441237 0.09723136412044849
vn 0.5838835913088543 -0.8105712044722193 0.0453241026467234
vn 0.1422930215701006 -0.9636859926796194 -0.22596903222686834
vn 0.3359404039955993 -0.8759837908977864 -0.34611622765715105
vn 0.7171374077686348 -0.6967703828076897 0.014999067334630696
vn 0.487861683669315 -0.8162134731263874 -0.3094940126954016
vn 0.820249148866793 -0.5694828275407596 0.053671621174351446
vn 0.9616067529779118 -0.27073201875724356 0.04490686636701703
vn 0.9628054366747784 -0.2531247700089329 0.0945174159476132
vn 0.9836470794613548 -0.13524990880405643 0.1189364756314975
vn 0.9790565965214718 -0.15789034958872228 0.12852555510303434
vn 0.9270434235357822 -0.37357338681795554 0.03214678118286181
vn 0.836084651733204 -0.5314358991739122 0.13615557353770805
vn 0.9223688076824078 -0.2655783545283542 0.2805421897336395
vn 0.6201803845550149 -0.7356420239719718 0.27240980742185983
vn 0.6785719454561789 -0.6606893613436451 0.32098237124045104
vn 0.7849610316820911 -0.4481803998025506 0.4277505207167062
vn 0.9267488938009728 -0.1166653436763915 0.35710738640294554
vn 0.8389358513548316 -0.290965983219323 0.45991894277226375
vn 0.8864993639694239 -0.1551041084427757 0.4359605409047687
vn 0.928306851336258 -0.040839693284349624 0.3695652976330473
vn 0.9283954872382837 0.060118830238318335 0.3666981667889354
vn 0.8932868446327651 -0.09415185038360475 0.4395156905906561
vn 0.8551210421229479 0.30349098429949095 0.42031086801020245
vn 0.7877398465505355 0.4655868553159431 0.4033544524528642
vn 0.6306115742147929 0.6463855852194736 0.4295517636872409
vn 0.7308655789918693 0.5585848545906645 0.39219697304645995
vn 0.5608669991290935 0.7055215679363787 0.4332061016012114
vn 0.9036076476730552 0.21435151547799164 0.370872817659984
vn 0.870027255160837 0.3676338838623174 0.32847816169969035
vn 0.5204615404217435 0.74009928403613 0.42587889676647933
vn 0.743389329781007 0.5665955847831099 0.35544584351491704
vn 0.9128392636403945 0.3286919486365924 0.24225210351603121
vn 0.6850336303097891 0.54037811490892 0.48859023554720493
vn 0.8158329791735192 -0.04970361342253164 0.5761476381150958
vn 0.6979897386141658 0.044924507286047285 0.7146972180122393
vn 0.34220751731725385 0.8280652667501265 0.44407423826833625
vn 0.39901454617071686 0.7985504541481198 0.45067123729389336
vn 0.4653459236595368 0.7533626147211556 0.46464819172569305
vn 0.504073543563417 0.6835303080471634 0.5279168311963255
vn 0.5508467209680932 0.15658221157155972 0.8197864972162318
vn 0.9437970218813075 0.04222017392310369 0.32781799584811894
vn 0.9691877279764628 -0.0369190510483225 0.24354082123848084
vn 0.9825459114375599 0.006587945450953153 0.18590355266123873
vn 0.9564179094638792 0.14311595728500412 0.25452427237326425
vn 0.990367476477038 -0.09015772733335657 0.10508970329479272
vn 0.9825669192698099 0.11054148148840219 0.14947518197675605
vn 0.17718899436952196 0.8606793247447873 0.477320814789356
vn -0.04454482632813584 0.8708376119331469 0.48954837563816933
vn -0.01006595046298237 0.8692606695923196 0.494251519917935
vn 0.2369907548058471 0.8475727679791177 0.4748218456608451
vn 0.023888819795055635 0.871323966733747 0.49012638093064065
vn 0.2768532869949709 0.8372750095222447 0.47151120443697325
vn 0.03504846210790748 0.8882835420563647 0.4579562798080938
vn 0.30221583086014053 0.8506831741883386 0.4301205978912982
vn 0.0355286710906419 0.9290451432068828 0.36825648047826093
vn 0.31837654576381225 0.8806508907487256 0.3508423915820026
vn 0.03430223046782238 0.9556977025625819 0.2923444172573422
vn 0.3167847581418248 0.9049098769072671 0.28422795725385697
vn 0.013716045635391553 0.9734736587528703 0.2283876218327692
vn 0.30050846202525733 0.9272606743074846 0.22334347121427897
vn 0 0.9833723352945181 0.1816007989448448
vn 0.27861818462779725 0.9444351721678073 0.17439642418087298
vn -1.3227596876239813e-7 0.9478148025131867 0.3188214235851649
vn 0.2979882679844792 0.9440248083242412 0.14149259136785242
vn 0.8694716027871361 0.42030086784413484 0.2595502117822979
vn 0.5088370930832696 0.8511285005825069 0.1290933313488416
vn 0.9633885907216357 0.054343188290684116 0.2625437890215342
vn 0.0000021189258875271295 0.2233884687375643 0.9747294968505861
vn -7.174095959176064e-7 0.9852516714723888 0.17111149540679377
vn -0.000003274789418804949 0.5627800295754875 0.8266067010981033
vn 0.9692796430392852 0.0784144025919417 0.23312690761854332
vn 1.0920444841159018e-7 0.15951922314483755 0.9871948224374232
vn 0.918783702504651 -0.03235716668471618 0.39343299528125814
vn 8.602125904582307e-7 -0.053552906709312606 0.9985650134979913
vn 0.8554178426975751 -0.011919950997596303 0.5178013414069546
vn 0.0000018092273780411963 -0.05048233426063188 0.9987249540911274
vn 0.7917297397915598 0.12340949343935512 0.5982759531007669
vn 0.0000018046290978358223 0.1728519137592829 0.9849478239513486
vn 0.9824248460459696 0.18028822372656433 0.04834850832314629
vn 0.7711450169250976 0.6363050699745681 0.0212419583901966
vn 0.5426445625281209 0.8376090560401234 0.06283269847967674
vn 0.5450323577786219 0.8305864560864202 0.11430602757544034
vn 0.68279626302064 0.7245832294987482 0.093639771113633
vn 0.6887908613715082 0.7117313183579466 0.13786108863473795
vn 0.8042192885821183 0.5827006574964682 0.11700974158442991
vn 0.7963495416456982 0.600478556801472 0.07247696421834803
vn 0.8860754746261799 0.4535797721536264 0.0955805605709371
vn 0.8849541236745313 0.4629667836140596 0.050179241340369135
vn 0.9422855594611212 0.32683105943605273 0.07265936291318154
vn 0.9425989346180277 0.3324326261529691 0.0315562596959707
vn 0.9797227140354404 0.19447399194872056 0.0482003118097786
vn 0.9796085928436162 0.20001511224159482 0.01899893949494056
vn 0.8134161459010482 0.5644784908370546 0.1404215331414889
vn 0.7027762480549616 0.6918991753238286 0.16547228274244882
vn 0.7146320617183487 0.6655893026014688 0.21515551730474552
vn 0.8198553985693259 0.543227736548087 0.18094405677328515
vn 0.889636051262456 0.431453352797211 0.14965193167543905
vn 0.8880738570624326 0.4442770756437896 0.11807922958614087
vn 0.9409640444166678 0.31756922645726327 0.11720261738699642
vn 0.9416746833904215 0.32186015554127917 0.09825899926466339
vn 0.9752604836127764 0.20079293589175215 0.09246180832832579
vn 0.9772471416576894 0.19611243163196793 0.08079565756445456
vn 0.7173667996071058 0.6476533277453996 0.25676845967090356
vn 0.8206820409670121 0.5300586769072823 0.21335132216492358
vn 0.7006447404953499 0.6514841401571517 0.29097313061501145
vn 0.8148004787185505 0.537276611026815 0.21779353324550624
vn 0.8869065771689807 0.4273759199790008 0.17534693152862846
vn 0.8865177407101055 0.4300999234585711 0.17058825061293453
vn 0.9370141454251317 0.32185798295539064 0.13569056739912905
vn 0.9398075829859306 0.31117781637920183 0.14117391244707733
vn 0.9787959323131785 0.16545371485906168 0.12076254024535861
vn 0.9752337777304266 0.19750563485854952 0.09955201139485916
vn 0.6571052271262937 0.6824902477474504 0.3200309082150122
vn 0.8036129218854614 0.550903779614714 0.22519169031057498
vn 0.7886577600318567 0.5561293787346355 0.26218133352655487
vn 0.6066355659698567 0.7082544512005838 0.3610663684906026
vn 0.7671570724172729 0.5609555801211215 0.3111251570849503
vn 0.5422313221460002 0.7421395789758185 0.3939721292190546
vn 0.9096836796942432 0.3505296612045918 0.2227208106884842
vn 0.9026145862494638 0.37998262213284295 0.2022377698817858
vn 0.8934443701195834 0.4159789731797819 0.1694657823099259
vn 0.966178174917644 0.19873399952926424 0.1643305563305648
vn 0.9743519961752275 0.15570376718031548 0.1624639173330726
vn 0.9530652608390249 0.2689029531206487 0.1391323484486472
vn 0.9904233711461411 0.028701897550817423 0.1350472027274012
vn 0.9872863516032813 0.09756340463209276 0.12548721853032213
vn 0.9925728638027985 -0.020181949371854153 0.11996582414114196
vn 0.42884920317143743 0.7960936109598338 0.42699335302573055
vn 0.490495510596739 0.7720882543877438 0.40409637652536684
vn 0.5426723620277969 0.7554217704210436 0.36721200452205804
vn 0.5749413103877381 0.7609632257610753 0.3006284395211624
vn 0.5729389252001111 0.7810490214981526 0.2484017190103968
vn 0.5586222863060247 0.8065887482842504 0.19327631097337228
vn 0.5388864245683732 0.8276084610634854 0.1570530375129515
vn 0.3581373925558132 0.8213503213916165 0.443983397891421
vn 0.9793114552156749 -0.18041656708697199 0.09164570914074159
vn 0.986302271806682 -0.12118213078460627 0.1119049588154189
vn 0.9908456775277654 -0.05250569475297698 0.12437039576623787
vn 0.9921043325713087 0.03725206035749595 0.11975507209450198
vn 0.9904986745338485 0.1009987679988579 0.09333608417649746
vn 0.9904867065036643 0.11532069340276407 0.07508143520624444
vn 0.9948386114094498 0.08572769534509998 0.05428535253395051
vn 0.9976594895103239 0.06091166569198296 0.031069470105368063
vn 0.9977049105680497 0.06588320350989563 0.015630576562415458
vn 0.9770135650754567 0.21311927832845584 -0.00496657460474889
vn 0.9397025931848401 0.3419368430963807 -0.00618317838720182
vn 0.8798392733724849 0.47526912383021586 -0.0014536041540988759
vn 0.7889648188737225 0.614347837182621 0.010547489207862214
vn 0.6812597486217888 0.7315772742861563 0.026073869214505704
vn 0.6895025351075186 0.7239930607228243 -0.020501270826517166
vn 0.7955323694906737 0.605199726938105 -0.029351994933858698
vn 0.8800584780092588 0.473454361907491 -0.0365792629067004
vn 0.996273455940591 0.08618771496385787 -0.0032982991829368616
vn 0.5317870685904851 0.846855117609815 0.006238866724450925
vn 0.5411083546613474 0.8408694627644573 -0.011844623501919354
vn 0.48488516411488103 0.8742206298895332 0.024993357054079367
vn 0.7243578871779958 0.6894203273829889 -0.002294226266611128
vn 0.7598317979875766 0.6501038261801239 0.004544662025937441
vn 0.9890415070488825 0.14338521656543946 0.03517921268245567
vn 0.9930319404857288 0.11758884336148341 -0.0077736151214437684
vn 0.9972610001605756 0.06189484973841833 -0.04049105005537587
vn 0.98633704978202 0.10199840947322457 0.1293659487354912
vn 0.9942921757322737 0.046521267667723125 0.09601479538159388
vn 0.894826281840538 0.3931471954466915 -0.21147389446416043
vn 0.7742442911864081 0.48713280663138175 -0.4040388672747823
vn 6.213412559236378e-7 0.8659541584150352 -0.5001233803006236
vn 9.415195121636591e-7 0.7464801408821437 -0.6654076940250155
vn 0.0000012815792580224503 0.7642060090431188 -0.6449722286585264
vn 0.6720405748210829 0.5832176148771072 -0.4563098503113938
vn 2.743290626953698e-7 0.9592770155839802 -0.2824670022714454
vn 0.932092094316959 0.36100401085247913 -0.029672072058553815
vn -0.0000010351467185731513 0.7078132495844796 0.7063996062510141
vn 0.9586609932294993 0.2600791680248502 0.11544663884120479
vn 0.9826915768341653 0.15179698027374192 0.10618352790784083
vn 7.044635049680875e-7 0.44118136313126405 0.897417965512806
vn 0.9803058589819265 0.13697274804979953 0.14226344975921842
vn 0 0.48399084126060443 0.8750730629929436
vn 0.9789525396399018 0.09383953483422841 0.18123483890985792
vn 0.0000016046763365988883 0.500508820997313 0.8657314364751373
vn 0.965483908124338 0.11520905843301588 0.23359729452186015
vn 9.967989993121139e-7 0.5056661803360888 0.862729224069358
vn 0.9535817286148465 0.1647272668411096 0.2520849349147607
vn 6.349145376162941e-7 0.5195439899535428 0.8544437035304021
vn 3.9443711278440813e-7 0.5393743181492037 0.8420661167158585
vn 0.9604019088858355 0.1832031375864347 0.20991613512764803
vn 0.9905701505143507 0.13454545531041143 0.025851448030828603
vn 0.9972885937426428 0.03413534940406691 0.06519385486289381
vn 0.9969531475047243 0.07791949481364918 -0.0036019450869197284
vn 0.9978347197197593 0.053278873412554786 -0.03856466996719422
vn 0.9810855797640593 0.1344712947003594 -0.1392427954352711
vn 0.9869264011486144 0.13040983210787455 -0.09470773149769979
vn 5.571319769089949e-7 0.6127244448209885 -0.7902966245141764
vn 0.0000013191152870659028 0.051022584479024455 -0.9986974996821312
vn 0.9302842811035504 0.11284827698332817 -0.3490507451840552
vn 0.9900258277803081 -0.05061282333537294 -0.13148080636327864
vn 7.090147400618545e-7 -0.28165538327442635 -0.9595156304469633
vn 2.65058558869585e-7 -0.3726530059328281 -0.92797076310041
vn 0.9720809163130238 -0.05622430346744138 -0.22781027158500355
vn 4.862951324324271e-7 0.6619896457139504 -0.7495129811866382
vn -9.563313836080946e-7 0.9106787237763798 0.4131153132723475
vn 0.9914732941288651 0.12075540888112955 0.0489779364123109
vn 1.8061429720858128e-7 0.7064651443948471 0.7077478362772543
vn 0.985975386375893 0.11064589118436138 0.12494008253930004
vn 0.9610853833318118 0.2012441912164239 0.18925026142014154
vn 3.3979755709750434e-7 0.6686796965173873 0.7435505789556615
vn 0.9608477800998093 0.23969152201061636 0.1389946680758041
vn 9.218900480950814e-7 0.7296259060679412 0.6838465011928379
vn 0.9870855676325428 0.1357112210731399 -0.08511490261040024
vn 0.00006852967863272663 0.9973225462219817 -0.0731282031844497
vn 0.483547821346714 -0.34446622838914553 -0.8046890840381788
vn 7.771350579463252e-7 -0.3342549981792458 -0.9424826768655159
vn 5.505624408114328e-7 -0.4108234894378263 -0.9117149009014963
vn 0.9725442077122424 -0.07134407119616343 -0.22151249976135276
vn 0.9829866925846443 -0.07531065524243669 -0.16752751239261263
vn 0.000001112907037993265 -0.4025901486618805 -0.915380342917176
vn 0.9908678170023005 -0.004360749692763833 -0.13476629063386936
vn -1.3492869758020274e-7 -0.1383953094809897 -0.9903770687539383
vn 0.9774244900011414 0.13777634327068924 -0.1601844111671468
vn 6.492572240032973e-7 0.22874662030439039 -0.9734859956357346
vn -0.09135941336066748 0.30058544611116744 -0.9493691838144659
vn 0.9840066377165191 0.09187201547003553 -0.1526121545071192
vn -0.24362872847116415 0.6439144298438733 -0.7252718453810014
vn 0.9311172529968598 0.26027660353774545 -0.2554931522026315
vn 0.9975886901631755 0.043182564011644574 -0.054332968112373446
vn 0.9967830242908222 0.06417559127056215 -0.04801141500430961
vn 0.9187301674788927 0.3717540075614661 -0.1331684543208166
vn 0.9674868971593182 0.2516887133812749 0.024937830328903315
vn 0.9994319913719748 0.032056665756980164 0.010395422203743336
vn 0.998815959680704 0.03230215435549427 0.036376496685471535
vn 0.9994864777794281 -0.0040482667994984275 0.03178666814865666
vn 0.9997485921921011 0.011707799562846954 -0.019122757105288702
vn 0.9535088311785678 0.29945384742120174 -0.03388660692841652
vn 0.9997694732401438 0.010409135932134016 -0.018778984697567228
vn 0.9235025342914519 0.3744930800768126 -0.08305421200545827
vn 0.6083540623863591 0.7917537308426228 -0.05505782846064173
vn 0.48859885465987524 0.8685630053427804 -0.08288223558142829
vn 0.5601193851715781 0.8269380848601187 -0.04939309833258456
vn 0.5951414101728912 0.7993441215304212 -0.08279901733826038
vn 0.6982332997578973 0.7134019068483851 -0.05939678791219777
vn 0.7137781274811087 0.6939961806411622 -0.0942872525055313
vn 0.8013385626975639 0.5941820963513335 -0.06931193482609849
vn 0.8089825269115881 0.5778179591996447 -0.10804479246173433
vn 0.8788703617813879 0.4700051512820142 -0.08174377621949722
vn 0.8764094503638975 0.4675072023274256 -0.11551402981817675
vn 0.9313528574561367 0.3534050895830749 -0.08767381345115463
vn 0.9367169630542682 0.3475520869030756 -0.04205803152437518
vn 0.9727843145739763 0.22750554375282822 -0.043953439917361024
vn 0.9677642696786233 0.23651904177136238 -0.08655091688109008
vn 0.9260461728105042 0.3592151922531177 -0.11577103039004868
vn 0.9633576430500191 0.24147752315919951 -0.11675040636336241
vn 0.9939578351116434 0.10066987148235956 -0.04374241643874574
vn 0.9901898416369923 0.10936135702679024 -0.08697224332030956
vn 0.9862537165265451 0.1138799388778162 -0.11972871902247154
vn 0.9982482558687705 -0.04126042404138963 -0.042402795460704676
vn 0.9955911931708122 -0.03351588818533299 -0.08760628584677332
vn 0.9923018733952718 -0.03137984846824834 -0.11980107331048354
vn 0.97819093212551 -0.2041623239306374 -0.03821316258395359
vn 0.977076504170524 -0.1953766889462581 -0.08455444644904815
vn 0.9270168020089901 -0.37335750755738556 -0.035270672570308075
vn 0.9251904230596473 -0.3697180049233532 -0.08562288195457177
vn 0.9732813596352169 -0.19518093285910962 -0.120945435775275
vn 0.9180952719132239 -0.37561612554290924 -0.12654484550038628
vn 0.8270148302679164 -0.5557089820780163 -0.08505291150069239
vn 0.8297967617210462 -0.5570832293842399 -0.033099996617693334
vn 0.8179009158177633 -0.560786041110352 -0.12867442636453721
vn 0.6730814580677646 -0.7354265456379407 -0.07816103106035541
vn 0.6601462474668968 -0.7406746200302207 -0.12493213837305063
vn 0.4727536409902451 -0.8778461162186557 -0.07674758087581024
vn 0.4767034335912407 -0.8697990798342242 -0.1272925650690509
vn 0.028219993057300816 -0.9929831832929427 -0.11483914702426291
vn 0.00006868757815080791 -0.9961315243161297 -0.08787480609162363
vn 0.9903648604033992 -0.0365040380776473 -0.13358479884396052
vn 0.9679850651644224 -0.2075601159171686 -0.14115137937363634
vn 0.9877152512177478 -0.04988183488649539 -0.14808911188949012
vn 0.9837889827445894 0.11045459163981718 -0.141276397944056
vn 0.9818201345777222 0.10479570479800744 -0.15826270436736697
vn 0.9543937452462473 0.25167937515581223 -0.16059287392665084
vn 0.9588959836825568 0.24562926651171635 -0.14207306539375486
vn 0.9127583346252393 0.37149166419947777 -0.16990045910021037
vn 0.9194176459905242 0.36404310337674534 -0.14880796727686135
vn 0.8624954093813063 0.4733124900148454 -0.1791004064543678
vn 0.8668468055832848 0.47348261192650476 -0.1561756442384976
vn 0.8208906089475045 0.5443316326030675 -0.1727474511808338
vn 0.8095026750173031 0.5653258838176282 -0.15846786496210602
vn 0.7965071088134236 0.5868750131176943 -0.14544464441081095
vn 0.752263322888798 0.6425624707541212 -0.14564808345688268
vn 0.8383722726866738 0.5220364819602099 -0.15687524945888992
vn 0.8354736257209282 0.5151949930174842 -0.1912013072508683
vn 0.8582725795958736 0.472687911970087 -0.19983572501233177
vn 0.9045928010489364 0.38121974004140163 -0.19074426359187202
vn 0.9483323166497567 0.25917831252580886 -0.18300934269588448
vn 0.9787124179475503 0.10431573309861368 -0.17674906161945705
vn 0.759561913715249 0.6422326803906843 -0.10297030383283387
vn 0.6700495780436188 0.7315956625796675 -0.12570341864160156
vn 0.8293296247702157 0.5464012328293517 -0.11686772968214026
vn 0.7607814735157278 0.6489950474389086 -0.004120431410259727
vn 0.5559860212621323 0.8255702474129675 -0.09650549594502777
vn 0.7377329354556745 0.6728482142270015 -0.05500360493175871
vn 0.7035982944258202 0.7102973794133097 0.020665741691540264
vn 0.9282877091134886 0.35694636533094226 0.1042651494309607
vn 0.9181489211921386 0.395631367047243 -0.021871897998154262
vn 0.9847859381151892 -0.0632207519604201 -0.16186349993789675
vn 0.9810788354355319 -0.07657608918640363 -0.17782131825339859
vn 0.9603376727585563 -0.23012051860545293 -0.15746777828316935
vn 0.9522129022126911 -0.25252404079362667 -0.17182024816925076
vn 0.8979844806392491 -0.4079413304698293 -0.16494769906113727
vn 0.8824207850154896 -0.4327704641500427 -0.18450822077079304
vn 0.9413980432432629 -0.2799002704547641 -0.18821679727671856
vn 0.8712961871154878 -0.451717505053995 -0.19181827323226194
vn 0.7953499059921749 -0.5821976139114342 -0.1687141529157267
vn 0.7822193721653877 -0.5939832638932636 -0.18792747543638258
vn 0.789311275213738 -0.5930781850983581 -0.15888982717877367
vn 0.6438966974341102 -0.7491997462734441 -0.1552313860572435
vn 0.6694063119558573 -0.7244098918973172 -0.16469820288932918
vn 0.7805968039480254 -0.6180370539092586 -0.09326751664589471
vn 0.432484149717198 -0.8948327277891084 -0.11059769220420318
vn 0.4571664587759645 -0.8885983739970454 0.03730628231345769
vn 0.8862902573277645 -0.4598615494109155 -0.05492663415208533
vn 0.8279454858124465 -0.5418128079359493 -0.14472440595612773
vn 0.9611452406748604 -0.2667246346812496 -0.07111818039164533
vn 0.8704972575065026 -0.46547944793160473 -0.15988560981822575
vn 0.9795472817978516 -0.18252889066659167 -0.08467778217728511
vn 0.8926328731518391 -0.40858660823147513 -0.190429875131482
vn 0.9848553378702883 -0.14707220852427616 -0.09181355536189637
vn 0.8719284267517261 -0.4491664033708537 -0.19491116105844591
vn 0.8786223978791122 -0.43371757134252503 -0.19977925381255368
vn 0.9321683371011632 -0.3031376213061514 -0.19791355146856587
vn 0.9769767570378552 -0.0946658796570274 -0.19119306325428376
vn 0.9767162050270174 0.10136461098611407 -0.18907847703336111
vn 0.9442569902804352 0.2644096229025666 -0.19612824279806446
vn 0.8983254003946022 0.38768924412580974 -0.20666040983951453
vn 0.8599308445075046 0.4662377084241935 -0.20770493953675426
vn 0.855027430113037 0.48007931906852286 -0.19609166519003127
vn 0.8799165896267956 0.4450074339673002 -0.16647876445177184
vn 0.8819477813344487 0.4518444661519658 -0.1341815539002594
vn 0.9626091469131229 0.26686471008860235 -0.0465495090040239
vn 0.9791346206293882 0.20085248647110407 0.030881602343775207
vn 0.8993049303128591 0.41432923493139373 0.1399354401006036
vn 0.8346234963712843 0.5198991774906586 0.18195731518548436
vn 0.5016503910221758 0.7905595867314598 0.35122987488862845
vn -3.0238614104300484e-7 0.8603838874656379 0.5096465110146691
vn 2.5218602575914726e-7 0.9623181186901076 -0.2719261635824483
vn 0.28775599251724865 0.9207236059689158 -0.26356124559959426
vn -2.5499572971790475e-7 0.8526459585882825 0.5224891092673642
vn 0.8919168681008232 0.4071857021600984 -0.19668275052379772
vn 1.550733419247841e-7 0.738285078747723 -0.6744888008695508
vn 0.8985702265111989 0.4308301743962985 -0.08340808628225187
vn 0 0.9503042329319182 -0.31132276638832307
vn 0 0.9972734512941499 -0.07379473791439935
vn 0.9360307647981408 0.34994898719439543 -0.037176789977408524
vn 0.9544354896134715 0.28102033220013756 -0.10040153911378846
vn -3.8621229650538446e-7 0.9434746008825093 -0.3314448332519918
vn 0 0.7091811897088492 -0.7050262691298398
vn 0.9044852186869228 0.368727323543315 -0.2143516970995408
vn -8.990939719499218e-7 0.07830372168549875 -0.9969295497523339
vn 0.7581896093085949 -0.01552848405758371 -0.6518492022848179
vn 2.0115626323939423e-7 0.6738272728089011 -0.7388888999158659
vn 0.8245221607483483 0.2133435363506465 -0.5240684515712384
vn 0.9463930270583316 0.3198870266504768 -0.04486121393904663
vn 0 0.9651292975179376 0.26177364090475613
vn 0.9427380715520616 0.3325603448271728 -0.02546655639720399
vn 0 0.9995779466385428 -0.029050449116566665
vn 0.9516791270574444 0.29491518593153904 -0.08562635242813144
vn 1.9381364654521439e-7 0.8768806996909582 -0.48070805954285617
vn 0.9770486847676004 0.170501155840535 -0.1276919083221159
vn -0.0000031019434790369833 0.7389849855532629 -0.6737218944915043
vn 0.9914614829700341 0.06987200448661038 -0.11010009435002337
vn 2.8245237602037536e-7 0.3649664037835765 -0.9310206894098559
vn 0.9576404016957685 0.07268585205678586 -0.2786424733430754
vn 2.0725320577539443e-7 -0.19876306999949386 -0.9800475712965843
vn 0.9030997828501626 -0.08356196696581772 -0.42122224524921853
vn 0 -0.16455845335477448 -0.9863673329087316
vn 0.0000010000851132224322 0.8540327840212387 0.5202191882427368
vn 0.9376860330496773 0.2947687043139112 0.18400085429328192
vn -0.005951329835601293 0.8534476427038542 0.5211446083731677
vn 0.9820707363052096 0.18138474083183087 -0.05134826858145327
vn 0.9903533970001921 0.1384869057009326 -0.004639612005433369
vn 0.8278243640033351 0.560593492490053 -0.021018052723283314
vn 0.8405641122122293 0.5309683557201647 -0.10735258955745565
vn 0.49088596713492894 0.8628742592168962 -0.12032863354537784
vn 0.7900837174552809 0.6015820133732845 -0.11775738022641731
vn 0.6220859228151728 0.7725664897481433 -0.12708313638491553
vn 0.7256369296985232 0.6742346013809865 -0.13732715885185603
vn 0.8095774652906751 0.5701658131335167 -0.1396254748508372
vn 0.873293039453226 0.4681660816340874 -0.13483244138534062
vn 0.9230224605477811 0.36142058278263556 -0.13192687241566795
vn 0.9610442158111356 0.24279936235866 -0.1320699999779946
vn 0.9849330964732793 0.11217066173899513 -0.13162271124921293
vn 0.854074312781726 0.5199848728488321 -0.013145351072001375
vn 0.9979716215870513 0.06341414693064341 -0.0055936102804732485
vn 0.9992087257149392 0.005836798211641424 -0.039342778775323835
vn -0.20594427428926376 0.9243575458980362 -0.32116986662641345
vn 0.9762400860676391 0.1720789351048419 0.13169713150950632
vn 0.9827438579748488 0.12401911599715006 0.1372361777374893
vn -8.939080104229909e-7 0.5735376718042675 0.8191791861494903
vn -4.0075667746541667e-7 0.6612932239792649 0.7501275037744912
vn 0 0.9527792555308526 0.3036637782648337
vn 0.8540395457117052 0.4681705511895629 -0.22678798327822655
vn 0.000003528122821382539 0.4493307854578315 -0.893365460059544
vn 0.9662834911674968 -0.012606759591546881 -0.25717170200034606
vn 0 -0.20113247469672926 -0.9795640497804978
vn 0.9846366342600695 0.09636331054733549 0.14561871738674234
vn -0.0000016487584517408103 0.5727506166468058 0.8197296695423348
vn 0.7291705911687311 0.6832164251707057 0.03905848629433747
vn 0.8518712540137339 0.14979571580415202 0.5018731016021781
vn 0.6498024122558383 0.7572936614199113 0.06529269024721143
vn 0.664837897014216 0.10502933713820352 0.7395670416088215
vn 0.4619720724232799 0.8778701731834829 0.12619731905132406
vn 0.5303427550816353 0.1324039989128699 0.8373802858942293
vn 0.25179320034682817 0.9663000495959813 0.053520074830910036
vn 0.21280350627760894 -0.10894205086706854 0.9710027277350114
vn -0.018796922498022818 0.9928418323433651 0.11794817359193317
vn 0 -0.1657911413355721 0.9861608882198931
vn 0.26034195867644433 -0.4061889140780757 0.8759181643467534
vn 0 -0.45888109752826933 0.8884976861710171
vn 0.3193379771326777 -0.5807726078988827 0.7488166893673911
vn 0 -0.6659528142783117 0.7459938667005225
vn 0 -0.7693308509788886 0.6388505629113109
vn 0.30959724323211035 -0.7111482973553008 0.6312033318604506
vn 0 -0.8379408782105571 0.5457610142028471
vn 0.3123193791540497 -0.8003222461310292 0.5118016292985138
vn 0 -0.9189110102562424 0.39446489733543055
vn 0.2936782132613384 -0.8804288181968496 0.37228779612569424
vn 0 -0.9541539898373428 0.2993161600673777
vn 0.28756147065141757 -0.9115475239327047 0.2939209284976983
vn 0.30730812855140444 -0.9213546844758853 0.23804885952378557
vn -1.034134120303761e-7 -0.9713179383289741 0.23778448788838372
vn 0.4197351043833669 -0.8830258230624305 0.20997104074895934
vn 0.004130155709449784 -0.9724224045041311 0.23319007061240787
vn 0.4223663527149671 -0.8859797754438955 0.1914327599932694
vn 0.6605928636558326 -0.7310652839454032 0.17076480637652866
vn 0.6446446129954166 -0.7525994122805111 0.134266330742368
vn 0.8142790884597741 -0.5674709921235901 0.12217298881253434
vn 0.7907206611001492 -0.6040327242522499 0.09952539445663475
vn 0.8922110362003982 -0.4417658829391168 0.09382095476616122
vn 0.8658017023758326 -0.49149412505233714 0.09391984455985668
vn 0.9277577616376428 -0.3604211063627339 0.0967582648117143
vn 0.8995722423844478 -0.42998140532070594 0.07671878394400507
vn 0.9464041337762396 -0.30594956057191675 0.10350884965594466
vn 0.8982907702820508 -0.4168543915545049 0.13894642229220394
vn 0.9540042370391252 -0.254424753184867 0.1585684731534481
vn 0.8869935477264661 -0.4355388686848098 0.15345468437416082
vn 0.977140082505087 -0.14878636804105305 0.15185478539415173
vn 0.9132669170770461 -0.40533412719777007 0.040592899642791155
vn 0.9896939297866997 -0.14292438185310244 0.008862641551361536
vn 0.8004212854105892 -0.5920423775526023 0.09387006468263642
vn 0.8143474112653332 -0.5794022432444649 0.033635313120769714
vn 0.9133540680333464 -0.3952099845809576 -0.0979459774286662
vn 0.9762242396589117 -0.21659037382471033 -0.008651235105571965
vn 0.9214532169465188 -0.38816475000989825 0.01587752589872714
vn 0.972973719264222 -0.22883004389458317 0.030966960334360326
vn 0.9218142719812248 -0.3855340269636473 0.04027358967013073
vn 0.9737306294839935 -0.22679186103373278 0.02034976593384133
vn 0.9217253236612949 -0.3871144018203367 0.023766943950880547
vn 0.9243301005805484 -0.38159384715101713 -0.000031260831248773565
vn 0.9762304417033763 -0.2167337551672882 -0.0007772147174418534
vn 0.8427440816500104 -0.5360328361970091 0.04950970977971175
vn 0.8346095337033289 -0.5500933301111559 0.028709831395027075
vn 0.830529339068993 -0.5569743160664024 0.0007925831093477707
vn 0.7121743048614145 -0.6999114835178489 0.054144941915242696
vn 0.666044616419434 -0.7453610493716921 0.028661385490218877
vn 0.6455662678998213 -0.7636000911872307 0.012613266379069205
vn 0.660499211568685 -0.7506326396568479 -0.01707137366875629
vn 0.5628650788206537 -0.8258341556276263 0.03436350452187164
vn 0.490975893064925 -0.8709662671628484 0.018985096615844316
vn 0.4156278398783016 -0.9090594056473046 0.02940230811120476
vn 0.42528557079418766 -0.9050592035526894 0.00014607817626162122
vn 0.7057224251104234 -0.7083136177369143 -0.015737776993823265
vn 0.7151725366298122 -0.6935513705480295 -0.08668759577603856
vn 0.607338154288221 -0.7896430623109915 -0.08720206700472584
vn -0.04225706559464196 -0.9989678570956884 -0.016660158972184175
vn -0.08658017889741419 -0.9960956489006378 0.017243284585861184
vn 0.9937260831181344 -0.0831853009360355 -0.0747574574131035
vn 0.9851616938858043 -0.020906964324283222 -0.1703506258949345
vn 0.9973900997560055 -0.006240947224211293 -0.07193079650921505
vn 0.9880389927456855 0.0537323454393569 -0.1445399040669275
vn 0.9977311072653396 0.03952869234256234 -0.05449880803069087
vn 0.9780429428313518 0.13990856459111486 -0.15445904159952276
vn 0.9967960741816557 0.029840497379428167 -0.07421004791932032
vn 0.9957714648871336 0.05542546122590333 -0.07326123097810872
vn 0.9973123833277593 0.023291640836470465 -0.06946588751501949
vn 0.9994285998952027 -0.0335914035495827 -0.003753840577874273
vn 0.9988898841335001 0.006117400008991386 -0.0467073526641448
vn 0.9944424176701606 0.049907129978270945 -0.09270143642715277
vn 0.9940293483765728 0.06814824417109033 -0.08521426748170458
vn 0.9827967247728062 -0.1837344162441188 0.01876864574970333
vn 0.5583340377615169 -0.8220721265302784 0.11162670405824551
vn 0.5883824497182677 -0.8038174657809727 0.08765600132897448
vn 0.7382930467240678 -0.6713799788823044 0.06459335194034924
vn 0.850258268471362 -0.5243792992413068 0.04568618416192683
vn 0.7216286243756227 -0.6878404221278951 0.0782795130839827
vn 0.814048601669337 -0.5750541360569889 0.08147155776065114
vn 0.662525117857699 -0.7458611135897426 0.06893233959696592
vn 0.545114617866564 -0.8291346744603662 0.12403928811345455
vn 0.438333265847274 -0.8948452924060474 0.08435550195688932
vn 0.7927565089249872 -0.6069075093599513 0.05657201286473086
vn 0.5398276376830421 -0.8389608749021035 0.0687806075652383
vn 0.0001568177360001167 -0.9957669156348962 0.09191422705524553
vn 0.6864380195946191 -0.7197947455479906 0.10343292288493303
vn 0.4100635655757323 -0.905127646301084 0.11221326164396458
vn -0.021550606674307603 -0.9949210165225738 0.09832467764329392
vn 0.5052654538311101 -0.8542897950898175 0.1220482165795151
vn 0.03020103741783362 -0.9935306601459535 0.10947476736140024
vn 0.35079155957805624 -0.929583631751348 0.11322346624604589
vn 0.04468086700310633 -0.9961103124882581 0.07594646455494575
vn 0.030430267231908985 -0.9853601642321546 0.16774786311776405
vn 0.010783268985664363 -0.9950450580894029 0.09883852225645332
vn 0.02288379150116341 -0.9865827571062998 0.16165022569443932
vn -0.038135166672272534 -0.9071747532412257 0.4190222859760555
vn -0.12041958380214861 -0.7031043743841816 0.700816211683738
vn -0.1594408561059837 -0.7425283005150785 0.6505615546113838
vn 0.9961199173287821 -0.07722600094261413 0.04220491771478282
vn -0.20658139455135116 -0.7970185710248785 0.5675257922479643
vn -0.3225501775870792 -0.7831813097313868 0.5315904617522528
vn -0.32333561604267175 -0.8395922734906641 0.43650761012046935
vn 0.9996094804914756 0.027884418627190457 -0.0018291280397973735
vn 0.9929855065182172 0.10873367943672838 -0.04644104650964278
vn 0.10602218683012898 -0.9815046810665847 0.15939842202524848
vn -0.3500688540546041 -0.8371003551699884 0.42037458628605934
vn -0.010178978972925551 -0.8483418394490079 -0.5293510289281986
vn 0.9749671109506319 0.19353897648700708 -0.10946139568331786
vn 0.9906941691529482 0.07620045859493992 -0.11277656368355311
vn -0.0007527340558174427 -0.368204224905913 -0.9297446327636837
vn 0.011902498676315511 -0.21435856213431484 -0.9766825161560788
vn 0.9909387452209266 0.06628454971006788 -0.11681935494475708
vn -0.15972226385930985 -0.029289272679228484 -0.9867273873434236
vn 0.9818958956456892 0.09145570285881638 -0.16588039223714596
vn 0.9662052067021775 0.15833191039505998 -0.20341707079852797
vn -0.0023850466629345562 0.04076987272821017 -0.9991657165005918
vn -0.05246484876342824 0.12293776522159262 -0.9910266119164264
vn 0.9738950312319614 0.1059348761374423 -0.2007642153359056
vn 0.9735261315551441 0.04193486322262215 -0.22469610238225404
vn 0.03596416108198029 0.23076802443614344 -0.9723439196166698
vn 0.012677757729115237 0.28244402399387725 -0.9592000040497853
vn 0.9385806055569282 -0.3357239568265475 0.07972372096883365
vn 0.9615928978199669 -0.25673640766578265 0.09708509587505064
vn 0.9733378700754736 -0.19706607977607946 0.11738122029791768
vn 0.9835948193732273 -0.11424962997007831 0.13960033436152083
vn 0.9934859416016927 -0.026563307914231893 0.1108154976185728
vn 0.9991455641109269 -0.014979246991953068 0.038519655722911626
vn 0.9982242021490323 -0.05853501726847122 0.011049615256105233
vn 0.9958558038877019 -0.08663313052781928 0.027675233659883818
vn 0.9966720253640774 -0.07940822023773296 0.018417611553722343
vn 0.9982428190711873 -0.059235354611828085 -0.0015642687812687918
vn 0.8907566953651574 -0.4441839302473583 0.09619327300884498
vn 0.8222438531856495 -0.5508913289794014 0.14294680672797436
vn 0.7299493667822468 -0.6635543268167229 0.16391942318408328
vn 0.6571980072273473 -0.7305462904763173 0.18545321989034302
vn 0.5762547777887841 -0.7825676104017232 0.23562335670670587
vn 0.5546735904758792 -0.7852084926367211 0.27529044865335384
vn 0.5730976660115523 -0.7545492720723285 0.31970996422887815
vn 0.5941264186616174 -0.6597035035612893 0.4602228656176056
vn 0.594918491060172 -0.5289935483889892 0.6051758544072245
vn 0.5829346398550159 -0.39184865798448243 0.7117877737730979
vn 0.5281026578655078 -0.3110716714688528 0.7901531484243802
vn 0.43557674390012513 -0.8876693379554428 -0.14938556365027617
vn 0.03630797017603836 -0.9843028309781511 -0.1727126753602439
vn 0.05538663440380698 -0.9835977198724176 -0.1716620114970115
vn 0.6382658462002819 -0.7553542829211979 -0.14851470246019777
vn 0.8070061962390328 -0.5712905217142688 -0.14955981756891232
vn 0.9086580086583022 -0.3903599597886243 -0.14818814087150362
vn 0.06315945814775425 -0.9850375026406594 -0.16034962188273255
vn 0.0007919943601660916 -0.9971306555183826 -0.07569563111840756
vn 0 -0.9776002917678078 0.21047011554018083
vn 0 -0.8795885050231923 0.4757352854593253
vn 0.5377677307118879 -0.7393868650214465 0.4051085430335232
vn 0 -0.8343123718328023 0.5512919972271716
vn 0.6000312063287896 -0.6729003222428979 0.4326288337097075
vn 0.9525563251071657 -0.28422281534627525 0.10887533575134778
vn 0.9550756962308566 -0.25768579829864385 0.14638457509018862
vn 0.9547254004424555 -0.25703902851484284 0.14976764527139624
vn 0.6503015939862485 -0.6589911757825311 0.3779397664968606
vn 0.960526143601012 -0.2565463417241268 0.10758021196732873
vn 0.7175441825112974 -0.6143799887289695 0.32812737708637657
vn 0.9745613260084781 -0.21559117565247865 0.06124268796663735
vn 0.6801730491733203 -0.6501769542846582 0.3385772456846346
vn 0.9844358163781909 -0.1640887044812002 0.06293663872090896
vn 0.5952235479490708 -0.7344729328016918 0.3259730647593474
vn 0.9896994042677749 -0.11998580165279671 0.07809287159367916
vn 0.6406582606713854 -0.7576963916653411 0.12431078429017021
vn 0.9936463268742868 -0.10635799948780104 0.036809686689659664
vn 0.7835235981554505 -0.6172010733014192 -0.07178862200315778
vn 0.9966325423611397 -0.08100522781277981 0.012717254962084411
vn 0.8181864718317656 -0.53470185131395 -0.21134054867185814
vn 0.998717632584318 -0.04463082031563143 -0.02389937746321205
vn 0.7799501003005829 -0.5092259969863722 -0.3638223811619427
vn 0.9985779132133705 -0.0012621291185161523 -0.053296888019081085
vn 0.8042267185059936 -0.37948979153716217 -0.4573913896873908
vn 0.9947696889108137 0.022604281002987867 -0.09961080515998778
vn 0.8554864931833596 -0.24680074501243515 -0.4552276927452288
vn 0.853448510987928 -0.20673422535205713 -0.47842094348029296
vn 0.995409354302791 -0.031062244895698116 -0.09052819620726327
vn 0.854537592857352 -0.14946134154391955 -0.497420154172963
vn 0.9906397317044425 -0.03597858495558149 -0.13167559908025464
vn 0.8273780156650019 -0.07837806462761893 -0.5561497084234359
vn 0.9819240133305394 0.018729386018102395 -0.18834660109551093
vn 0.8590976617781522 0.0959197144181231 -0.5027430913630313
vn 0.9681237556992666 0.1229915198215413 -0.21819596628428783
vn 0.7567621943627808 0.48484601789434445 -0.4384464848932261
vn 0.9595873153467898 0.24956501493972805 -0.1300364854326433
vn 0.6169393354902906 0.7181372288959671 -0.32197014892443027
vn 0.9790213026981605 0.17365808641140565 -0.10658404142800099
vn 0.7520505349848262 -0.6012764224433254 -0.26997528894843803
vn 0.8828520000708595 -0.3316821687072794 -0.33250456377697873
vn 0.6839558533557961 -0.7135093861782444 -0.15201561267149366
vn 0.7683712828695873 -0.5819568625410779 -0.2663302119600583
vn 0.8669956189595058 -0.4608145581443665 -0.18965373633871685
vn 0.8904928272232644 -0.42933498401432946 -0.15064526599044825
vn 0.9558439291218471 -0.21610075460343928 -0.1991553338997818
vn 0.9372453747291374 -0.2800931173617073 -0.20765103697174142
vn 0.9737608579607917 -0.1534107703725733 -0.16809201955225742
vn 0.9201200594732072 -0.37712732454882414 -0.10561277022059289
vn 0.6936527931272871 -0.7138333756753925 -0.0963727884757261
vn 0.7560103642008221 -0.6529970342148239 -0.045201797835752205
vn 0.8413141489867846 -0.44402215518338956 -0.3082771941304451
vn 0.9419555802907764 -0.21974820322119804 -0.25383146365279824
vn 0.884635599422959 -0.3844631193255364 -0.26383321646839747
vn 0.877275163635348 -0.42263561233774405 -0.22752456230586104
vn 0.8900021682079555 -0.3938817280694372 -0.22968091970856408
vn 0.8881637054435719 -0.4082871789820488 -0.2108715528743134
vn 0.9257003434832639 -0.31933274071259404 -0.2027448514363572
vn 0.9738179234920566 -0.11132412908418188 -0.19820592869353706
vn 0.9768877943970232 0.08417319267264034 -0.1964818332401593
vn 0.9407142400960781 0.27121186257040664 -0.20371755958078153
vn 0.8935468243711118 0.39296505420091493 -0.2171463534880881
vn 0.8631131270047522 0.4553881981695702 -0.21830556328218204
vn 0.8688402650931824 0.4527600928001687 -0.20031198696131816
vn 0.889270875651082 0.42038582525026114 -0.18020285138536146
vn 0.9700414459259254 0.23016145637648214 -0.07775150921105418
vn 0.9785393149207182 0.20303038573709312 -0.03520613045960381
vn 0.991894082270381 0.12703301943370585 -0.002956607947346832
vn 0.9959709196035557 0.08966037764056907 -0.0017158045920852751
vn 0.8869494475536773 0.41088427609727096 -0.21093787981358006
vn 0.8735487805472162 0.4326451594164641 -0.22300379825907427
vn 0.8670144233551884 0.44171939020295725 -0.23058614445104358
vn 0.8894243246552156 0.3885740044439586 -0.24069610254842097
vn 0.9254101745588639 0.30055450206791084 -0.23083110732664158
vn 0.9712189381295808 0.03857352190361108 -0.23504437373909007
vn 0.9660951921249344 -0.09399511499737714 -0.24046828919779847
vn 0.9201938145949605 -0.3287897277952643 -0.21246331089741502
vn 0.8753529697092641 0.4225777642208648 -0.23491532859153189
vn 0.8826706483968084 0.4065642093170878 -0.23579243024560567
vn 0.9580272104587747 0.1744027673445456 -0.2275248091157162
vn 0.9555730818184172 -0.19545042511696195 -0.22063367065262668
vn 0.881712927556214 0.41049987936729077 -0.23253421773943356
vn 0.9594556018321021 0.18758584737303663 -0.2103722842447136
vn 0.9773680821268019 -0.05430481392568145 -0.20445688842461218
vn 0.9164196778965267 -0.33670845370945124 -0.21633860303842384
vn 0.870506763069702 0.42818868141135635 -0.2426364122738253
vn 0.9264893947388106 0.3424790136864716 -0.15596642786463344
vn 0.9523779865488271 0.2837293778531752 -0.11168621616051161
vn 0.9952921759739027 0.023943783456437603 -0.09391581165557251
vn 0.9823035743104603 0.1852424768192586 -0.027657054773787354
vn 0.9702140181895341 0.19783233287705546 -0.1398110402541239
vn 0.998599437018152 0.0297376392001392 -0.04375885283953319
vn 0.9987702523357924 -0.02407350284522404 -0.04334108339507376
vn 0.9900188957211573 0.08757749869840274 -0.11042086685401341
vn 0.9919006991308561 0.04967494839045115 -0.1168991127687682
vn 0.9532208012770595 0.17284440214707583 -0.24798168613657873
vn 0.9541302909751049 0.14205121092275522 -0.2635466587136713
vn 0.9867075880906129 -0.01044989335233604 -0.16216946486108386
vn 0.985306109112637 0.14665828129509142 -0.0875398187848585
vn 0.9398441026371593 0.14645428506262043 -0.30861659891352156
vn 0.9463626115930078 0.030210681162629614 -0.3216910351914579
vn 0.8890337731677816 -0.027911816988270863 -0.45699002247255954
vn 0.9787378721457389 -0.07026889786877352 -0.1927030347969098
vn 0.9612194426962537 -0.19606621823024656 -0.19394643861538885
vn 0.8239696418332978 -0.3476619336545813 -0.4474429675664421
vn -0.000001640811000018859 0.3751511958781318 -0.9269636347929273
vn 0.9666064750662359 -0.13205627786955984 -0.21962026735996795
vn 0.8089610869857601 0.46725770459132815 -0.3567242593977325
vn 0.9334082642947454 0.2560808073388284 -0.2513396750593995
vn 0.9848898982585311 -0.06292288582590463 -0.161346207726244
vn 0.8540379361621073 0.44012501612159843 -0.27732503273222714
vn 0.8266604031041558 0.49683803826924633 -0.2641676393285926
vn 0.6569870445753606 0.705485732750271 -0.2658155453429062
vn -2.9965501708521284e-7 0.9492128744800284 -0.31463457998330735
vn 0.6624493729528373 0.7481681178836651 -0.037487273264492485
vn -3.514967327458824e-7 0.9980038269651049 -0.06315347466989688
vn 0.8222900410953722 0.5391322231353852 -0.18214152270272738
vn 0.8496476056262078 0.5237517733741306 -0.06150630976660472
vn 0.8663623803503798 0.4307176110330262 -0.25278165570235994
vn 0.8688003996643425 0.4363299002022806 -0.23409844880423028
vn 0.9419571852173898 0.23266646500284194 -0.24203920608119067
vn 0.9263473710403316 0.2855018067335742 -0.24570158021170938
vn 0.9704859353497383 -0.022421288081828018 -0.2401131715027213
vn 0.8884124890149155 0.4150903307223095 -0.1960185366315291
vn 0.938995523200088 0.2539135469877107 -0.23198128818142338
vn 0.9704520563895643 0.03024790579135515 -0.2393906231340382
vn 0.9297996660509754 0.34880315886446905 -0.11751143509319702
vn 0.9597755272820853 0.2146747768371974 -0.18095766748135977
vn 0.9778582835272696 0.05202935149383741 -0.20269712361114722
vn 0.8862694880624666 0.4620494431219196 0.032197929129326085
vn 0.7168882522878527 0.689035003969297 0.10631085098285473
vn 0.7884305795663811 0.585557958908205 0.1884120430436373
vn 6.727311918397109e-7 0.9396929172972799 0.3420193286656105
vn 7.433143631664828e-7 0.9038262663537063 0.4278996146861626
vn 0.8496576307769771 0.4865332108481511 0.20338963888124345
vn 6.605461420872601e-7 0.9821378269637993 0.18816293164805295
vn 0.9325870152780688 0.3512989832427942 0.08288837860232426
vn 0.957019797190977 0.27556711184311605 0.09042054332387596
vn -0.00020546556376806635 0.8608457464028446 0.5088659535516513
vn 0.8992680074794699 0.39498870526480456 0.18788553280425113
vn 0.93224378529147 0.3271340293932623 0.1546119387316515
vn 0.007218478141654824 0.867639350086969 0.49714168177088136
vn 0.971043907586311 0.22468756778523954 0.08117405017775878
vn 0.9663430789180059 0.2388042594510247 0.09567434084077246
vn 0.000003427074225213539 0.8900278711908027 0.45590611806798864
vn 0.9549686151142702 0.27450319660304484 0.11261855620386571
vn 0.0000028159293659776714 0.8929676521843308 0.45012084171306105
vn 0.9691592192932177 0.2310430643092968 0.08572928375724877
vn 0.9792873423524111 0.19833003591871667 0.04076147643096248
vn 0.9895599455947041 0.14406566280362845 -0.004024782672110048
vn 0.022422583585218606 0.9761357821413782 0.21600037631588465
vn 0.9755692660600782 0.21831530888523187 0.02455673075443742
vn 0.9659047467488521 0.22306411982388835 -0.1314169648684294
vn 6.663341349450347e-7 0.8727375916873651 -0.4881896107613252
vn 0.9916274210563586 0.11591074966842096 -0.056918853822083816
vn 0.9760571733756463 0.12762127836996612 -0.17613972751528537
vn 0.0000017811419001163363 0.5054154940222122 -0.8628761083719438
vn 0.9981069660983858 0.06145935192313742 -0.002287419302075862
vn 0.9965785442740045 0.08024153617624209 0.019811637105071188
vn 0.998475183079676 -0.014919213787800895 -0.05314814986395472
vn 0.9994437016736917 0.014586632951967632 -0.029991954319678917
vn 0.9983681041646333 0.02522637221801321 -0.05123239923558442
vn 0.9989101156567886 0.01022780952279636 -0.045540890976205284
vn 0.9936346495324224 0.11256695703298333 0.004343205373268246
vn 0.9978807581620355 0.051121775799575185 -0.04025613653916063
vn 0.9919780682004764 0.09439976126238961 -0.08407257152517097
vn 0.985052835695113 0.17124511958402722 -0.01860161035149706
vn 0.997464436679041 0.01845889648293807 -0.06873111887053279
vn 0.9926099891985449 0.03835556327939185 -0.1151271475751283
vn 0.9794248943721725 0.15656365999767413 -0.12733694142781724
vn 0.9630643240649416 0.2630478174092266 -0.057558261523255674
vn 0.9861126266246322 0.051448153755362984 -0.1579081222946853
vn 0.9969035140217534 -0.01070699441745777 -0.07790214375499944
vn 0.9967890452936472 0.05674791782275173 -0.056491353368117406
vn 0.9944331125000285 0.01656024543033204 -0.10406028557904731
vn 0.9955111512376149 0.044880195416849004 -0.08332656131692892
vn 0.9978951722939539 0.040935892247255634 -0.05029391452592715
vn 0.9946334542366032 0.033220107210024975 -0.09798324443657526
vn 0.9947015571365377 0.03198848641685168 -0.0977013253078268
vn 0.993963724662774 0.03259207133337479 -0.10475624535417936
vn 0.9797746847137072 0.07120638131385527 -0.18700593160202592
vn 0.9818859686499966 0.05438184732682547 -0.18150085192521764
vn 0.9947391430840831 0.02840113549156052 -0.0984246550369074
vn 0.9784442341358358 0.014882209039946113 -0.2059742715496984
vn 9.702840470181124e-7 0.3671628421021438 -0.9301566789409915
vn 2.3706895838703383e-7 0.21969429997420645 -0.9755687646490057
vn 5.108392328503088e-7 -0.02330670087352304 -0.9997283619534514
vn 0.9788418393464436 -0.02328191320610154 -0.20328946372681173
vn -2.1845031301688994e-7 -0.24232979421839068 -0.9701939346512246
vn 0.9718805573282414 -0.049988981448244936 -0.23010711423403246
vn 0.9955193283878065 -0.009033627702374113 -0.09412576893085857
vn 0.9603814280171682 -0.19354158231783497 -0.20052223974814734
vn 0.9967320477335193 -0.053749099431537196 -0.060301404056986606
vn 0.9938967070339051 -0.0002900268371555762 -0.11031433103452043
vn -3.3520444155635893e-7 -0.3779784972157932 -0.925814374290213
vn 1.5174681190184068e-7 -0.55551312202777 -0.8315077698103228
vn 0.9377870717610799 -0.3472066657455116 -0.0017144385855607778
vn -5.248231046132431e-7 -0.9396786381136137 -0.3420585579585294
vn 0.9965439846727109 0.004387376281490498 -0.08295081399239108
vn 0.9969811036176044 -0.03795618782864146 -0.06773482734118648
vn 0.9987148407924676 0.02227866783555776 -0.04552282658566745
vn 0.9974098846327297 -0.06102433828054879 -0.03807298483631557
vn 0.9973687614153955 -0.06553333308249308 -0.030998967850860062
vn 0.9955246533514261 -0.09388544490626088 -0.010779044682921372
vn 0.9263424800835665 -0.3685182304144033 0.07799950926040651
vn 0.9112787592965325 -0.38985281114091025 0.13261149460172103
vn 0 -0.9602199523618804 0.2792447727105168
vn 2.435052918778231e-7 -0.9319342747891878 0.3626272293596985
vn 0.999641957775137 0.01876065587331472 -0.019078628008695444
vn 0.9984126748210408 -0.05628545653281876 0.002019440414228674
vn 0.9988360690262356 -0.04593141979130965 -0.014724533546825137
vn 0.9931620097699833 -0.11618460408643996 0.01141753576410419
vn 0.9852451036017872 -0.16908489081836361 0.02650255696429711
vn 0.9994632043009566 -0.006217614400001504 -0.032165890624034306
vn 0.8008263921852694 -0.5612264008294007 0.2090502728809557
vn 0.8705600807000767 -0.4588687565503453 0.1776643187401898
vn 2.5750494697297713e-7 -0.9202845559583729 0.39124971062536784
vn 1.9890211699034093e-7 -0.9282936577770307 0.3718479325354674
vn 0.9964584527615686 -0.020958564795680288 -0.0814327359341817
vn 0.9942752179334429 -0.09225043898858722 -0.053913333321340594
vn 0.9812900019653676 -0.18851184068189647 -0.03915632727327347
vn 0.8716830392942584 -0.48445587137124446 0.07396747731707948
vn 0.9521129107081645 -0.3010663084472911 0.053292430801637335
vn 0.993822651947199 -0.04558851005261678 -0.10118411055012179
vn 0.9498798213011169 -0.30681487794703594 -0.059941269216655886
vn 0.985968979152095 -0.10124372404804893 -0.13272106272426445
vn 0.8001372109044402 -0.599336034886232 0.02401584920240004
vn 0.6329128495671705 -0.7529091541732027 0.18041377556870886
vn 0.5359569773458244 -0.8401489831096479 0.0830650625362555
vn 0 -0.9901561491513043 0.13996714006458758
vn 0 -0.96734174965461 0.25347571752567905
vn 2.1509259630509896e-7 -0.945002250575441 0.3270638261980455
vn 0.7300790180506525 -0.6496894628317736 0.21186842447036983
vn 0.4643554245897288 -0.8856264675007697 0.006308701625605429
vn 0.4257765512329279 -0.9011360583812358 -0.08165863521590279
vn 0 -0.9968140782756532 -0.0797602241186669
vn 0 -0.99893257262694 0.04619215674682261
vn 1.5871014657962623e-7 -0.84011206777405 -0.5424128626612618
vn 1.7773056240682422e-7 0.9041243414622933 -0.4272694409565738
vn 0.0000010359115938531713 0.7671198627970607 -0.6415037927410449
vn 0.0000012934335087169623 0.1983536983882828 -0.9801305067867325
vn 0.000002811169490018646 -0.09685789925106202 -0.9952982203062399
vn -3.610353941598979e-7 -0.3222333996933067 -0.9466602537985648
vn 0 -0.4851038540489728 -0.8744565459683131
vn 4.657271093526486e-7 -0.5779502602470038 -0.816071992339036
vn -8.926223115282452e-7 -0.6647584341721332 -0.7470583807147985
vn -3.9094906777797773e-7 -0.8001386810112101 -0.5998150474517023
vn 0 -0.8953708191458238 -0.44532134040727955
vn 0 -0.9708412531877572 -0.2397233011386775
vn 0 -0.9979632306343106 0.06379177299566006
vn 1.3339402113185283e-7 -0.9387008295633748 0.3447328713323032
vn 0 -0.867217220613376 0.4979300074022562
vn 1.342526717671925e-7 -0.8828113595457197 0.46972769074967285
vn 0 -0.8400177406708611 0.5425589326130591
vn -0.985512119785712 -0.15112262693943931 0.07699229430531147
vn -0.32333561604267175 -0.8395922734906641 0.43650761012046935
vn -0.9704428567075952 -0.21607289442113775 0.10748565560889256
vn -0.3225501775870792 -0.7831813097313868 0.5315904617522528
vn -0.9911799213058309 -0.10597398752073593 0.07957309576183266
vn -0.9849087475743721 -0.17024792523041749 0.03115129060279873
vn -0.9538665403215828 -0.29103777941699915 0.07372675367162473
vn -0.9403945423638983 -0.33623369169537054 0.05103929134595115
vn -0.988340645406207 -0.13074197962741255 0.07803398875584536
vn -0.9949817725686203 -0.08824408331281108 0.04716199758797245
vn -0.9950294299740957 -0.08400059568745513 0.05348208494046217
vn -0.9920908406368716 -0.08512548012024465 0.09224649889683396
vn -0.9985963531362724 -0.01943282377256904 0.049271582714194344
vn -0.9972394770089464 -0.05212215740820739 0.052883893597551655
vn -0.9955401879220029 -0.08420609566564256 0.042533136317132264
vn -0.6730599853542418 -0.7365459640120613 0.06700969342185528
vn -0.6930324361331653 -0.719097547015495 0.05103685279901024
vn -0.5511547070000578 -0.8329760043769797 0.04877976100641225
vn -0.5556251305774895 -0.8292732684230105 0.05988789986103353
vn -0.7317428004139364 -0.6784530292514904 0.06522239754751863
vn -0.7240988763900287 -0.6886537844564269 0.03790491214260774
vn -0.8454199844361174 -0.5316594722747531 0.05102210752767753
vn -0.8395505632627656 -0.542344060316223 0.03190253853357268
vn -0.9211369253940894 -0.38834140114081883 0.02641440583298557
vn -0.9226116707014868 -0.38347826613083125 0.04161879972683997
vn -0.9736773222008416 -0.2269078607246271 0.02157069709517935
vn -0.9727801573888228 -0.22942171739283848 0.03262577170118426
vn -0.974852134406851 -0.22284249853275767 0.0021299976724875385
vn -0.9208823522568763 -0.3898215671527921 0.003852153213939436
vn -0.9199082301018021 -0.39082750872028055 -0.03197978452818266
vn -0.9760961795190292 -0.21446763736493477 -0.03521194188706985
vn -0.8324222929172618 -0.5541305387838921 0.0035316060711719473
vn -0.8250191916857398 -0.5640868807694353 -0.0339016857105603
vn -0.7099962257308118 -0.7042046812841628 -0.001061275399286651
vn -0.6895658070972668 -0.7231261412594225 -0.03984446648598479
vn -0.5363485611497711 -0.8439825455939308 -0.004866588677788151
vn -0.4888841743230656 -0.8714846257427774 -0.03881766595798492
vn -0.6481965390834747 -0.7589410087485293 0.06204669177297193
vn -0.08658017889741419 -0.9960956489006378 0.017243284585861184
vn -0.04225706559464196 -0.9989678570956884 -0.016660158972184175
vn -0.9970354710719731 -0.0748571282204691 0.01779549883742562
vn -0.9964557404158835 -0.07928735108550515 0.028097568401510967
vn -0.9975763238419598 0.06801691432532844 0.014668928918707573
vn -0.9974071034069492 0.06351257638166409 0.03384113938275018
vn -0.978153366168084 0.20708060878123177 0.018265095697544944
vn -0.9758665772498079 0.21821779641379044 -0.008088061266745277
vn -0.9386494819437796 0.3447791063338976 -0.008032302426661447
vn -0.9410945891158583 0.33665506321864497 0.03169136705956383
vn -0.9779527730729309 0.20253462980397482 0.05087334635279627
vn -0.9407040536415053 0.3310957571985317 0.07383415894808291
vn -0.8842891680791777 0.46414573038935125 0.05100400159959249
vn -0.8839917362198485 0.4570567392393816 0.09827383889358197
vn -0.7927118592509929 0.605665761441616 0.0691150752020264
vn -0.8027970265713344 0.5841735219288048 0.11940783226204506
vn -0.6527732841485399 0.7527212079382125 0.08542729436174368
vn -0.670767455057978 0.7299750705548914 0.13117704678572623
vn -0.8098870263070029 0.5689847887804844 0.14261596949860642
vn -0.6937875709055641 0.7008596023641476 0.16569436994335665
vn -0.7075736094728237 0.6729716251573464 0.2155197877473901
vn -0.8144385568699133 0.5507584047876622 0.18263355836045778
vn -0.8998769107081045 0.4118096936736228 0.14364651673770212
vn -0.8925706339346334 0.43140609095763083 0.1311733514178207
vn -0.9398679508819618 0.3206787330814587 0.11753035801108068
vn -0.9388747363309738 0.3202664997342339 0.12626796358311326
vn -0.9672111069732794 0.2325936209003016 0.10199451977439929
vn -0.9720755357805596 0.21213354661610745 0.10034197096434687
vn -0.7122428929521714 0.6444201989710455 0.2782672610948685
vn -0.8038253943187633 0.5474136174120499 0.23281552121827873
vn -0.7051136104728708 0.6412029508704058 0.3027764391774839
vn -0.7790683890498917 0.5751442751649638 0.2495225599583636
vn -0.8904158376230304 0.42556348111961695 0.16141672666558085
vn -0.8814730338699077 0.43735478792619126 0.1781181631339626
vn -0.9372569075483872 0.3312820406834425 0.1086356238691897
vn -0.9438100392234848 0.29385298288283423 0.1512383361182767
vn -0.9729699671250139 0.21270929854871531 0.08991216482580612
vn -0.9797960880298582 0.12763827732332708 0.1539743356644863
vn -0.7616918840338845 0.596602167095538 0.2527673396897212
vn -0.6733159666356106 0.6728742962409519 0.3064078826202045
vn -0.7711809353231971 0.580029567682062 0.2623845757825695
vn -0.6304167296014715 0.7057909130929935 0.32316239576092964
vn -0.8080099837646034 0.5320832347738491 0.2529966351739138
vn -0.5933450434571584 0.7296093074468054 0.34001752585979417
vn -0.8907177043403836 0.41538826723258543 0.18459295387448416
vn -0.9153503959584322 0.34533132548260465 0.2070746924642626
vn -0.9413010566533235 0.284261837175926 0.18206462772516735
vn -0.9755059798807767 0.1335294506656438 0.17480837800796956
vn -0.9861240942793282 0.09801065881812797 0.1339894825716221
vn -0.9645048331039995 0.21413698683984084 0.1545178882400994
vn -0.9909349512418749 -0.011874205232086104 0.13381676149634392
vn -0.9872670613302738 0.03252760641905318 0.15571032217850217
vn -0.9926269844879287 -0.033759860818568015 0.11641280627109925
vn -0.5759326402318756 0.7283738924916195 0.37117794472752236
vn -0.5931982025775016 0.7234394692379649 0.3532013969501156
vn -0.5715598226922619 0.7592757029289697 0.3111587633760441
vn -0.5389533302041436 0.8050596806803998 0.24780681670332644
vn -0.5149659551785283 0.8351051867986097 0.19341507694366825
vn -0.48331662583327384 0.8630248827593024 0.1469458775584795
vn -0.4888214916797321 0.8666293954357497 0.10003519499990257
vn -0.47777463657207997 0.8756890649462846 0.07000041558390097
vn -0.6357975059439571 0.7713868086675456 0.02690581441144722
vn -0.7852454495983118 0.6190180553401711 0.014360746777869611
vn -0.8818580994951313 0.4715129376607184 -0.0013571932045124608
vn -0.6458815775374087 0.7632330470644435 -0.017672115507578228
vn -0.7934942763215249 0.6079919874266476 -0.026694131751649045
vn -0.8795373086297631 0.474332641372924 -0.03771827218336418
vn -0.9356618015480661 0.35050664428796385 -0.04101323486166904
vn -0.9722160225068944 0.2303759187071905 -0.04150833242485088
vn -0.9962506005734871 0.08645337569682872 -0.0032487978683563836
vn -0.9940000505314098 0.10214139991649764 -0.03912842913602887
vn -0.46414832387318644 0.8857574105338005 -0.0003783254789672881
vn -0.48006281913411764 0.8770005226901483 -0.020242847779158017
vn -0.43348701188533173 0.9008932377211782 0.021917681332175375
vn -0.7711446228252075 0.6363055167170203 0.021242883120098338
vn -0.5088360158541849 0.8511288509416576 0.12909526739727165
vn -0.9824250737240361 0.18028623990113757 0.048351279410494774
vn -0.8694734646723105 0.42029717919194176 0.25954994778274404
vn -0.2683856641346017 0.9545770967609508 0.12942836484504944
vn -1.3227596876239813e-7 0.9478148025131867 0.3188214235851649
vn -0.22543403130008394 0.9584836799858928 0.17460965818789553
vn 0 0.9833723352945181 0.1816007989448448
vn -0.9633888881878996 0.05434021920299709 0.26254331203261094
vn 0.0000021189258875271295 0.2233884687375643 0.9747294968505861
vn -7.174095959176064e-7 0.9852516714723888 0.17111149540679377
vn -0.000003274789418804949 0.5627800295754875 0.8266067010981033
vn -0.23610091370907038 0.9462562268132172 0.22103282960446202
vn 0.013716045635391553 0.9734736587528703 0.2283876218327692
vn 0.03430223046782238 0.9556977025625819 0.2923444172573422
vn -0.25883078953275757 0.9249451891608167 0.27835771848129204
vn 0.0355286710906419 0.9290451432068828 0.36825648047826093
vn -0.2740846892334566 0.8942386573256538 0.3538570429880001
vn 0.03504846210790748 0.8882835420563647 0.4579562798080938
vn -0.2662259771895461 0.8615590397834152 0.4322496385619668
vn 0.023888819795055635 0.871323966733747 0.49012638093064065
vn -0.24838976476104366 0.847733256268714 0.4686692340851878
vn -0.01006595046298237 0.8692606695923196 0.494251519917935
vn -0.24278726899681913 0.8446908497806459 0.4770238047623162
vn -0.04454482632813584 0.8708376119331469 0.48954837563816933
vn -0.230826047280087 0.8530109422620301 0.46807228958601504
vn -0.5112208376570675 0.7640644388654967 0.393521013932369
vn -0.4266668919111144 0.8080249579644658 0.40626472976795897
vn -0.38401085361005677 0.8148086678000507 0.43430691818986983
vn -0.590146866959581 0.7008362029300589 0.40069351389855073
vn -0.6009146952329096 0.6480129725480852 0.4679537546195501
vn -0.8206194384697535 0.4851220695719511 0.30206011789015363
vn -0.7956892271898308 0.43898928275391075 0.4173332761250374
vn -0.6358242949735715 0.5899355154271361 0.49769825553148145
vn -0.8122522333397186 0.35849604445235983 0.46013790926922227
vn -0.90992505618173 0.11456503132659991 0.3986367340446822
vn -0.9075935904453901 0.24693241240468308 0.33955597224382467
vn -0.95568563765586 0.22778635323588003 0.1864895151417659
vn -0.8576631095138321 0.2713860428714037 0.4367649325594548
vn -0.6897975945362324 0.5162533182542142 0.5076039696097153
vn -0.9262417365284913 0.03510027679488137 0.3752921742877243
vn -0.8157371857189251 -0.049724161494250796 0.5762814864274763
vn -0.6979885714638232 0.04492421831877364 0.7146983760400878
vn -0.8931745684740091 -0.09437930370439876 0.439695050305937
vn -0.4435971804133443 0.7628085914913966 0.47047273489145175
vn -0.537561225067691 0.6854001717199321 0.49117668298689704
vn -0.5804502939563674 0.6089171145532861 0.5406453586687552
vn -0.5508465629950646 0.15658260492591983 0.8197865282322818
vn -0.8864585927532396 -0.15532968192296004 0.43596313289962774
vn -0.9269069051010692 -0.05204245978578222 0.3716654028227577
vn -0.9263712594969435 -0.11955936780250376 0.3571300143487134
vn -0.8389345357171177 -0.2909673732949884 0.45992046318784174
vn -0.7849593080036108 -0.448179746924155 0.42775436786255344
vn -0.9223683505212711 -0.265578330391364 0.28054371563662767
vn -0.6785705757936403 -0.6606904934726454 0.32098293646541354
vn -0.6201790841145636 -0.7356429309254238 0.2724103188322225
vn -0.8360847304005472 -0.5314357541951801 0.13615565634245422
vn -0.9786002441327077 -0.16045044043433446 0.12883019191102965
vn -0.9270435389546615 -0.37357308726730587 0.03214693378832231
vn -0.9680296279902586 -0.05859414546954088 0.24389621860483127
vn -0.9423510747364215 -0.014828144130631377 0.33429714040768066
vn -0.9616063312319792 -0.27073374602124256 0.04490548407352978
vn -0.9825669564739441 -0.14394727404491192 0.11764930233779348
vn -0.9628055283922471 -0.2531249117928482 0.09451610194664621
vn -0.9899674433439768 -0.10049510523288716 0.09932368772463528
vn -0.9828981170506532 -0.056823927963415975 0.17516373114628814
vn -0.9684781609927634 0.031121228408820912 0.24714675968420266
vn -0.9933253152424708 0.04151515506250253 0.10761649501160236
vn -0.8202496448962312 -0.5694821256098849 0.05367148831972162
vn -0.48785951260022187 -0.8162143248646117 -0.30949518873688503
vn -0.7171366768637019 -0.696771140770513 0.014998802827035102
vn -0.33593815339094957 -0.8759844244196148 -0.34611680870844014
vn -0.5838845797263478 -0.8105703950981897 0.045325844152656995
vn -0.1422915576511317 -0.963686206681785 -0.22596904140276997
vn 0.025494899309700014 -0.9949351304720526 0.09723217709044711
vn -0.5507618007218478 -0.8144504159306599 0.18257042163505713
vn 0.02926808149477029 -0.9230535990177241 0.38355629671019864
vn -0.5415619660224988 -0.7975236248845031 0.2658320987182096
vn -0.06094879142393752 -0.8666177785993016 0.49523617662643876
vn -0.6232434415776195 -0.7230132111493962 0.2980260207329609
vn -0.23857601108438053 -0.7473419346716313 0.6201302440748466
vn -0.896845949521038 -0.33822001239787847 0.2850869447050965
vn -0.9780443236383172 0.1791141764613765 0.10652423569042777
vn -0.23881187430662315 -0.6460479334417505 0.724976521265207
vn -0.9305432304863489 0.25587683547660384 0.2619472108317027
vn -0.11695253610594601 -0.6799747805249503 0.7238483281381765
vn -0.059238019999831505 -0.7573176580095623 0.650354381743839
vn -0.6942265384955604 -0.14101379612514472 0.7058077801716615
vn -0.7756817661787511 -0.07858551759951632 0.6262125150788902
vn -0.08905849409751092 -0.7984007421214809 0.5955038535634778
vn -0.716210250744005 0.5451725756814636 0.43569454834097726
vn -0.16455242854311444 -0.7327242193696615 0.6603315202303183
vn -0.7865380425790763 0.6130032368680044 0.07473245055010964
vn -0.9039309159754955 -0.048065868548412084 0.42496890642067975
vn -0.8653764027024103 0.12655285470588298 0.4848794248177864
vn -0.907213409687488 -0.289309369749461 0.30539141746023507
vn -0.8184778882608894 -0.527041230427498 0.22873890761622528
vn -0.7596476286627455 0.6474819449152862 0.06084908607190181
vn -0.8294214143933083 0.11109425998339417 0.5474652342793522
vn -0.6293595409718808 0.7745512694981201 0.06306266016046204
vn -0.7417496752616555 0.24086280727782963 0.6259333249791638
vn -0.44294664502578207 0.8921052265589077 0.08914333629993765
vn -0.5419128570019122 0.2132020754621629 0.8129423906001282
vn -0.24268585476327784 0.9691188944575603 0.0437280722554015
vn -0.2128038759123063 -0.10894304031253575 0.9710025357145887
vn -0.018796922498022818 0.9928418323433651 0.11794817359193317
vn 0 -0.1657911413355721 0.9861608882198931
vn -0.24899069278040778 -0.4130620842477041 0.8760041948904556
vn 0 -0.45888109752826933 0.8884976861710171
vn -0.319337904699024 -0.5807725195585667 0.7488167887728155
vn 0 -0.6659528142783117 0.7459938667005225
vn 0 -0.7693308509788886 0.6388505629113109
vn -0.309597231584242 -0.7111482706000183 0.6312033677175499
vn 0 -0.8379408782105571 0.5457610142028471
vn -0.3123196084733161 -0.8003224779966779 0.5118011267829834
vn 0 -0.9189110102562424 0.39446489733543055
vn -0.29367865908058516 -0.8804286953433603 0.3722877349801063
vn 0 -0.9541539898373428 0.2993161600673777
vn -0.2875617135564105 -0.9115473593403572 0.29392120130423116
vn -0.3073083008143798 -0.921354605230538 0.23804894385621223
vn -1.034134120303761e-7 -0.9713179383289741 0.23778448788838372
vn -0.42183765896444747 -0.8741341259661645 0.2407125241875965
vn 0.004130155709449784 -0.9724224045041311 0.23319007061240787
vn -0.4168218563550608 -0.8798891672457251 0.22815475762811846
vn -0.6770680852197902 -0.7057036454569204 0.20871313510562786
vn -0.6560517991433383 -0.741826755261904 0.13888521166194845
vn -0.8291950374535344 -0.5422366564998249 0.13570187253801075
vn -0.7956968360812726 -0.5967109660573687 0.10393540319416852
vn -0.8999283318684749 -0.42294994019806864 0.10602992778868733
vn -0.8657489309622247 -0.4851377247086193 0.12296412729861045
vn -0.9385033749680549 -0.3208949234964174 0.12742787468916975
vn -0.9084399756166198 -0.4014237740495175 0.11660087619532443
vn -0.9613209508735443 -0.2381068057593603 0.1384455794262091
vn -0.9204891794521223 -0.3667046140249678 0.13500887587250607
vn -0.965589424558954 -0.20011021875569823 0.1661112986206977
vn -0.9155724428713995 -0.3739377822643735 0.14797850130914308
vn -0.9739907785629468 -0.1592074302855529 0.16122951781921227
vn -0.9273512157226939 -0.3653547980606967 0.0808430221581871
vn -0.9855727210300117 -0.15784412073013002 0.06108719270379829
vn -0.805891625774719 -0.5855062118164351 0.08787015096463921
vn -0.8194715383624459 -0.5710205437812529 0.04900955410579335
vn -0.9288757658069008 -0.36611552523297525 -0.056118035247380016
vn -0.9766046589012103 -0.21459988344653472 0.013792397804023462
vn -0.9246535741113863 -0.3800980384537808 0.023264759758646475
vn -0.8503332218137325 -0.5241348792796454 0.047074836190783696
vn -0.8050323174308507 -0.5875227049607747 0.08209774081842154
vn -0.7058782981912234 -0.7036562966989699 0.08126280981207575
vn -0.627596071801734 -0.7736379399406287 0.08722103268967195
vn -0.7365127812279273 -0.6725260028784347 0.07250998924465012
vn -0.5590983976637712 -0.8235563269584185 0.09572856447561452
vn -0.5005920498994043 -0.8554705925537494 0.13258078613905275
vn -0.39239461477394594 -0.9144368363947112 0.09915512362373756
vn -0.7753344476071612 -0.6256936547932533 0.08581342963172608
vn -0.5041962590955407 -0.858558489419174 0.0930776695041755
vn 0.0001568177360001167 -0.9957669156348962 0.09191422705524553
vn -0.676405002861556 -0.7292632951564325 0.10320522487471344
vn -0.39528135499646433 -0.9121800212059284 0.10807524834535859
vn -0.021550606674307603 -0.9949210165225738 0.09832467764329392
vn -0.4855139114093887 -0.8691484674948885 0.09411260956557928
vn 0.03020103741783362 -0.9935306601459535 0.10947476736140024
vn -0.3079189603019906 -0.9460591504421694 0.10078689275487217
vn 0.04468086700310633 -0.9961103124882581 0.07594646455494575
vn 0.030430267231908985 -0.9853601642321546 0.16774786311776405
vn 0.010783268985664363 -0.9950450580894029 0.09883852225645332
vn 0.02288379150116341 -0.9865827571062998 0.16165022569443932
vn -0.5119817673788302 -0.8483031095204612 0.13511663202421081
vn -0.038135166672272534 -0.9071747532412257 0.4190222859760555
vn -0.12041958380214861 -0.7031043743841816 0.700816211683738
vn -0.981083100289055 -0.1473449029410566 0.12556046314229183
vn -0.9805483610249579 -0.1430619179686131 0.13438079966427763
vn -0.1594408561059837 -0.7425283005150785 0.6505615546113838
vn -0.20658139455135116 -0.7970185710248785 0.5675257922479643
vn -1.0903436872269054e-7 0.8600916413217766 0.5101395578941124
vn -1.6663515952488168e-7 0.873585336775853 0.4866709970505659
vn 0.9320335212290909 0.32070317259189346 0.16870978156229138
vn -1.2986040744879444e-7 0.9178001074256591 0.3970427720150964
vn 0.9172951495509559 0.3686999645015638 0.1504325256945287
vn 0.9794049237197707 0.19572444208556072 0.04957759739808207
vn 0.9803878288929518 0.19654939314830255 -0.014423626853121197
vn 0.9250255057151319 0.3772059907757605 0.04520458272500085
vn 0.000002291939970654489 0.9643157925910472 0.2647547018548444
vn 0.9905956206639219 0.13681190132958618 -0.001679278429207797
vn 0.9850292459116714 0.164679461948059 0.05097116352587729
vn 0.973671444885071 0.2217559684971862 0.052803483325374205
vn 0.9757453754048582 0.2138898958788637 0.0466055234597908
vn 0.93832332137785 0.33941985088311233 0.06590530619703981
vn 0.9212634995923882 0.388465725438908 0.019181878896723525
vn -1.0382105621944639e-7 0.9954335478844066 -0.09545706755527376
vn 2.4068000616984565e-7 0.99110125224585 0.13311013408696618
vn 0.9353079826579144 0.33791288844547707 -0.10494692658109264
vn -2.7447066394119037e-7 0.9671164122534719 -0.25433412108857345
vn 0.914839259644789 0.374288168221576 -0.15158329770100598
vn 0.9871678770633062 0.1421620075136062 -0.07272926587025624
vn 0.9851076062335721 0.1445584305316588 -0.09309062414112901
vn 0.983005022855896 0.17237051900792721 -0.06316272015213568
vn 0.9283953783974817 0.29005053260973535 -0.23227722639769455
vn 0.9392655984291544 0.2733880549321884 -0.20745868752095548
vn 0.9863337480851151 0.16340222302751634 -0.021105707712238925
vn 0.9920228880546479 0.11925499363089659 -0.04085139005970692
vn 0.9916288463648651 0.08742945298269669 -0.09501748159277354
vn 1.4512244230049776e-7 0.9284694209960334 -0.37140885056130485
vn -1.730866981149513e-7 0.8852370076249337 -0.4651402372739033
vn -0.000001174683951469994 0.7606956449922669 -0.6491087240889766
vn 0.9973548814376287 0.05216983418824383 -0.050611746396509984
vn 0.9970707151092191 0.007607075739843307 -0.0761059883995915
vn 0.988648289766178 0.11598668181336551 -0.09550732319741932
vn 0.9856484022714643 0.14274284368716242 -0.09012051750745681
vn 0.991218763511142 0.04262078746225582 -0.1251752025743919
vn 0.9528880980574765 0.13866208012276113 -0.2697723116193245
vn 0.000005194433850685995 0.4846824934496552 -0.8746901625812668
vn 9.3442835519203e-7 0.46340174968267156 -0.8861483049637715
vn -5.388127922851025e-7 0.26819070848267107 -0.9633658411440964
vn -0.000001762637497854498 0.23943345805378052 -0.9709127762890453
vn -8.697480805892524e-7 -0.012211912481126611 -0.9999254318161913
vn -0.0000019838368224445893 -0.44183967550812825 -0.8970940313829627
vn 0.000002785409642883658 0.6271854806004892 -0.7788699332469927
vn 0.9763920691576166 -0.12644755566230678 -0.1751272193382171
vn 0.995538867771017 0.026692304154515876 -0.09049797597805513
vn 0.9983406754364867 -0.0022073107587187897 -0.0575414941432161
vn 0.9989160983959176 -0.03014025684074872 -0.03547102032718253
vn 0.9989530960149312 -0.04065901008452355 -0.02096561139414331
vn 0.994690766999766 -0.10249067751550325 -0.009270332670977465
vn 0.9911957049781296 -0.1240058499590315 0.0464071504064488
vn 0.9832655369713877 -0.15896072308374956 0.0889964736439591
vn -1.2082033011705365e-7 -0.9862881784575876 0.1650322060532392
vn -4.276076621289932e-7 -0.9653254210618549 -0.26104948084907176
vn 0.03325988008984803 0.8855969387596642 0.4632621746224491
vn 0.08709756106130812 0.8468706433946279 0.5246180784280511
vn -0.2832517576506067 0.795155988739674 0.53618597087137
vn -0.25756769554246695 0.8485086290727063 0.46226830802262386
vn -0.03966792467734208 0.888585223498928 0.45699316880140883
vn -0.22105281994899392 0.8663945578463899 0.4477679319991062
vn -0.29258098546245465 0.7200702864377047 0.6292019942239063
vn 0.07271010145200668 0.7787940794593823 0.6230513806628247
vn 0.0005874847400112791 0.2878747577013494 0.9576678854070808
vn -0.29732897586601287 0.196858538250055 0.9342602399912563
vn 0 -0.645035547038789 0.7641525653011776
vn -0.14116126064949003 -0.6659952887781737 0.7324778316216293
vn -0.04651891602490375 0.9160590353946908 0.39833633291932685
vn -0.3451582415197749 0.8919905227194526 0.2919224138185596
vn -0.9793113148077431 -0.18041735294310562 0.09164566245345244
vn -0.9863021432115153 -0.12118280750699818 0.1119053593939687
vn -0.9834189262455707 -0.08804070813008637 0.15854352466739818
vn -0.9872393048188995 -0.031203631425889486 0.15615661499447725
vn -0.9941587112692531 0.05568149125462175 0.09245554790881601
vn -0.9925369668021368 0.09361265644714911 0.07814755328301931
vn -0.9948927921715748 0.08011116482661176 0.06140466883854404
vn -0.9964244247744791 -0.05318930363993726 0.06564498222367941
vn -0.9876553981918131 -0.10060188281231774 0.12006696297145102
vn -0.9716678178364938 -0.18427783452362675 0.14799774148327108
vn -0.9973557598983485 -0.06587110464787813 0.030699931108334806
vn -0.9692752947765735 -0.21294444778380175 0.12312621611110405
vn -0.9614826552483258 -0.2573496133176801 0.09655195586765603
vn -0.9385810083069495 -0.3357226701464577 0.07972439774148636
vn -0.8907576364555536 -0.4441819868214345 0.09619353242021414
vn -0.822244561066527 -0.5508901915501487 0.14294711837023724
vn -0.729949977004806 -0.6635533860291505 0.16392051415223263
vn -0.6571991089465343 -0.7305451237850706 0.18545391156224605
vn -0.5762555580724855 -0.7825674389527887 0.23562201781973105
vn -0.554674610454637 -0.7852074888422097 0.2752912566412311
vn -0.5730977457910673 -0.7545493582395209 0.31970961785583585
vn -0.594126444721512 -0.659704068939348 0.4602220215368273
vn -0.5949189437927636 -0.5289929309091224 0.6051759490963592
vn -0.5829359184372055 -0.39184745416116395 0.7117873893679111
vn -0.5388938409909723 -0.3135754546052958 0.7818336539258711
vn -0.969279284544601 0.07841214499590654 0.23312915748538957
vn 1.0920444841159018e-7 0.15951922314483755 0.9871948224374232
vn -0.9187851394558991 -0.032353964788287025 0.393429902876589
vn 8.602125904582307e-7 -0.053552906709312606 0.9985650134979913
vn -0.8554210108174846 -0.011915027221559647 0.5177962208999819
vn 0.0000018092273780411963 -0.05048233426063188 0.9987249540911274
vn -0.7917368440583024 0.12340230539260143 0.5982680342324755
vn 0.0000018046290978358223 0.1728519137592829 0.9849478239513486
vn 2.743290626953698e-7 0.9592770155839802 -0.2824670022714454
vn -0.9321005691638998 0.3609826468434542 -0.029665765492024657
vn -0.6720558218183225 0.5832072334362635 -0.4563006631900935
vn 0.0000012815792580224503 0.7642060090431188 -0.6449722286585264
vn -0.7742508630629653 0.48713263748508306 -0.404026477527253
vn 9.415195121636591e-7 0.7464801408821437 -0.6654076940250155
vn 6.213412559236378e-7 0.8659541584150352 -0.5001233803006236
vn -0.894827105544832 0.39314826360248883 -0.21146842319506184
vn -0.0000010351467185731513 0.7078132495844796 0.7063996062510141
vn -0.9586609973894552 0.2600790499441354 0.1154468703101601
vn -0.9826915790569655 0.15179696571593818 0.10618352814802276
vn 7.044635049680875e-7 0.44118136313126405 0.897417965512806
vn -0.9803063954287845 0.13697363554725261 0.1422588986545017
vn 0 0.48399084126060443 0.8750730629929436
vn -0.9789519408551498 0.09383982514438934 0.18123792294331115
vn 0.0000016046763365988883 0.500508820997313 0.8657314364751373
vn -0.9654837525498601 0.11520711694274718 0.23359889504871512
vn 9.967989993121139e-7 0.5056661803360888 0.862729224069358
vn -0.9535813507501847 0.16472677160698754 0.2520866879019847
vn 6.349145376162941e-7 0.5195439899535428 0.8544437035304021
vn 3.9443711278440813e-7 0.5393743181492037 0.8420661167158585
vn -0.9604019395832986 0.18320293482592873 0.20991617163954934
vn -0.9863370089852506 0.10199840396759106 0.12936626412667965
vn -0.9942915559554917 0.046525080318243775 0.0960193660517935
vn -0.990570018821384 0.13454350156278044 0.025866658064563088
vn -0.9972610037085345 0.06189483878275144 -0.04049097941891845
vn -0.9930319356360684 0.11758888004011729 -0.007773679810395975
vn -0.7598317973459668 0.6501038256311695 0.004544847820941679
vn -0.9890414857039704 0.14338554129652317 0.03517848921693643
vn -0.724357973847217 0.6894202368077748 -0.00229408017874463
vn -0.9988159704524948 0.03230323876328911 0.03637523792970923
vn -0.9994865230038458 -0.0040465815131265695 0.03178546069731711
vn -0.9997485433595782 0.011709479096832037 -0.019124281677551102
vn -0.9994319979283414 0.03205674792365902 0.010394538446840969
vn -0.9972884935073532 0.034134903018663676 0.06519562189089638
vn -0.9978349135434726 0.05327586472236648 -0.038563811426965494
vn -0.9969532398223251 0.07791834998101493 -0.00360115870320307
vn -0.9810855366085962 0.13447125225146286 -0.13924314049656517
vn -0.9869264015023057 0.13040980235228905 -0.09470776878454248
vn 5.571319769089949e-7 0.6127244448209885 -0.7902966245141764
vn 0.0000013191152870659028 0.051022584479024455 -0.9986974996821312
vn -0.9302839940810332 0.11284823361428725 -0.3490515241719702
vn -0.9900258388259988 -0.05061271959193457 -0.13148076312672452
vn 7.090147400618545e-7 -0.28165538327442635 -0.9595156304469633
vn 2.65058558869585e-7 -0.3726530059328281 -0.92797076310041
vn -0.9596818911824361 -0.07902490788208573 -0.2697512403506804
vn 4.862951324324271e-7 0.6619896457139504 -0.7495129811866382
vn -9.563313836080946e-7 0.9106787237763798 0.4131153132723475
vn -0.9914731429840337 0.12075673845441035 0.04897771798701242
vn 1.8061429720858128e-7 0.7064651443948471 0.7077478362772543
vn -0.9859753244566644 0.1106422617301076 0.12494378528691222
vn -0.9610872752892121 0.20124222104036327 0.18924274820425693
vn 3.3979755709750434e-7 0.6686796965173873 0.7435505789556615
vn -0.9608548640258806 0.23968253432662567 0.13896119248398997
vn 9.218900480950814e-7 0.7296259060679412 0.6838465011928379
vn -0.9870886529610485 0.1357166282541613 -0.08507048848375329
vn 0.00006852967863272663 0.9973225462219817 -0.0731282031844497
vn -0.48357085698979835 -0.3444636940867099 -0.8046763260630262
vn 7.771350579463252e-7 -0.3342549981792458 -0.9424826768655159
vn 5.505624408114328e-7 -0.4108234894378263 -0.9117149009014963
vn -0.9725425218315314 -0.07134582828971013 -0.2215193355335388
vn -0.9829875669139169 -0.07531124977648278 -0.16752211480805163
vn 0.000001112907037993265 -0.4025901486618805 -0.915380342917176
vn -0.990867921680676 -0.00435544248739425 -0.13476569261112736
vn -1.3492869758020274e-7 -0.1383953094809897 -0.9903770687539383
vn -0.9774243094083116 0.13777698376986042 -0.16018496221856973
vn 6.492572240032973e-7 0.22874662030439039 -0.9734859956357346
vn -0.09135941336066748 0.30058544611116744 -0.9493691838144659
vn -0.9837524294549126 0.09193452635403956 -0.15420505959797698
vn -0.9977163988899665 0.04184941457654886 -0.053015223149934614
vn -0.9316276253549509 0.26061680749811417 -0.2532762273190793
vn -0.9970315414340599 0.06133950701659286 -0.046535688074680476
vn -0.9187862288306996 0.37154573817626574 -0.1333627764937245
vn -0.9997694711964661 0.010409896801371004 -0.0187786717348069
vn -0.9535082372226626 0.2994556362170468 -0.03388751224823446
vn -0.9235014758149612 0.3744955297094843 -0.08305493600745072
vn -0.5904589055191451 0.8057175546948092 -0.04666372198775547
vn -0.4129507215789135 0.9076306162670278 -0.07535493323061083
vn -0.5039473628985691 0.8631257169789088 -0.03241993394845822
vn -0.5315320873667673 0.8440469163311962 -0.07112273287301506
vn -0.6699321365277421 0.7408300147525037 -0.04859857702834536
vn -0.7032115140189226 0.7055959381202661 -0.08733807107668602
vn -0.7991059360386394 0.5972464634253641 -0.06874856299374645
vn -0.8054633684441714 0.5830842814826942 -0.10602585902684021
vn -0.8745850642590187 0.4782371964980093 -0.07993840917088889
vn -0.8730429630925307 0.47391853675342843 -0.1148790891159198
vn -0.9293161208710571 0.3589305714727049 -0.08683543258053482
vn -0.9242309023269839 0.36359401323213486 -0.11660459993327706
vn -0.9671970724140271 0.2392020703415162 -0.08551135981884218
vn -0.9630136898829524 0.24361828986388898 -0.11512932702754154
vn -0.9902255041013586 0.11018086338215112 -0.08551975427685564
vn -0.986973977646424 0.11177085076336964 -0.11571363086701959
vn -0.9954060447774726 -0.03845225325433889 -0.08768255379568075
vn -0.992349733113761 -0.03769307170287579 -0.11756376795020256
vn -0.9739937635393461 -0.20893005711644258 -0.08766059445258591
vn -0.9706338692425585 -0.20815086468534552 -0.12059481502105786
vn -0.9112696602548865 -0.39236676498795653 -0.1250437044869891
vn -0.916182543133178 -0.39128227549592903 -0.08664714964007951
vn -0.8176890632789037 -0.5692257299834826 -0.08582927308815151
vn -0.808219663891983 -0.5755933470780534 -0.12439161425841254
vn -0.6674820100920364 -0.7395503428131749 -0.0867931831909033
vn -0.6385876276749174 -0.7593368579190113 -0.12495350329704455
vn -0.4583232002859323 -0.8839844268680963 -0.09225712511423974
vn -0.43216550302553003 -0.8920670122750672 -0.13209626643219588
vn 0.028219993057300816 -0.9929831832929427 -0.11483914702426291
vn 0.00006868757815080791 -0.9961315243161297 -0.08787480609162363
vn -0.9850880070569137 0.11170560375490379 -0.13085670193914564
vn -0.960787527331331 0.2451063524724856 -0.1296541680864164
vn -0.9595540483366237 0.2448145080062823 -0.1390031833823905
vn -0.9196511642944832 0.3655640238904136 -0.14354330513420083
vn -0.9142853579836626 0.37175723756505097 -0.1608690165777375
vn -0.8623421964388414 0.4768984383601327 -0.17009942895465938
vn -0.8604159343667407 0.4751819961874582 -0.18408283566674818
vn -0.8202495746940611 0.5434499102017079 -0.1784736123800026
vn -0.807363480768636 0.565538445408509 -0.1683165965853617
vn -0.8012015921316509 0.5801252960894121 -0.14673326004311202
vn -0.7641286607912159 0.6283817092198746 -0.14575258925772835
vn -0.836908086483536 0.5236033103918178 -0.15945039393239463
vn -0.8351341446327485 0.5161671245587284 -0.1900590960551533
vn -0.909569316889597 0.3773346866478822 -0.17407524816968153
vn -0.9562012281594973 0.25142499090294906 -0.14988223782597063
vn -0.9525478776839719 0.2562867023900038 -0.16422444062263866
vn -0.8572493116487624 0.47490894356555174 -0.19896007890824438
vn -0.9020955329828642 0.3867781062463666 -0.19138010842518688
vn -0.9481992397452446 0.2603971571130498 -0.18196571741397316
vn -0.9828892901377752 0.1097232098339289 -0.14795087210354738
vn -0.9814255671661479 0.103298781597571 -0.16165771813638288
vn -0.9795686751072379 0.0986464276541597 -0.17525436673510714
vn -0.7176549829275968 0.6882843182017445 -0.10600010753178644
vn -0.6346984152827402 0.7638385467299973 -0.1170837143542347
vn -0.776673171343015 0.6168746738533597 -0.12745360596819016
vn -0.7053403933953579 0.7088686903826469 0.0003305148603433672
vn -0.49803486561638427 0.8634745495140806 -0.07983091488844102
vn -0.7371316057918725 0.6746758911803838 0.0380714801741453
vn -0.7673000777765887 0.6380773953334736 -0.06409234126236103
vn -0.9282872454674729 0.3569472942751846 0.10426609713629992
vn -0.8754131371008531 0.4821997051908131 -0.03369397134704738
vn -0.9837206111783011 -0.07204924909775098 -0.16462887003025897
vn -0.9805681713988299 -0.08664510625004465 -0.17600763279606163
vn -0.9492266344066215 -0.2619927406806791 -0.17415108487662254
vn -0.9384202583132512 -0.2898185137631999 -0.18807617570383767
vn -0.8753586663856702 -0.4453800145769076 -0.1881059483349068
vn -0.8871689700531497 -0.42649082722349374 -0.17617262235958767
vn -0.9553216395010973 -0.24393673963241377 -0.1668994672203701
vn -0.8648568576926156 -0.46334651891286205 -0.19321650838732118
vn -0.781797463360019 -0.5968732793381651 -0.18037465092397084
vn -0.7676297492701328 -0.609661822830397 -0.19762851469003825
vn -0.7567437306364996 -0.6308912051491619 -0.1712168607579036
vn -0.6247221082579549 -0.7609325466012032 -0.1752254176104133
vn -0.6142646898882581 -0.7731929554881556 -0.1576437259771951
vn -0.7387397405523095 -0.6654662653727957 -0.10685619017862297
vn -0.3989795729321337 -0.9141598905302963 0.07160303714598236
vn -0.8947070165526727 -0.4179581070464044 -0.15751309560034038
vn -0.9605114160142865 -0.2334184126703988 -0.15143864874153487
vn -0.985683894077613 -0.06167321875027715 -0.15691932655021545
vn -0.9886211877244784 -0.049821247042050834 -0.14193657219130246
vn -0.9846447825939459 0.10919954099491086 -0.136198797193741
vn -0.596798174460246 -0.7874324824462613 -0.15421421643102928
vn -0.7863960621051098 -0.5964831526980325 -0.1605897943612601
vn -0.53776775214143 -0.7393867752760369 0.4051086783860066
vn -0.952556172544428 -0.2842237590686016 0.1088742069014671
vn -0.6000312063287896 -0.6729003222428979 0.4326288337097075
vn -0.955076533284012 -0.25768347441590406 0.1463832045801075
vn -0.9547255445374215 -0.25703823055208164 0.14976809621003628
vn -0.6503007104438984 -0.6589926765665287 0.3779386699291878
vn -0.9605257816030099 -0.25654729423119516 0.1075811726027346
vn -0.7175431239575047 -0.6143807758589075 0.3281282181043134
vn -0.97456111844347 -0.21559192925139495 0.06124333808566034
vn -0.6801747667100648 -0.6501749741898452 0.33857759770567075
vn -0.9844358592413991 -0.16408886063738023 0.06293556112703627
vn -0.5952235633065152 -0.7344728782030991 0.3259731597367341
vn -0.9896996671267413 -0.11998580461581689 0.078089535662038
vn -0.6406606863218246 -0.757694582072234 0.12430931300603083
vn -0.993646372189752 -0.10635772973741622 0.03680924285077562
vn -0.7835250568623541 -0.6171994265815822 -0.07178685879888294
vn -0.996632436395705 -0.08100613040945977 0.01271980974884886
vn -0.8181868724559416 -0.5347015813897102 -0.2113396806094586
vn -0.9987176324497743 -0.04463118538805603 -0.023898701319825733
vn -0.7799502988581288 -0.5092257714583204 -0.3638222711624375
vn -0.9985778897186088 -0.0012615786772134433 -0.053297341250488024
vn -0.8042269540902045 -0.3794895815834706 -0.4573911496568278
vn -0.994769535317221 0.02260616335584291 -0.0996119118533976
vn -0.8554867149768169 -0.24679960772802492 -0.4552278925148014
vn -0.8534498614403312 -0.20673164249648046 -0.47841965051426016
vn -0.9954093235392957 -0.03105990072542548 -0.09052933876908872
vn -0.854540101040762 -0.14945909230610033 -0.49741652107693485
vn -0.9906397060698205 -0.035978103462140504 -0.13167592349843973
vn -0.8273781781391566 -0.07837727331823194 -0.5561495782308291
vn -0.9819239553562537 0.018728076609716253 -0.18834703354189197
vn -0.8590974318752549 0.09591844052399513 -0.5027437272734356
vn -0.968123377467998 0.12299072756417817 -0.2181980910392899
vn -0.7567643297974534 0.4848422859842972 -0.4384469259417063
vn -0.9595872969970205 0.24956521878365356 -0.13003622962628225
vn -0.6169387614288158 0.7181378505336128 -0.32196986237478975
vn -0.9790213672078645 0.1736575806419826 -0.1065842729300025
vn -0.7520522556500285 -0.6012748068263332 -0.26997409403063105
vn -0.8828549322887678 -0.33167654042280664 -0.3325023925726753
vn -0.5893743026396066 -0.7951511128743216 -0.14273275406438982
vn -0.6792517315955485 -0.683472395733541 -0.2673622437718219
vn -0.8279891975348684 -0.5255209657066028 -0.19560573449764718
vn -0.8503158225025741 -0.5052803479370873 -0.14715560468547265
vn -0.9581322126232042 -0.20867957288676872 -0.19604973602011988
vn -0.9438867555856677 -0.2508469658132599 -0.21483387156648096
vn -0.9747843424488787 -0.1522613118109617 -0.1631317830531883
vn -0.8770018361265357 -0.4698491448924398 -0.10054631009901979
vn -0.5856758261846539 -0.8054700960241568 -0.09056351933178486
vn -0.6319887359057272 -0.7739637748414281 -0.0396271740285372
vn -0.7831929495277958 -0.5308597990644061 -0.3237231495386917
vn -0.9419556551937907 -0.21974722331353813 -0.25383203401940124
vn -0.8356093075249866 -0.44673272470095715 -0.31966694833665715
vn -0.8423087698400183 -0.48528897893283446 -0.23454326504276746
vn -0.8702412238327286 -0.42838793993179103 -0.2432364801239956
vn -0.8690636559713376 -0.44687901928177504 -0.2121968519924167
vn -0.8853699626799719 -0.4133895386189764 -0.21267138628516727
vn -0.8421285084786356 -0.5127792317206418 -0.16696417197571725
vn -0.9714253599999874 -0.21862222527184036 -0.09239638827402008
vn -0.9460685476718584 -0.3143274362312875 -0.07843829382595197
vn -0.7955034830184716 -0.58609883938116 -0.15382574225901618
vn -0.8535915329233825 -0.5167294568790828 -0.06612233597626532
vn -0.9803173854833317 -0.16089608800462313 -0.11441272911670966
vn -0.8660273755040607 -0.4595346242298813 -0.1970393717292318
vn -0.9279436192810585 -0.31419508713854766 -0.2005045801311537
vn -0.9758639188172626 -0.10351443134293078 -0.19228721864535037
vn -0.977108200637723 0.09570968509339774 -0.18999794847796111
vn -0.9441127811126371 0.264558495044529 -0.19662110578352449
vn -0.8954250439858471 0.3942491844124416 -0.20683706436001345
vn -0.8564702768308036 0.47138210579872997 -0.2103748445944087
vn -0.8527650855586164 0.48395013936645065 -0.1964280312465574
vn -0.8567710543884838 0.4839091017088305 -0.17825639300007878
vn -0.8318176783313324 0.5337260908748619 -0.15236735193246181
vn -0.9396517696153173 0.33707352839001886 -0.05861730390853528
vn -0.9791345644203526 0.20085278251657776 0.030881459044461355
vn -0.899304924687165 0.4143292323395148 0.13993548392870367
vn -0.8346242917158285 0.5198979610291623 0.18195714274402994
vn -0.5016550916391999 0.7905554015629697 0.35123258119382633
vn -3.0238614104300484e-7 0.8603838874656379 0.5096465110146691
vn 2.5218602575914726e-7 0.9623181186901076 -0.2719261635824483
vn -0.28776412226798553 0.9207203672146965 -0.26356368363522753
vn -2.5499572971790475e-7 0.8526459585882825 0.5224891092673642
vn -0.8919219803864605 0.40717514587746406 -0.19668142129636967
vn 1.550733419247841e-7 0.738285078747723 -0.6744888008695508
vn -0.8985744732611254 0.4308215388284806 -0.0834069402684891
vn 0 0.9503042329319182 -0.31132276638832307
vn 0 0.9972734512941499 -0.07379473791439935
vn -0.9360337393177051 0.34994143755269586 -0.03717296251937811
vn -0.9544365885524078 0.2810160185350797 -0.10040316608122235
vn -3.8621229650538446e-7 0.9434746008825093 -0.3314448332519918
vn 0 0.7091811897088492 -0.7050262691298398
vn -0.9044886257808876 0.36871978748122164 -0.214350283771224
vn -8.990939719499218e-7 0.07830372168549875 -0.9969295497523339
vn -0.7581902434407406 -0.015528323429378304 -0.6518484685283406
vn 2.0115626323939423e-7 0.6738272728089011 -0.7388888999158659
vn -0.8245293427617858 0.21333813485089567 -0.5240593507830564
vn -0.9463925965768241 0.3198878171793725 -0.04486465830465021
vn 0 0.9651292975179376 0.26177364090475613
vn -0.942739114517656 0.33255746447421003 -0.025465560684001718
vn 0 0.9995779466385428 -0.029050449116566665
vn -0.9516813682770225 0.2949099816339916 -0.08561936700894804
vn 1.9381364654521439e-7 0.8768806996909582 -0.48070805954285617
vn -0.9770496766420425 0.17049489361781897 -0.12769268038508952
vn -0.0000031019434790369833 0.7389849855532629 -0.6737218944915043
vn -0.9914617584467074 0.06986892255785156 -0.1100995694740361
vn 2.8245237602037536e-7 0.3649664037835765 -0.9310206894098559
vn -0.9576403845804236 0.07268575390016904 -0.27864255777002683
vn 2.0725320577539443e-7 -0.19876306999949386 -0.9800475712965843
vn -0.9030994073023735 -0.08356217198849294 -0.4212230097497847
vn 0 -0.16455845335477448 -0.9863673329087316
vn 0.0000010000851132224322 0.8540327840212387 0.5202191882427368
vn -0.9376860144770561 0.2947688772893879 0.184000671834881
vn -0.9673987367086122 0.2520154348843731 0.02505802854619051
vn -0.005951329835601293 0.8534476427038542 0.5211446083731677
vn -0.20594427428926376 0.9243575458980362 -0.32116986662641345
vn -0.9903530066276758 0.1384898068483669 -0.004636341512946382
vn -0.9820705711745112 0.1813853394055242 -0.05134931237818097
vn -0.8278230472656866 0.56059545576251 -0.021017549671086783
vn -0.8577166821501776 0.5034730695716997 -0.10410072707402981
vn -0.3766796454848932 0.9174895556100016 -0.12777073226657537
vn -0.8141705116823628 0.5702506705843673 -0.10927282647099049
vn -0.4070431749286139 0.9018042972097948 -0.1451373944853011
vn -0.5795575975145428 0.7994691131807479 -0.15799407657618017
vn -0.7356826447586245 0.658304612432822 -0.15939285884451473
vn -0.8064612873106431 0.5700764920457296 -0.15694898943954802
vn -0.8670867152538914 0.4753421581803479 -0.14903174456023185
vn -0.722599941228799 0.6783254944529077 -0.13313094498032532
vn -0.5581068235116178 0.8196004392036742 -0.12950634581716994
vn -0.871606912472076 0.4716530260853963 -0.13358447932070322
vn -0.8093196842968514 0.5708901947971823 -0.13815221349685336
vn -0.8540733201800039 0.5199864351584262 -0.01314804198108919
vn -0.997971518416304 0.06341546670252507 -0.005597053935532287
vn -0.9221919802188888 0.36440354693048116 -0.12950678207896815
vn -0.9992086977277839 0.005837654399220666 -0.03934336254390665
vn -0.24362872847116415 0.6439144298438733 -0.7252718453810014
vn -0.9633514240132968 0.2102223773921472 0.16661508303616107
vn -4.0075667746541667e-7 0.6612932239792649 0.7501275037744912
vn -8.939080104229909e-7 0.5735376718042675 0.8191791861494903
vn -0.9751956808097672 0.13714065795094582 0.1737406805177081
vn 0 0.9527792555308526 0.3036637782648337
vn -0.976605705604231 0.18374939116800962 -0.11170253813879173
vn 0.000003528122821382539 0.4493307854578315 -0.893365460059544
vn -0.9299252921392877 -0.0360751624535628 -0.36597477193600325
vn 0 -0.20113247469672926 -0.9795640497804978
vn -0.9846367020070176 0.09636332786261785 0.1456182478399773
vn -0.0000016487584517408103 0.5727506166468058 0.8197296695423348
vn -0.9981890211348724 -0.060152325119763476 0.0006130811458298084
vn -0.998145266605992 -0.048667970281098746 -0.036571237616073136
vn -0.3525673898812473 -0.9310458512271282 -0.09407368657109691
vn 0.0007919943601660916 -0.9971306555183826 -0.07569563111840756
vn 0.06315945814775425 -0.9850375026406594 -0.16034962188273255
vn -0.35403334739266323 -0.924574663899974 -0.14079090811624106
vn 0 -0.9776002917678078 0.21047011554018083
vn 0 -0.8795885050231923 0.4757352854593253
vn 0 -0.8343123718328023 0.5512919972271716
vn 0 -0.8400177406708611 0.5425589326130591
vn 1.342526717671925e-7 -0.8828113595457197 0.46972769074967285
vn 0 -0.867217220613376 0.4979300074022562
vn 1.3339402113185283e-7 -0.9387008295633748 0.3447328713323032
vn 0 -0.9979632306343106 0.06379177299566006
vn 0 -0.9708412531877572 -0.2397233011386775
vn 0 -0.8953708191458238 -0.44532134040727955
vn -3.9094906777797773e-7 -0.8001386810112101 -0.5998150474517023
vn -8.926223115282452e-7 -0.6647584341721332 -0.7470583807147985
vn 4.657271093526486e-7 -0.5779502602470038 -0.816071992339036
vn 0 -0.4851038540489728 -0.8744565459683131
vn -3.610353941598979e-7 -0.3222333996933067 -0.9466602537985648
vn 0.000002811169490018646 -0.09685789925106202 -0.9952982203062399
vn 0.0000012934335087169623 0.1983536983882828 -0.9801305067867325
vn 0.0000010359115938531713 0.7671198627970607 -0.6415037927410449
vn 1.7773056240682422e-7 0.9041243414622933 -0.4272694409565738
vn 1.5871014657962623e-7 -0.84011206777405 -0.5424128626612618
vn -0.4257762591671021 -0.901136190199054 -0.08165870341367881
vn -0.4643567054469561 -0.8856258106241325 0.0063066364091326965
vn 0 -0.9968140782756532 -0.0797602241186669
vn 0 -0.99893257262694 0.04619215674682261
vn -0.6866571690933141 -0.7263744248882228 0.029700622906930412
vn -0.9088735694334199 -0.4133822698639322 -0.05535281155910199
vn -0.7929238751893845 -0.606002052529808 0.06350779861016675
vn -0.953291919920345 -0.2818920515670603 -0.10849602148418301
vn -0.9845949093723726 -0.14812445162657065 -0.09290861783675841
vn -0.9384353827448745 -0.34289592762263355 0.04196921767551104
vn -0.9842143278582097 -0.06804057695639301 -0.1633788135776903
vn -0.9868981015299306 -0.09261145229817358 -0.13211834126964297
vn -0.9903729384344543 -0.0767912329680269 -0.11517182535653007
vn -0.6329140976389528 -0.7529078981626058 0.1804146388025018
vn -0.5359584426737821 -0.8401480501830064 0.08306504379332372
vn 0 -0.9901561491513043 0.13996714006458758
vn 0 -0.96734174965461 0.25347571752567905
vn 2.1509259630509896e-7 -0.945002250575441 0.3270638261980455
vn -0.7300797108168624 -0.6496886613950897 0.21186849484579587
vn -0.9947023899341214 -0.10219414441334188 0.011113609088505186
vn -0.9976798750284962 -0.06789930068352291 0.004954990394800506
vn -0.9988128215608133 -0.047703096942595696 0.009867219862367063
vn -0.99121573221857 -0.13109193302430472 0.01750077993563034
vn -0.993161925677311 -0.11618562147351183 0.01141449726222163
vn -0.9852453078975663 -0.16908379717758587 0.026501939510892705
vn -0.8008273924941802 -0.5612253188563795 0.20904934562329427
vn -0.8705620597899243 -0.4588662297501489 0.17766114726976143
vn 2.5750494697297713e-7 -0.9202845559583729 0.39124971062536784
vn 1.9890211699034093e-7 -0.9282936577770307 0.3718479325354674
vn -0.9904343690831666 -0.13571725249888344 -0.024911601975467657
vn -0.9983219991600719 -0.04589905167266848 -0.035305283578905666
vn -0.992284407866678 -0.11281394175273632 -0.051426340049496595
vn -0.9973688303999761 -0.06553239845988193 -0.030998724145979397
vn -0.9955247789769128 -0.0938841732915473 -0.010778517909792425
vn -0.9959530978292789 -0.051717469004289605 -0.07350326743793985
vn -0.9263434183738093 -0.36851604872482824 0.07799867350003856
vn -0.9112798159678657 -0.3898502710078942 0.13261170085872612
vn 0 -0.9602199523618804 0.2792447727105168
vn 2.435052918778231e-7 -0.9319342747891878 0.3626272293596985
vn -0.9883084819865443 -0.045613389123648825 -0.14548458050978086
vn -0.9924740178404625 -0.07193644332579165 -0.09909829480492958
vn -0.9618096971641675 -0.05616759895376169 -0.2678942090989308
vn -0.9624087244294348 -0.09493925608923998 -0.2544719725143223
vn -0.9603820258221283 -0.19354080781185565 -0.20052012415046844
vn -0.9967318853978472 -0.05375071285975474 -0.06030264918161449
vn -2.1845031301688994e-7 -0.24232979421839068 -0.9701939346512246
vn -3.3520444155635893e-7 -0.3779784972157932 -0.925814374290213
vn 1.5174681190184068e-7 -0.55551312202777 -0.8315077698103228
vn -5.248231046132431e-7 -0.9396786381136137 -0.3420585579585294
vn -0.9377878432371339 -0.34720457059562343 -0.0017167510459093628
vn -1.2082033011705365e-7 -0.9862881784575876 0.1650322060532392
vn 5.108392328503088e-7 -0.02330670087352304 -0.9997283619534514
vn -0.9568271243546113 0.01439360842531447 -0.29030101297753663
vn 2.3706895838703383e-7 0.21969429997420645 -0.9755687646490057
vn -0.9631522747920546 0.0748022038327673 -0.25834536160854854
vn -0.9857488065431302 0.029614384589109866 -0.16559673494427005
vn -0.9852047738475102 0.06014762934824502 -0.16047995598161952
vn -0.9685297153148661 0.1037745639868977 -0.22623224885376877
vn -0.9830743058297656 0.07914356129305325 -0.16523076566783015
vn 9.702840470181124e-7 0.3671628421021438 -0.9301566789409915
vn -0.9893093773334374 0.061375569975021436 -0.13228754790367825
vn -0.9931946927854824 0.03925569702318178 -0.1096507750723876
vn -0.9981263918395193 0.03560764145048054 -0.049757429432759445
vn -0.9985046250377404 0.010707205015250193 -0.0536084838342118
vn -0.9953559198675945 0.04293945615116126 -0.08615564920524547
vn -0.9981186239737797 0.04604915087671073 -0.04048071368222739
vn -0.999555518694326 0.02981010796200425 -0.0003500157293765774
vn -0.9997334990825363 0.006480541024808676 -0.022157016952072672
vn -0.9986312557962591 0.05122442324243799 -0.010567564064921868
vn -0.9985112342089729 0.023588291814566394 -0.04918239164319563
vn -0.9991655579929843 0.03931835894862316 -0.011056869817240425
vn -0.9994451664480638 0.008305954468345407 -0.03225477304170276
vn -0.9945500379383344 0.10175872477818937 -0.02270206969362397
vn -0.9955492372307911 0.05264919122486805 -0.07816507476205127
vn -0.9920374432708796 0.0969626425380133 -0.08037385831613364
vn -0.9856649405762057 0.16781222426214434 -0.017426482923890835
vn -0.9908293541422325 0.023197773974600478 -0.13311293796137794
vn -0.9946025941017104 -0.011424473182449909 -0.10312691801198998
vn -0.9789154444528856 0.15976254503217008 -0.12728111335329093
vn -0.9651670369939404 0.25538448674821396 -0.05684500530995675
vn -0.9861590990641563 0.05437026287558219 -0.15663366767017706
vn -0.8891150703956433 0.44456447913874475 0.10879712994122114
vn -0.831322371946259 0.5531700849443735 0.053907059132182134
vn -0.6469419874016221 0.7295266624356542 0.22193898650830743
vn -0.5557014346544251 0.8206267357495018 0.1332954466444033
vn 6.727311918397109e-7 0.9396929172972799 0.3420193286656105
vn 7.433143631664828e-7 0.9038262663537063 0.4278996146861626
vn -0.7399966318278508 0.6234728954268675 0.25236190986651463
vn 6.605461420872601e-7 0.9821378269637993 0.18816293164805295
vn -0.9248273356332323 0.36189955409091945 0.11714568713499605
vn -0.00020546556376806635 0.8608457464028446 0.5088659535516513
vn -0.8115323017989418 0.5245114456357882 0.2574938184383596
vn -0.8645646272587804 0.44724084377560136 0.22913671236136368
vn 0.007218478141654824 0.867639350086969 0.49714168177088136
vn -0.9572912485584866 0.2637017973850664 0.11855305769662561
vn -0.9441112211373112 0.3045266354302691 0.12616469568042823
vn -0.8990907273197459 0.40395529279695064 0.16868902000124428
vn 0.000003427074225213539 0.8900278711908027 0.45590611806798864
vn 0.0000028159293659776714 0.8929676521843308 0.45012084171306105
vn -0.9349612489856837 0.34514551971652063 0.08198800592003211
vn -0.9707006605489031 0.23357605436993337 0.05641324698062794
vn -0.978523426046349 0.20078518839741055 -0.04666061292709031
vn -0.962188092036464 0.27238561779687726 0.00038827907840331834
vn 0.022422583585218606 0.9761357821413782 0.21600037631588465
vn -0.9688879400516263 0.21838315313831122 -0.11646869986346199
vn 6.663341349450347e-7 0.8727375916873651 -0.4881896107613252
vn -0.9828317926728761 0.1551203808750244 -0.09989662030623374
vn -0.9767367751313621 0.12968367220677496 -0.17078471029033215
vn 0.0000017811419001163363 0.5054154940222122 -0.8628761083719438
vn 0.03630797017603836 -0.9843028309781511 -0.1727126753602439
vn 0.05538663440380698 -0.9835977198724176 -0.1716620114970115
vn -0.3802396612838481 -0.9133428829764846 -0.14567971067704616
vn -0.60392034218931 -0.784102263210389 -0.14305195251478553
vn -0.7955774284169281 -0.588220150932724 -0.1450986196701781
vn -0.9027847748349124 -0.4050502852868938 -0.14461644690450187
vn -0.9661820477497765 -0.2180569159855143 -0.13763514085049278
vn -0.9904919408762648 -0.04058581276333883 -0.13144773433387494
vn -0.9982993836691906 -0.047033177845356364 0.03444155553225222
vn -0.9937963189176584 -0.10903627100076346 0.02190817454650082
vn -0.9974961067710734 -0.037221699157848905 -0.06013370176825927
vn -0.9947967688572278 -0.10043777829505375 0.017077510426669364
vn -0.9890544765696206 -0.13182033272061694 -0.0662920980134121
vn -0.9971065359363982 -0.04936386937229006 0.05780799593059756
vn -0.9947380622326327 -0.051833567933445776 0.08837119882040516
vn -0.9804126389513537 -0.18881772014095674 -0.05602611842001958
vn -0.9405661214498987 -0.3395663197902685 0.0054850382667266965
vn -0.010178978972925551 -0.8483418394490079 -0.5293510289281986
vn 0.10602218683012898 -0.9815046810665847 0.15939842202524848
vn -0.3500688540546041 -0.8371003551699884 0.42037458628605934
vn -0.0007527340558174427 -0.368204224905913 -0.9297446327636837
vn 0.011902498676315511 -0.21435856213431484 -0.9766825161560788
vn -0.15972226385930985 -0.029289272679228484 -0.9867273873434236
vn -0.0023850466629345562 0.04076987272821017 -0.9991657165005918
vn -0.05246484876342824 0.12293776522159262 -0.9910266119164264
vn 0.03596416108198029 0.23076802443614344 -0.9723439196166698
vn 0.012677757729115237 0.28244402399387725 -0.9592000040497853
vn -1.0903436872269054e-7 0.8600916413217766 0.5101395578941124
vn -1.6663515952488168e-7 0.873585336775853 0.4866709970505659
vn -0.9320335282584075 0.3207031750106092 0.16870973813120294
vn -1.2986040744879444e-7 0.9178001074256591 0.3970427720150964
vn -0.9172960866823866 0.36869819951531113 0.15043113717361625
vn -0.9794049792798202 0.19572459327864972 0.049575902894469
vn -0.9803880162745463 0.196548247476581 -0.014426501971872787
vn -0.9250266582871856 0.377203286954166 0.04520355925162992
vn 0.000002291939970654489 0.9643157925910472 0.2647547018548444
vn -0.9918940803061188 0.12703299701345344 -0.0029582297846154405
vn -0.9706759730148732 0.23606408357373726 -0.04540819153105306
vn -0.9611817876995852 0.2618503782113801 -0.08697097461329639
vn -0.9959708162043942 0.0896615136368494 -0.0017164619139416611
vn -0.852602846082905 0.47451883585423693 -0.2188612831701165
vn -0.8540695625796543 0.4717912817361734 -0.21903919455827198
vn -0.8585135968719584 0.4637948863957788 -0.21874347382058995
vn -0.8914267316343756 0.3976612342504188 -0.2173106644923074
vn -0.9402934133495732 0.27131419856489436 -0.20551618541734815
vn -0.9764383196573648 0.08336607163024468 -0.19904347767671912
vn -0.9730528762621389 -0.11349024126205476 -0.20071887090221258
vn -0.9226133935061486 -0.32688687515689163 -0.20476693330035386
vn -0.8748299012107259 -0.44107160596000944 -0.20032094838905304
vn -0.8463585572828576 0.475774653124352 -0.23940691710659204
vn -0.8393544625279257 0.48064503044847967 -0.2538984855008731
vn -0.8891578462589532 0.39043093731295947 -0.23866714818982446
vn -0.8602410041418025 0.4550487723534391 -0.23003484425784554
vn -0.9801872511866355 0.16181673339397848 -0.1142291442885288
vn -0.98528749318739 0.12504569501771481 -0.11649948465999989
vn -0.9973549311281331 0.05217032601542524 -0.050610260203251975
vn -0.9970707900211635 0.007607606244835801 -0.07610495393728756
vn -0.8410377133789413 0.47975481433811384 -0.24998176492241123
vn -0.8768737909756414 0.4157432912632072 -0.24135009937773672
vn -0.9265065701407353 0.2987881572537294 -0.22871644578160857
vn -0.971296049216106 0.04149966962119825 -0.2342258785841466
vn -0.9663694555126822 -0.09097230669394597 -0.2405288233599147
vn -0.9190480230232914 -0.33163554728676115 -0.21299904965231695
vn -0.958699408714818 0.17098584833962732 -0.22728678667585667
vn -0.9542848666492315 -0.20302102614419848 -0.21936922351965185
vn -0.8673818524385396 0.4305584339815399 -0.2495358831664323
vn -0.9571198089077319 0.20297471890641855 -0.20669527058277615
vn -0.9784347739717697 -0.04307857408881174 -0.2020139340176477
vn -0.921154935511918 -0.32285545841219904 -0.2173429036234742
vn -0.835604814026241 0.4798652641380855 -0.2673834756484712
vn -0.7997964532666867 0.5039113925106098 -0.32618850660323173
vn -0.7770581112076822 0.5842146773221101 -0.23425179317941708
vn -0.7997544229978643 0.49269046283746937 -0.34299995732412764
vn -0.9082951412809238 0.2932018892777685 -0.2983832911699541
vn -0.9666064871604485 -0.13205601130095385 -0.2196203744159913
vn -0.9848899102766976 -0.06292597858462717 -0.16134492819523474
vn -0.5789360643175187 0.7826524490448584 -0.22866608282958667
vn -0.000001640811000018859 0.3751511958781318 -0.9269636347929273
vn -2.9965501708521284e-7 0.9492128744800284 -0.31463457998330735
vn -0.5025507649072135 0.864151629345663 -0.026166585379262218
vn -3.514967327458824e-7 0.9980038269651049 -0.06315347466989688
vn -0.7584953897884917 0.6364098186003013 -0.14024010289049083
vn -0.7836940465471005 0.6194691326728269 -0.04562493914742889
vn -0.9612182814563617 -0.1960689541791963 -0.19394942794748077
vn -0.8239708243717793 -0.34766243626271653 -0.44744039937846813
vn -0.8890352421511516 -0.02791448735781283 -0.4569870015753113
vn -0.9787374946934781 -0.07027106884381486 -0.19270416021633224
vn -0.8440091117649601 0.49059221751501364 -0.21672077743360219
vn -0.883516791825076 0.4359346942704046 -0.1713447428271269
vn -0.9181290369471395 0.30697105658478363 -0.25061492759558407
vn -0.9329924154351463 0.274411308066153 -0.23285958590084735
vn -0.9700061423629963 0.01255041327828776 -0.24275619642885055
vn -0.9358954466077235 0.2671904276286979 -0.22958438187847965
vn -0.9712672870795157 0.028852179768781974 -0.23623591761581844
vn -0.93025450165012 0.349504196091157 -0.11168428302299784
vn -0.9587824612753529 0.22067690630974993 -0.17899132652822713
vn -0.9786499920772951 0.050780234573046375 -0.19916214696527199
vn -0.8856283118031069 0.41532151445581933 -0.20777519814189518
vn -0.9823042734695541 0.1852389273074007 -0.027655996338138433
vn -0.9952922398689618 0.0239414985229398 -0.09391571702915892
vn -0.9265646774934395 0.3530594943753928 -0.12971851006263765
vn -0.9867076244230365 -0.010449838789088993 -0.16216924731505047
vn -0.985306132506381 0.1466582251724985 -0.08753964949993097
vn -0.9398441762552151 0.14645424254282335 -0.30861639489885206
vn -0.9463627562163681 0.030210717324067562 -0.32169060633677854
vn -0.9612205428772275 0.2424846838192483 -0.13136303157238483
vn -0.9985994356811766 0.029737700627612773 -0.04375884160507611
vn -0.9987702523804135 -0.02407346745604328 -0.04334110202346073
vn -0.9900187199167004 0.08757827382500012 -0.11042182831456435
vn -0.9919006437522854 0.04967643871815646 -0.11689894935405942
vn -0.9532206816178731 0.17284450637362012 -0.2479820734497094
vn -0.9541303637656198 0.14205331394949605 -0.26354526164674613
vn -0.830811748507408 0.47688788723153136 -0.28693166704619716
vn 9.3442835519203e-7 0.46340174968267156 -0.8861483049637715
vn 0.000005194433850685995 0.4846824934496552 -0.8746901625812668
vn -5.388127922851025e-7 0.26819070848267107 -0.9633658411440964
vn -0.000001762637497854498 0.23943345805378052 -0.9709127762890453
vn -8.697480805892524e-7 -0.012211912481126611 -0.9999254318161913
vn -0.0000019838368224445893 -0.44183967550812825 -0.8970940313829627
vn -0.9528878894859337 0.13866019201856777 -0.26977401880169416
vn 0.000002785409642883658 0.6271854806004892 -0.7788699332469927
vn -0.9912186483735581 0.04262022511851866 -0.12517630577446953
vn -0.9920229245543153 0.11925484900705505 -0.04085092590147508
vn -0.9916291823387611 0.08742834093708046 -0.09501499847471333
vn -0.9851075295900475 0.14455893467078343 -0.09309065233331221
vn -0.9871676847832225 0.14216316786488206 -0.07272960760483835
vn -0.9353076608427673 0.3379138633264231 -0.10494665569060595
vn -0.91483996167001 0.3742868515064275 -0.15158231203217684
vn -0.9830051071258938 0.1723701061004979 -0.06316253547248618
vn -0.9283964518214557 0.2900499367321217 -0.23227368005657384
vn -0.939265827086205 0.2733889884163133 -0.20745642212467658
vn -0.9863335839877898 0.1634032089421754 -0.021105743417403844
vn -2.7447066394119037e-7 0.9671164122534719 -0.25433412108857345
vn 1.4512244230049776e-7 0.9284694209960334 -0.37140885056130485
vn -1.730866981149513e-7 0.8852370076249337 -0.4651402372739033
vn -0.000001174683951469994 0.7606956449922669 -0.6491087240889766
vn -1.0382105621944639e-7 0.9954335478844066 -0.09545706755527376
vn -0.9212641773171596 0.3884641552235354 0.019181128710325738
vn -0.9383238998976191 0.3394178097437735 0.06590758157952906
vn -0.9757454388851995 0.21388904919773274 0.04660808007222946
vn -0.9736716990685145 0.2217546472104377 0.052804345215203774
vn -0.9850290718844111 0.16467985017848474 0.05097327228781328
vn -0.9905955272456578 0.1368125456415009 -0.0016818905997835645
vn 2.4068000616984565e-7 0.99110125224585 0.13311013408696618
vn -0.9714244809931435 -0.13088526796043284 -0.19799879888051708
vn -0.9955389377080422 0.02669002082862197 -0.09049788005975827
vn -0.9983406321347733 -0.0022076425784200862 -0.05754223269032406
vn -0.9989160872148091 -0.030139608238674637 -0.035471886314025765
vn -0.9989530866137292 -0.0406592555710348 -0.020965583257158048
vn -0.994690840353754 -0.1024900083799473 -0.009269859687248555
vn -0.9911958486563025 -0.12400452681693397 0.0464076172133495
vn -0.9832657628462677 -0.15895973231410446 0.0889957477465959
vn -4.276076621289932e-7 -0.9653254210618549 -0.26104948084907176
vn 0.8536505813261595 -0.08755970863316138 0.513433522888393
vn 0.6970823919875695 -0.06308528705511758 0.7142103229007977
vn 0.6913656025784192 0.1781582839928387 0.7001951366698475
vn 0.7995185923397686 0.21661149033920044 0.5602227081760124
vn 0.921443378931433 -0.005073284599080303 0.388479550564506
vn 0.8723244769642852 0.22324371600436163 0.4349853447572116
vn 0.9462746979729822 0.017252575609615076 0.3229033053577742
vn 0.9022480468120619 0.2089758874996635 0.37719695182695634
vn 0.9548205158391436 0.0032173653670103577 0.2971656627081378
vn 0.9307483880119748 0.15394396830848825 0.33167558371780304
vn 0.9603801712914373 0.020565233583325584 0.27793344123709385
vn 0.9405492519210813 0.159657229372365 0.2997943859044635
vn 0.9444656037370762 0.15157241582170233 0.2915656463294892
vn 0.9576479508698875 0.05179131995087396 0.2832455849125487
vn 0.9484255119587751 0.15456986110669832 0.2767620029975058
vn 0.9570158044093015 0.0920449562138855 0.27504268059048875
vn 0.9469735754065534 0.18859205215203695 0.2601424328071302
vn 0.9593188900277696 0.1168712396204298 0.2569987949105448
vn 0.9435106639684708 0.23161858624148535 0.23693977607246777
vn 0.9817513076283041 0.005452203946048722 0.19009114509162645
vn 0.9493870416970244 0.28010158792117895 0.14215254307189434
vn 0.9912728888630707 0.1026475465242658 0.08271360829761346
vn 0.9598486732088702 0.28009351249165976 0.015432070478581836
vn 0.9589030784274342 0.26990345237603797 -0.08750435747941775
vn 0.9582849399098731 -0.08310502471072533 0.2734657726476215
vn 0.958302755766468 -0.06318791691165458 0.27868102814285606
vn 0.962470460103261 -0.035135685968401456 0.26910239129399566
vn 0.9696610163450874 -0.04703528236856001 0.23988579698081774
vn 0.9697302060291288 0.13396010575166462 -0.2041519472885483
vn -0.6681340400335527 0.7347734640376186 -0.11706776283247745
vn -0.7381642259544393 0.6240470239231511 -0.2562789251064975
vn -0.6587780322349752 0.7509209067194186 -0.04614429646554708
vn -0.7011107511767859 0.7110942307396065 -0.05280823414174999
vn -0.6642099291531097 0.7462576855956827 -0.04387068159712069
vn -0.5965590390272613 0.8025521519348472 0.0052303326487207775
vn -0.5857002721018103 0.8087083677823002 0.05427676426200446
vn -0.6166746880917542 0.7854035670565825 0.053418778736825746
vn -0.5741513730008085 0.8145911952652111 0.08240986274519167
vn -0.5025285150409763 0.854916754509068 0.12877280159409835
vn -0.7050886449619712 0.6672779633235327 0.23997942080205445
vn -0.9249582261542983 0.24916784386905236 0.28699767499257145
vn 0.737816509497994 -0.22514840866310662 0.636345026215077
vn -0.9467073056681818 0.1367879208110952 0.2916064850353455
vn 0.8372577797167264 -0.23276836537097476 0.49479116643927873
vn 0.9139397756587551 -0.19584961270288767 0.3554673201195205
vn 0.9504365252881962 -0.14338990937188353 0.275879947238691
vn 0.9560214915297183 -0.11901893517244659 0.26806230768929457
vn -0.9894548513030604 0.12463760942760484 0.07378728582222319
vn 0.6990986918530804 -0.1333373310533934 0.7024828646998227
vn -0.983048449641784 0.12169561666538672 0.13713468759331646
vn 0.7083989982759633 -0.18874566270116863 0.6801072959857941
vn 0.7021995538402229 -0.252962222829918 0.6655267841398563
vn 0.8506151960384412 -0.17031073423246584 0.4974414961316383
vn 0.8445114792308613 -0.21809742577494437 0.48911539979604496
vn 0.906487705294913 -0.11726804848188332 0.4056208142519485
vn 0.8880778085738571 -0.18051956859630328 0.4227652909978067
vn 0.9332941381399884 -0.04900338668938777 0.35575373477520444
vn 0.9190611953166851 -0.11390098325471382 0.3772970782774173
vn 0.9421020000470269 -0.0029533809978564245 0.3353134340405603
vn 0.936447150706112 -0.06286977624408074 0.3451291427414145
vn 0.9479316249494569 -0.03426566639213895 0.3166251703945606
vn 0.9474493215564888 0.010679241213934454 0.3197275979474461
vn 0.9544816211134421 -0.039452256835601836 0.29564903921243046
vn 0.9530360710590757 0.022713372512188464 0.30200389065275834
vn 0.9555078811431614 0.05036997085125486 0.29063302480920805
vn 0.9744631207957671 -0.04890619369998822 0.21915704512233558
vn 0.9788605055994892 0.07568332615729151 0.19001090684295233
vn 0.9894780115230234 -0.14357159449379248 -0.01790145153203433
vn 0.995853584782211 0.021390166327165873 0.08842001165412688
vn -0.4126291164885275 -0.29518266724418646 -0.8617449768838257
vn -0.45599994273758615 -0.4100154955230203 -0.7899059093679007
vn 0.9923413577075136 -0.1114800674802171 0.05320549161331443
vn 0.9887712232842197 -0.12697547205449264 0.07879528857467505
vn 0.9610633579641802 -0.004124468076390202 0.27629732308095356
vn 0.9659751456589722 -0.2212452247303117 0.13394987309871303
vn 0.9420605908345667 -0.070802602241011 0.3278853987482951
vn 0.9042354343387454 -0.37976870910204147 0.19527930477444216
vn 0.8454584674172867 -0.4417519359767126 0.30009199744951415
vn 0.921280766791758 -0.13687507295574006 0.36401505895079594
vn 0.8026330558558337 -0.4472149063237503 0.394688491356621
vn 0.8942190691385163 -0.18228387193850445 0.40883351919840477
vn 0.787048742111636 -0.42153956684654315 0.45039834715873484
vn 0.8769687639381211 -0.20848066223236209 0.4329683597585394
vn 0.7686673138352831 -0.3902221783863625 0.5068305556462166
vn 0.8658488445896566 -0.17890828957535534 0.4672232894922697
vn 0.6894826751800635 -0.4023205259829077 0.6022888302130297
vn 0.7257027556796162 -0.26726117475138933 0.6339771091053041
vn -0.794541926639562 -0.5910545972657791 0.13913155595651236
vn -0.9024800280388691 -0.37971348960921875 0.20334076030090922
vn -0.7344672166906399 -0.6783676224169058 -0.019372053663439883
vn -0.28784030822019885 -0.6517470512099669 -0.7016934788088126
vn -0.39175426076271375 -0.7495953867618762 -0.5335122822574687
vn -0.6835120752531325 -0.7175435251858552 -0.13394973851042882
vn -0.6016903918935232 -0.765190576328558 -0.22902413453823495
vn -0.504067696446571 -0.7925500515413503 -0.34319116130933613
vn -0.9784654410124892 -0.06391271224158108 0.1962665176696222
vn -0.8927045556623353 0.13583715400183197 -0.42968225922464487
vn -0.9218812882255347 0.18918576223668093 -0.3381473610521813
vn -0.9166993856408534 0.19273437058288695 -0.3500224260839586
vn -0.9068428286013747 0.14935734881298757 -0.3941173258939694
vn -0.9148925854336407 0.22016120762361233 -0.3383793725631947
vn -0.8946425754288256 0.36375831905188216 -0.25941192638471194
vn -0.8819967872423513 0.35016011270955305 -0.31538795595489016
vn -0.9213719559849003 0.1717562004085303 -0.34867395421193076
vn -0.9323351221093378 0.13790149746958705 -0.3342669548085954
vn -0.9354067951912025 0.10078963644344993 -0.3389034917136747
vn -0.9440713415304496 0.07797117440851667 -0.3203900717285944
vn -0.9554105796906006 0.05084651974597274 -0.2908698259445157
vn -0.9732631738218499 0.007836234512047494 -0.22955911637504572
vn -0.977369539777971 0.01237511439556813 -0.21117679621088503
vn -0.9613275520858819 0.1613355028734495 -0.2232043752105612
vn -0.9631168940446788 0.14071806537792803 -0.2293562174479343
vn -0.6686422709421819 0.585242976575145 -0.45870270533183727
vn -0.6443625661984834 0.37146025742913824 -0.6684415908909195
vn -0.5035330938513897 0.06065067647149902 -0.8618444864591274
vn 0.9737881273000347 -0.03915064721982456 -0.22406229033855848
vn 0.9668787561207953 -0.04382809925613869 -0.2514449615281597
vn -0.4294554555946042 -0.06717386786664035 -0.9005862996603191
vn -0.3407011272385647 -0.2386315275518537 -0.9093831623450261
vn 0.9990267544717746 -0.04345730973813731 -0.007550237076816338
vn -0.3500645024345098 -0.32232742246383644 -0.8795225277746435
vn 0.9765776400134785 -0.027834093374354777 0.21335739094705108
vn 0.9599711457187656 -0.0028696373193315416 0.28008420978173004
vn 0.9513770111309212 -0.000877197577779807 0.30802761761894726
vn 0.9512068946109621 -0.02036112300891563 0.30788125684163636
vn 0.9528142623616591 -0.058682936027931405 0.2978276254133403
vn 0.946153509817029 -0.10987187040835851 0.30450239400353807
vn 0.9113478150922503 -0.145236990674248 0.38516409031277826
vn 0.8459540808949044 -0.1352419045381001 0.5158210157352691
vn -0.33751273615956817 -0.5330590207814287 -0.7758435623845997
vn -0.3686989858966582 -0.48149886924807106 -0.7951225670999439
vn -0.9594129125610387 -0.05017259985789839 -0.2775059881059216
vn -0.9301817756508834 0.03501445703444079 -0.36542557661657066
vn -0.9539393274446989 -0.045823217722556 -0.2964793285743657
vn -0.9591560624567677 -0.06932262088947959 -0.27425174946651293
vn -0.927496437891571 -0.012013746485526791 -0.37363890000082767
vn -0.9563099832463485 0.00109080836464305 -0.29235257153047284
vn -0.9663854331513643 0.13992189001423153 -0.2156874110552008
vn -0.9488833580660717 -0.05022622290380866 -0.3116050373759579
vn -0.9303634180487896 -0.035303961537877925 -0.36493498140943575
vn -0.9390762018633421 -0.006118200905077512 -0.34365455723968635
vn -0.936441137414132 0.013805163298248378 -0.35055301114786513
vn -0.9330943612901611 0.04705228178127224 -0.3565403142811229
vn -0.9332701305194979 0.069122178427069 -0.35246132827533827
vn -0.9270423672268463 0.08709251155811477 -0.36470171893883996
vn -0.9032024799778117 0.07821517717343343 -0.42202803961544927
vn -0.8918597114409825 0.09656160338069161 -0.44188472689261094
vn -0.8946425754288256 0.36375831905188216 -0.25941192638471194
vn -0.9148925854336407 0.22016120762361233 -0.3383793725631947
vn -0.8819967872423513 0.35016011270955305 -0.31538795595489016
vn -0.9068428286013747 0.14935734881298757 -0.3941173258939694
vn -0.9213719559849003 0.1717562004085303 -0.34867395421193076
vn -0.9166993856408534 0.19273437058288695 -0.3500224260839586
vn -0.9218812882255347 0.18918576223668093 -0.3381473610521813
vn -0.8927045556623353 0.13583715400183197 -0.42968225922464487
vn -0.8918597114409825 0.09656160338069161 -0.44188472689261094
vn -0.9032024799778117 0.07821517717343343 -0.42202803961544927
vn -0.9270423672268463 0.08709251155811477 -0.36470171893883996
vn -0.9323351221093378 0.13790149746958705 -0.3342669548085954
vn -0.9332701305194979 0.069122178427069 -0.35246132827533827
vn -0.9354067951912025 0.10078963644344993 -0.3389034917136747
vn -0.9330943612901611 0.04705228178127224 -0.3565403142811229
vn -0.936441137414132 0.013805163298248378 -0.35055301114786513
vn -0.9440713415304496 0.07797117440851667 -0.3203900717285944
vn -0.9390762018633421 -0.006118200905077512 -0.34365455723968635
vn -0.9554105796906006 0.05084651974597274 -0.2908698259445157
vn -0.9303634180487896 -0.035303961537877925 -0.36493498140943575
vn -0.9488833580660717 -0.05022622290380866 -0.3116050373759579
vn -0.9732631738218499 0.007836234512047494 -0.22955911637504572
vn -0.9594129125610387 -0.05017259985789839 -0.2775059881059216
vn -0.9301817756508834 0.03501445703444079 -0.36542557661657066
vn -0.9539393274446989 -0.045823217722556 -0.2964793285743657
vn -0.977369539777971 0.01237511439556813 -0.21117679621088503
vn -0.9591560624567677 -0.06932262088947959 -0.27425174946651293
vn -0.9613275520858819 0.1613355028734495 -0.2232043752105612
vn -0.9631168940446788 0.14071806537792803 -0.2293562174479343
vn -0.927496437891571 -0.012013746485526791 -0.37363890000082767
vn -0.9663854331513643 0.13992189001423153 -0.2156874110552008
vn -0.9563099832463485 0.00109080836464305 -0.29235257153047284
vn -0.6913648237978309 0.17815874491863526 0.7001957883506663
vn -0.697082043850702 -0.06308497498965852 0.7142106902528709
vn -0.8536507271422171 -0.08755945192880604 0.513433324227685
vn -0.7995184513000817 0.21661209661971484 0.5602226750397831
vn -0.9214435357631853 -0.005072894253911454 0.38847918366899425
vn -0.872324665649871 0.22324337545125453 0.43498514114389125
vn -0.9462747421205406 0.017252484058189098 0.32290318087396747
vn -0.9022481445145634 0.20897559830054663 0.3771968783473114
vn -0.9548204822114038 0.0032173012252733582 0.2971657714515721
vn -0.9307483425153399 0.15394421410315737 0.3316755973072317
vn -0.9603801388977244 0.020565431606396855 0.27793353851888847
vn -0.9405493123372908 0.15965683729660043 0.2997944051617649
vn -0.944465700092506 0.15157173626622902 0.2915656874771336
vn -0.9576479459728781 0.05179109244333459 0.2832456430687924
vn -0.9484255796746903 0.15456928128335495 0.27676209477143865
vn -0.9570157940329054 0.09204471679731813 0.27504279681763943
vn -0.9469735119898179 0.1885922898114158 0.26014249136455425
vn -0.9593189835573919 0.11687061809380266 0.2569987284263972
vn -0.9435106734694866 0.23161849943594734 0.23693982309480185
vn -0.9817513047776245 0.00545221696873314 0.19009115944082586
vn -0.9493873068784162 0.28010067194513366 0.14215257688143584
vn -0.9912728707071611 0.10264773708084983 0.08271358940442926
vn -0.9598491972904408 0.28009175054788055 0.015431452813018711
vn -0.9589031851863693 0.26990288262750345 -0.08750494493912726
vn -0.9582849326932836 -0.08310501663430317 0.27346580039054447
vn -0.9560214932329242 -0.11901898753854673 0.2680622783645419
vn -0.9504367123895155 -0.1433891565717692 0.27587969392444606
vn -0.9139400114529014 -0.1958485562865092 0.3554672959161791
vn -0.8372578592054746 -0.23276735762005205 0.4947915060156598
vn -0.737816020780335 -0.22514801760752606 0.6363457312242092
vn 0.924958497034014 0.24916722560947144 0.2869973387449031
vn 0.7050890804026568 0.6672777421367153 0.23997875644703037
vn 0.9467076882066662 0.13678790089706333 0.29160525245366364
vn 0.5025288852129473 0.8549165970355735 0.12877240247718938
vn 0.5741514867827813 0.8145911279604405 0.08240973530632793
vn 0.6166740520530914 0.7854040688723151 0.053418743182827876
vn 0.5856995565274755 0.8087089037841937 0.05427649973686947
vn 0.5965600634615844 0.8025513920817885 0.0052300812894292064
vn 0.6642108792927167 0.746256847159419 -0.04387055842908548
vn 0.701111098142678 0.7110939219026221 -0.05280778630387225
vn 0.6587776591790195 0.7509212550981539 -0.04614395310790659
vn 0.6681331759902137 0.7347742659741433 -0.11706766079233492
vn 0.7381645135887421 0.6240465383031872 -0.25627927912748694
vn 0.6686438347889505 0.5852414392184471 -0.45870238719702267
vn 0.6443627092954719 0.37145996861825786 -0.6684416134439283
vn -0.9697300732301614 0.13396096147442957 -0.20415201658046944
vn 0.5035319082137231 0.06065104605274732 -0.8618451531588226
vn -0.9737881096648405 -0.039152814629691966 -0.2240619882576015
vn -0.9668789038424457 -0.043826596554824716 -0.25144465541914224
vn 0.42945645996648096 -0.06717408999084247 -0.9005858041447025
vn 0.3406998282868322 -0.23863151532827453 -0.9093836522048626
vn -0.9990267646400456 -0.04345707176187695 -0.007550261368050666
vn 0.3500635556205032 -0.32232921691986677 -0.8795222469876225
vn -0.9958536177640387 0.02138886504668924 0.08841995497788073
vn 0.4126304032143336 -0.2951824027617869 -0.8617444513560587
vn -0.9894780326864284 -0.14357146345411875 -0.017901332705631438
vn -0.9788605004795181 0.07568290852891196 0.19001109956418838
vn 0.4560015724187072 -0.4100164705056822 -0.789904462492604
vn -0.974463107546726 -0.04890614387241129 0.21915711515236957
vn -0.9555077982021463 0.05036997020427687 0.2906332976045701
vn -0.9544815621244529 -0.03945234254272236 0.29564921821705487
vn -0.9530360370602263 0.022713753544148323 0.30200396928595935
vn -0.9474493018233742 0.010679406766925236 0.3197276508929243
vn -0.9479315759948528 -0.034265610897760944 0.3166253229634639
vn -0.9421020634067843 -0.0029533197751697195 0.33531325656315
vn -0.9364471739361151 -0.06286954683567036 0.34512912150054903
vn -0.9190612240733865 -0.11390079316715933 0.37729706561358334
vn -0.9332941792402107 -0.04900313925293862 0.35575366103484957
vn -0.8880778966310282 -0.18051910032802532 0.4227653059703092
vn -0.9064876265443982 -0.11726806835681344 0.4056209844987871
vn -0.8445117189437527 -0.21809683006277844 0.489115251534069
vn -0.8506152229679488 -0.17031074259138942 0.4974414472208323
vn -0.7021997291842964 -0.2529617447427895 0.6655267808512177
vn -0.7083991499432595 -0.18874540214849575 0.6801072103186894
vn 0.9830483290292165 0.12169627214276797 0.13713497051962548
vn 0.9784653998965079 -0.06391167392524977 0.1962670607652727
vn -0.9610633330048318 -0.004124775305708472 0.2762974053123212
vn -0.988771273900313 -0.126975143074675 0.07879518355025304
vn -0.9923413817132783 -0.1114797945055581 0.053205615834988035
vn -0.9659750368597629 -0.2212455996436439 0.13395003845502979
vn -0.9420605428467849 -0.0708027119019474 0.32788551294400126
vn -0.9042352095686841 -0.3797692810783655 0.19527923321618035
vn -0.845458335780712 -0.4417523182547491 0.3000918055786655
vn -0.9212807505608227 -0.1368750407419824 0.3640151121422949
vn -0.8026330262761483 -0.44721491964472204 0.3946885364156866
vn -0.8942190232601531 -0.18228394924237 0.408833585078651
vn -0.7870488135554241 -0.42153939437359855 0.450398383736153
vn -0.8769687851006329 -0.20848086097839097 0.4329682211950766
vn -0.7686674760739163 -0.3902230342390396 0.5068296506474662
vn -0.8658490138041948 -0.17890842428749335 0.46722292432335716
vn -0.689482915406924 -0.4023211826891429 0.6022881165369096
vn -0.7257032738861496 -0.2672605123846573 0.6339767951516955
vn 0.7945422127062243 -0.591054230743531 0.13913147935700954
vn 0.902480312922398 -0.3797129178366783 0.2033405636252803
vn 0.7344676768220585 -0.6783671301500255 -0.019371846469206012
vn 0.28784086880726223 -0.6517473960287554 -0.7016929285763231
vn 0.39175406429369086 -0.7495955913985934 -0.5335121390045099
vn 0.6835124817262809 -0.7175430966583115 -0.13394995991929878
vn 0.6016904953877487 -0.7651904967385327 -0.2290241285565417
vn 0.5040668776125161 -0.7925503741412661 -0.34319161898640205
vn 0.33751247704556253 -0.5330591543738918 -0.7758435833186738
vn 0.3686995788195126 -0.4814993122036818 -0.7951220239219231
vn 0.959412962577938 -0.05017264778527872 -0.2775058065187798
vn 0.9301818882891413 0.035013357826490295 -0.36542539522118844
vn 0.9539393194195017 -0.04582282245631213 -0.29647941548713824
vn 0.9591561180784535 -0.06932209161041131 -0.27425168872302264
vn 0.9274964963978884 -0.012013877787783811 -0.3736387505467575
vn 0.9563100265733327 0.001089209798876425 -0.2923524357643112
vn 0.966385633604518 0.13992088613949005 -0.21568716416313322
vn 0.9631168558425608 0.14071817281311083 -0.22935631195168638
vn 0.9613277065028107 0.1613349425380874 -0.22320411516429958
vn 0.9773695430682117 0.01237560524422292 -0.2111767522183123
vn 0.9732631952584152 0.007836479622479034 -0.22955901712306256
vn 0.9554106012793048 0.05084658795013931 -0.2908697431101181
vn 0.9440713875985106 0.07797124779632976 -0.3203899181230681
vn 0.9354068046389142 0.10078963746143636 -0.33890346533431676
vn 0.9323351035336198 0.1379014947220564 -0.3342670077533487
vn 0.9213719351895576 0.17175628214891522 -0.3486739688984998
vn 0.8819965474046856 0.35016052937866293 -0.31538816406369596
vn 0.8946424518639292 0.36375864510644645 -0.25941189531943104
vn 0.9148924789637959 0.22016164282291928 -0.33837937727496603
vn 0.989454821673496 0.12463831350041431 0.07378649385112931
vn -0.6990984653716221 -0.13333719921967993 0.7024831151133059
vn -0.8459538932809593 -0.13524182325322254 0.5158213447366555
vn -0.9113476991313954 -0.14523701559199395 0.3851643552950386
vn -0.9461535649249244 -0.10987148245599018 0.30450236275401904
vn -0.9528143345524952 -0.05868280269265324 0.2978274207312363
vn -0.9512069018212587 -0.020361652154466982 0.30788119957078075
vn -0.9513769845798973 -0.0008776171723046273 0.30802769842947686
vn -0.959971092903957 -0.0028696592257080205 0.2800843905766808
vn -0.9765776138821778 -0.027834383038391468 0.21335747276592962
vn -0.958302713325778 -0.06318827567125979 0.2786810927388951
vn -0.9624704103842561 -0.0351363419803752 0.2691024834649428
vn -0.969661032853853 -0.04703522439876166 0.23988574161578938
vn 0.8927042352008784 0.1358373145003193 -0.42968287427328994
vn 0.8918594527312386 0.09656172039305472 -0.4418852234785286
vn 0.9218810351095276 0.18918620625532986 -0.33814780269595385
vn 0.9166991930146163 0.1927347551090491 -0.3500227188332294
vn 0.9068430124013901 0.1493571708202613 -0.39411697043306765
vn 0.9032022359462467 0.07821528615711051 -0.4220285416806096
vn 0.9270423386531951 0.08709261318184175 -0.3647017673025084
vn 0.9332701202356389 0.06912218511598052 -0.35246135419382946
vn 0.9330943661968341 0.047052170269989445 -0.35654031615598875
vn 0.9364412102680885 0.013805202661740111 -0.3505528149810042
vn 0.9390762022780322 -0.00611812873028301 -0.3436545573914421
vn 0.9303632784953099 -0.03530395850410562 -0.36493533747966755
vn 0.9488834007369417 -0.050226005940637176 -0.31160494240808795
vn 0.8946424518639292 0.36375864510644645 -0.25941189531943104
vn 0.8819965474046856 0.35016052937866293 -0.31538816406369596
vn 0.9148924789637959 0.22016164282291928 -0.33837937727496603
vn 0.9068430124013901 0.1493571708202613 -0.39411697043306765
vn 0.9213719351895576 0.17175628214891522 -0.3486739688984998
vn 0.9166991930146163 0.1927347551090491 -0.3500227188332294
vn 0.9218810351095276 0.18918620625532986 -0.33814780269595385
vn 0.8927042352008784 0.1358373145003193 -0.42968287427328994
vn 0.8918594527312386 0.09656172039305472 -0.4418852234785286
vn 0.9032022359462467 0.07821528615711051 -0.4220285416806096
vn 0.9270423386531951 0.08709261318184175 -0.3647017673025084
vn 0.9323351035336198 0.1379014947220564 -0.3342670077533487
vn 0.9332701202356389 0.06912218511598052 -0.35246135419382946
vn 0.9354068046389142 0.10078963746143636 -0.33890346533431676
vn 0.9330943661968341 0.047052170269989445 -0.35654031615598875
vn 0.9364412102680885 0.013805202661740111 -0.3505528149810042
vn 0.9440713875985106 0.07797124779632976 -0.3203899181230681
vn 0.9390762022780322 -0.00611812873028301 -0.3436545573914421
vn 0.9554106012793048 0.05084658795013931 -0.2908697431101181
vn 0.9303632784953099 -0.03530395850410562 -0.36493533747966755
vn 0.9488834007369417 -0.050226005940637176 -0.31160494240808795
vn 0.9732631952584152 0.007836479622479034 -0.22955901712306256
vn 0.959412962577938 -0.05017264778527872 -0.2775058065187798
vn 0.9301818882891413 0.035013357826490295 -0.36542539522118844
vn 0.9539393194195017 -0.04582282245631213 -0.29647941548713824
vn 0.9773695430682117 0.01237560524422292 -0.2111767522183123
vn 0.9591561180784535 -0.06932209161041131 -0.27425168872302264
vn 0.9613277065028107 0.1613349425380874 -0.22320411516429958
vn 0.9631168558425608 0.14071817281311083 -0.22935631195168638
vn 0.9274964963978884 -0.012013877787783811 -0.3736387505467575
vn 0.966385633604518 0.13992088613949005 -0.21568716416313322
vn 0.9563100265733327 0.001089209798876425 -0.2923524357643112
f 3//3 2//2 1//1
f 4//4 1//1 2//2
f 1//1 4//4 5//5
f 6//6 5//5 4//4
f 2//2 3//3 7//7
f 8//8 7//7 3//3
f 7//7 8//8 9//9
f 9//9 10//10 7//7
f 9//9 11//11 10//10
f 11//11 12//12 10//10
f 11//11 13//13 12//12
f 13//13 14//14 12//12
f 15//15 12//12 14//14
f 12//12 15//15 10//10
f 14//14 16//16 15//15
f 15//15 16//16 17//17
f 18//18 17//17 16//16
f 17//17 18//18 19//19
f 20//20 19//19 18//18
f 19//19 20//20 21//21
f 21//21 22//22 19//19
f 23//23 22//22 21//21
f 24//24 23//23 21//21
f 23//23 24//24 25//25
f 26//26 25//25 24//24
f 27//27 25//25 26//26
f 28//28 25//25 27//27
f 21//21 20//20 29//29
f 18//18 29//29 20//20
f 29//29 30//30 21//21
f 31//31 30//30 29//29
f 32//32 24//24 21//21
f 21//21 30//30 32//32
f 33//33 26//26 24//24
f 24//24 32//32 33//33
f 27//27 26//26 33//33
f 28//28 27//27 34//34
f 34//34 35//35 28//28
f 35//35 34//34 36//36
f 36//36 37//37 35//35
f 37//37 36//36 38//38
f 38//38 39//39 37//37
f 40//40 39//39 38//38
f 41//41 40//40 38//38
f 42//42 40//40 41//41
f 43//43 42//42 41//41
f 44//44 42//42 43//43
f 43//43 45//45 44//44
f 46//46 44//44 45//45
f 44//44 46//46 47//47
f 47//47 48//48 44//44
f 42//42 44//44 48//48
f 48//48 40//40 42//42
f 40//40 48//48 39//39
f 48//48 47//47 49//49
f 48//48 49//49 39//39
f 39//39 49//49 37//37
f 50//50 49//49 47//47
f 50//50 51//51 49//49
f 49//49 51//51 37//37
f 52//52 51//51 50//50
f 53//53 52//52 50//50
f 53//53 50//50 54//54
f 54//54 55//55 53//53
f 56//56 55//55 54//54
f 57//57 56//56 54//54
f 56//56 57//57 58//58
f 58//58 59//59 56//56
f 59//59 58//58 60//60
f 61//61 60//60 58//58
f 60//60 61//61 62//62
f 62//62 61//61 63//63
f 63//63 64//64 62//62
f 63//63 61//61 65//65
f 58//58 65//65 61//61
f 65//65 58//58 57//57
f 65//65 66//66 63//63
f 67//67 64//64 63//63
f 63//63 68//68 67//67
f 68//68 63//63 66//66
f 69//69 68//68 66//66
f 62//62 70//70 60//60
f 71//71 60//60 70//70
f 60//60 71//71 59//59
f 70//70 72//72 71//71
f 67//67 73//73 64//64
f 74//74 64//64 73//73
f 64//64 74//74 62//62
f 74//74 75//75 62//62
f 70//70 62//62 75//75
f 75//75 76//76 70//70
f 72//72 70//70 76//76
f 76//76 77//77 72//72
f 65//65 78//78 66//66
f 57//57 78//78 65//65
f 79//79 78//78 57//57
f 57//57 54//54 79//79
f 79//79 54//54 50//50
f 50//50 47//47 79//79
f 46//46 79//79 47//47
f 80//80 79//79 46//46
f 80//80 81//81 79//79
f 78//78 79//79 81//81
f 81//81 66//66 78//78
f 80//80 46//46 82//82
f 45//45 82//82 46//46
f 82//82 83//83 80//80
f 81//81 80//80 83//83
f 83//83 69//69 81//81
f 69//69 66//66 81//81
f 77//77 76//76 7//7
f 7//7 10//10 77//77
f 10//10 15//15 77//77
f 72//72 77//77 15//15
f 15//15 17//17 72//72
f 71//71 72//72 17//17
f 17//17 19//19 71//71
f 71//71 19//19 22//22
f 22//22 59//59 71//71
f 59//59 22//22 56//56
f 23//23 56//56 22//22
f 56//56 23//23 55//55
f 25//25 55//55 23//23
f 55//55 25//25 28//28
f 28//28 53//53 55//55
f 53//53 28//28 35//35
f 35//35 52//52 53//53
f 51//51 52//52 35//35
f 35//35 37//37 51//51
f 86//86 85//85 84//84
f 84//84 87//87 86//86
f 86//86 87//87 88//88
f 89//89 88//88 87//87
f 88//88 89//89 90//90
f 91//91 90//90 89//89
f 90//90 91//91 92//92
f 93//93 92//92 91//91
f 92//92 93//93 94//94
f 95//95 94//94 93//93
f 94//94 95//95 96//96
f 97//97 96//96 95//95
f 96//96 97//97 98//98
f 99//99 98//98 97//97
f 98//98 99//99 100//100
f 101//101 100//100 99//99
f 100//100 101//101 102//102
f 103//103 102//102 101//101
f 100//100 102//102 104//104
f 104//104 105//105 100//100
f 104//104 106//106 105//105
f 104//104 107//107 106//106
f 107//107 104//104 108//108
f 108//108 109//109 107//107
f 109//109 108//108 110//110
f 110//110 111//111 109//109
f 111//111 110//110 112//112
f 112//112 113//113 111//111
f 113//113 112//112 114//114
f 114//114 115//115 113//113
f 116//116 102//102 103//103
f 104//104 102//102 116//116
f 108//108 104//104 116//116
f 117//117 116//116 103//103
f 118//118 117//117 103//103
f 118//118 103//103 119//119
f 118//118 119//119 120//120
f 121//121 120//120 119//119
f 120//120 121//121 122//122
f 122//122 123//123 120//120
f 123//123 122//122 124//124
f 124//124 125//125 123//123
f 125//125 124//124 126//126
f 126//126 127//127 125//125
f 127//127 126//126 128//128
f 128//128 129//129 127//127
f 130//130 122//122 121//121
f 121//121 131//131 130//130
f 131//131 132//132 130//130
f 130//130 132//132 133//133
f 130//130 133//133 134//134
f 134//134 135//135 130//130
f 135//135 124//124 122//122
f 122//122 130//130 135//135
f 135//135 134//134 136//136
f 136//136 137//137 135//135
f 124//124 135//135 137//137
f 137//137 126//126 124//124
f 137//137 136//136 138//138
f 138//138 139//139 137//137
f 126//126 137//137 139//139
f 139//139 128//128 126//126
f 132//132 140//140 133//133
f 133//133 140//140 141//141
f 134//134 133//133 141//141
f 141//141 140//140 142//142
f 142//142 143//143 141//141
f 144//144 141//141 143//143
f 141//141 144//144 134//134
f 143//143 145//145 144//144
f 146//146 144//144 145//145
f 134//134 144//144 146//146
f 146//146 136//136 134//134
f 145//145 147//147 146//146
f 146//146 147//147 148//148
f 148//148 149//149 146//146
f 136//136 146//146 149//149
f 149//149 138//138 136//136
f 142//142 150//150 143//143
f 143//143 150//150 151//151
f 145//145 143//143 151//151
f 152//152 151//151 150//150
f 150//150 153//153 152//152
f 152//152 153//153 154//154
f 153//153 155//155 154//154
f 152//152 154//154 156//156
f 157//157 152//152 156//156
f 152//152 157//157 158//158
f 158//158 151//151 152//152
f 151//151 158//158 145//145
f 145//145 158//158 147//147
f 159//159 157//157 156//156
f 156//156 160//160 159//159
f 157//157 159//159 161//161
f 161//161 158//158 157//157
f 147//147 158//158 161//161
f 161//161 159//159 162//162
f 162//162 159//159 160//160
f 163//163 161//161 162//162
f 160//160 164//164 162//162
f 147//147 161//161 163//163
f 163//163 148//148 147//147
f 155//155 153//153 165//165
f 166//166 165//165 153//153
f 153//153 150//150 166//166
f 150//150 167//167 166//166
f 142//142 167//167 150//150
f 168//168 167//167 142//142
f 142//142 140//140 168//168
f 140//140 169//169 168//168
f 132//132 169//169 140//140
f 170//170 169//169 132//132
f 132//132 131//131 170//170
f 131//131 171//171 170//170
f 121//121 171//171 131//131
f 119//119 171//171 121//121
f 87//87 165//165 166//166
f 172//172 165//165 87//87
f 87//87 84//84 172//172
f 167//167 168//168 93//93
f 93//93 91//91 167//167
f 167//167 91//91 89//89
f 166//166 89//89 87//87
f 89//89 166//166 167//167
f 169//169 170//170 97//97
f 97//97 95//95 169//169
f 95//95 93//93 168//168
f 168//168 169//169 95//95
f 171//171 119//119 101//101
f 101//101 99//99 171//171
f 97//97 170//170 99//99
f 171//171 99//99 170//170
f 172//172 84//84 6//6
f 5//5 6//6 84//84
f 84//84 85//85 5//5
f 73//73 6//6 4//4
f 4//4 74//74 73//73
f 75//75 74//74 4//4
f 4//4 2//2 75//75
f 76//76 75//75 2//2
f 2//2 7//7 76//76
f 172//172 6//6 73//73
f 172//172 73//73 67//67
f 67//67 155//155 172//172
f 165//165 172//172 155//155
f 155//155 67//67 68//68
f 68//68 154//154 155//155
f 154//154 68//68 69//69
f 156//156 154//154 69//69
f 156//156 69//69 160//160
f 160//160 69//69 83//83
f 160//160 83//83 164//164
f 164//164 83//83 82//82
f 164//164 82//82 173//173
f 164//164 173//173 174//174
f 174//174 162//162 164//164
f 162//162 174//174 175//175
f 175//175 163//163 162//162
f 163//163 175//175 176//176
f 176//176 148//148 163//163
f 148//148 176//176 177//177
f 177//177 149//149 148//148
f 149//149 177//177 178//178
f 178//178 138//138 149//149
f 139//139 138//138 178//178
f 178//178 179//179 139//139
f 128//128 139//139 179//179
f 179//179 180//180 128//128
f 129//129 128//128 180//180
f 180//180 181//181 129//129
f 182//182 129//129 181//181
f 129//129 182//182 183//183
f 183//183 127//127 129//129
f 127//127 183//183 184//184
f 184//184 125//125 127//127
f 125//125 184//184 185//185
f 185//185 123//123 125//125
f 185//185 186//186 123//123
f 186//186 120//120 123//123
f 186//186 118//118 120//120
f 187//187 186//186 185//185
f 185//185 188//188 187//187
f 188//188 185//185 184//184
f 184//184 189//189 188//188
f 189//189 184//184 183//183
f 181//181 190//190 182//182
f 191//191 186//186 187//187
f 187//187 192//192 191//191
f 186//186 191//191 193//193
f 193//193 118//118 186//186
f 193//193 117//117 118//118
f 191//191 192//192 194//194
f 194//194 195//195 191//191
f 195//195 117//117 193//193
f 193//193 191//191 195//195
f 195//195 194//194 196//196
f 196//196 197//197 195//195
f 117//117 195//195 197//197
f 197//197 116//116 117//117
f 197//197 198//198 116//116
f 116//116 198//198 199//199
f 199//199 108//108 116//116
f 199//199 110//110 108//108
f 200//200 110//110 199//199
f 200//200 199//199 201//201
f 200//200 201//201 202//202
f 201//201 203//203 202//202
f 204//204 202//202 203//203
f 202//202 204//204 205//205
f 205//205 206//206 202//202
f 206//206 205//205 207//207
f 208//208 206//206 207//207
f 209//209 203//203 201//201
f 201//201 210//210 209//209
f 199//199 210//210 201//201
f 210//210 199//199 198//198
f 211//211 209//209 210//210
f 211//211 210//210 198//198
f 209//209 211//211 212//212
f 212//212 211//211 213//213
f 213//213 214//214 212//212
f 214//214 213//213 215//215
f 215//215 216//216 214//214
f 216//216 215//215 217//217
f 217//217 218//218 216//216
f 218//218 217//217 219//219
f 219//219 220//220 218//218
f 220//220 219//219 221//221
f 222//222 221//221 219//219
f 114//114 208//208 207//207
f 208//208 114//114 112//112
f 112//112 223//223 208//208
f 206//206 208//208 223//223
f 223//223 202//202 206//206
f 202//202 223//223 200//200
f 200//200 223//223 112//112
f 112//112 110//110 200//200
f 224//224 217//217 215//215
f 217//217 224//224 225//225
f 225//225 219//219 217//217
f 225//225 224//224 226//226
f 225//225 226//226 227//227
f 227//227 228//228 225//225
f 229//229 228//228 227//227
f 228//228 229//229 230//230
f 230//230 231//231 228//228
f 231//231 230//230 232//232
f 233//233 232//232 230//230
f 232//232 233//233 234//234
f 234//234 235//235 232//232
f 227//227 236//236 229//229
f 236//236 227//227 237//237
f 238//238 237//237 227//227
f 237//237 238//238 239//239
f 240//240 239//239 238//238
f 239//239 240//240 241//241
f 241//241 242//242 239//239
f 242//242 241//241 243//243
f 243//243 244//244 242//242
f 244//244 243//243 245//245
f 245//245 246//246 244//244
f 245//245 247//247 246//246
f 248//248 246//246 247//247
f 248//248 247//247 249//249
f 247//247 250//250 249//249
f 245//245 243//243 250//250
f 243//243 241//241 250//250
f 245//245 250//250 247//247
f 249//249 250//250 251//251
f 251//251 240//240 238//238
f 251//251 250//250 241//241
f 241//241 240//240 251//251
f 249//249 251//251 252//252
f 252//252 251//251 253//253
f 253//253 251//251 238//238
f 252//252 253//253 254//254
f 255//255 254//254 253//253
f 254//254 255//255 256//256
f 257//257 256//256 255//255
f 255//255 258//258 257//257
f 259//259 257//257 258//258
f 258//258 260//260 259//259
f 227//227 255//255 253//253
f 238//238 227//227 253//253
f 227//227 226//226 255//255
f 258//258 255//255 226//226
f 261//261 258//258 226//226
f 258//258 261//261 260//260
f 260//260 261//261 262//262
f 262//262 263//263 260//260
f 259//259 260//260 263//263
f 263//263 262//262 264//264
f 226//226 265//265 261//261
f 224//224 265//265 226//226
f 265//265 224//224 266//266
f 266//266 267//267 265//265
f 267//267 266//266 197//197
f 197//197 266//266 198//198
f 197//197 196//196 267//267
f 267//267 196//196 268//268
f 268//268 261//261 265//265
f 265//265 267//267 268//268
f 211//211 198//198 266//266
f 213//213 211//211 266//266
f 266//266 215//215 213//213
f 215//215 266//266 224//224
f 268//268 196//196 269//269
f 269//269 270//270 268//268
f 270//270 269//269 271//271
f 271//271 269//269 272//272
f 272//272 273//273 271//271
f 273//273 272//272 274//274
f 274//274 275//275 273//273
f 275//275 274//274 276//276
f 276//276 277//277 275//275
f 277//277 276//276 278//278
f 278//278 279//279 277//277
f 279//279 278//278 280//280
f 280//280 281//281 279//279
f 281//281 280//280 282//282
f 283//283 282//282 280//280
f 280//280 189//189 283//283
f 189//189 280//280 278//278
f 282//282 283//283 284//284
f 284//284 285//285 282//282
f 282//282 286//286 281//281
f 286//286 282//282 285//285
f 285//285 287//287 286//286
f 285//285 284//284 288//288
f 288//288 289//289 285//285
f 287//287 285//285 289//289
f 289//289 290//290 287//287
f 289//289 288//288 291//291
f 291//291 292//292 289//289
f 290//290 289//289 292//292
f 292//292 293//293 290//290
f 292//292 291//291 294//294
f 294//294 295//295 292//292
f 293//293 292//292 295//295
f 295//295 294//294 296//296
f 296//296 297//297 295//295
f 298//298 295//295 297//297
f 295//295 298//298 293//293
f 297//297 299//299 298//298
f 300//300 297//297 296//296
f 299//299 297//297 300//300
f 296//296 301//301 300//300
f 300//300 302//302 299//299
f 302//302 300//300 303//303
f 303//303 300//300 301//301
f 303//303 304//304 302//302
f 304//304 303//303 305//305
f 305//305 306//306 304//304
f 305//305 307//307 306//306
f 307//307 305//305 308//308
f 309//309 293//293 298//298
f 298//298 310//310 309//309
f 310//310 298//298 299//299
f 311//311 309//309 310//310
f 309//309 311//311 312//312
f 313//313 312//312 311//311
f 312//312 313//313 314//314
f 314//314 315//315 312//312
f 315//315 314//314 316//316
f 316//316 317//317 315//315
f 317//317 316//316 318//318
f 318//318 319//319 317//317
f 319//319 318//318 320//320
f 320//320 321//321 319//319
f 321//321 320//320 322//322
f 322//322 323//323 321//321
f 324//324 322//322 320//320
f 320//320 325//325 324//324
f 325//325 320//320 318//318
f 318//318 326//326 325//325
f 326//326 318//318 316//316
f 316//316 327//327 326//326
f 327//327 316//316 314//314
f 314//314 328//328 327//327
f 328//328 314//314 313//313
f 313//313 329//329 328//328
f 323//323 322//322 330//330
f 330//330 331//331 323//323
f 332//332 330//330 322//322
f 322//322 324//324 332//332
f 331//331 330//330 333//333
f 333//333 334//334 331//331
f 335//335 334//334 333//333
f 333//333 336//336 335//335
f 337//337 336//336 333//333
f 333//333 338//338 337//337
f 338//338 333//333 330//330
f 332//332 338//338 330//330
f 329//329 313//313 339//339
f 311//311 339//339 313//313
f 339//339 340//340 329//329
f 339//339 311//311 341//341
f 341//341 342//342 339//339
f 340//340 339//339 342//342
f 342//342 341//341 343//343
f 343//343 344//344 342//342
f 345//345 342//342 344//344
f 342//342 345//345 340//340
f 344//344 346//346 345//345
f 347//347 344//344 343//343
f 348//348 344//344 347//347
f 349//349 346//346 344//344
f 344//344 348//348 349//349
f 348//348 347//347 350//350
f 350//350 351//351 348//348
f 349//349 348//348 351//351
f 351//351 352//352 349//349
f 351//351 350//350 353//353
f 354//354 351//351 353//353
f 351//351 354//354 352//352
f 355//355 349//349 352//352
f 355//355 356//356 349//349
f 346//346 349//349 356//356
f 357//357 356//356 355//355
f 357//357 358//358 356//356
f 357//357 359//359 358//358
f 360//360 358//358 359//359
f 359//359 361//361 360//360
f 356//356 362//362 346//346
f 362//362 356//356 358//358
f 358//358 363//363 362//362
f 363//363 364//364 362//362
f 362//362 364//364 345//345
f 362//362 345//345 346//346
f 345//345 364//364 365//365
f 365//365 340//340 345//345
f 340//340 365//365 366//366
f 366//366 329//329 340//340
f 329//329 366//366 367//367
f 367//367 328//328 329//329
f 328//328 367//367 368//368
f 368//368 327//327 328//328
f 327//327 368//368 369//369
f 369//369 326//326 327//327
f 326//326 369//369 370//370
f 370//370 325//325 326//326
f 325//325 370//370 371//371
f 371//371 324//324 325//325
f 324//324 371//371 372//372
f 372//372 332//332 324//324
f 332//332 372//372 373//373
f 373//373 338//338 332//332
f 337//337 338//338 373//373
f 337//337 373//373 374//374
f 374//374 375//375 337//337
f 375//375 376//376 337//337
f 337//337 376//376 377//377
f 378//378 377//377 376//376
f 377//377 378//378 379//379
f 379//379 380//380 377//377
f 376//376 381//381 378//378
f 380//380 379//379 382//382
f 383//383 382//382 379//379
f 384//384 382//382 383//383
f 385//385 384//384 383//383
f 384//384 385//385 386//386
f 386//386 387//387 384//384
f 387//387 386//386 388//388
f 389//389 388//388 386//386
f 388//388 389//389 390//390
f 390//390 391//391 388//388
f 391//391 390//390 392//392
f 392//392 393//393 391//391
f 393//393 392//392 394//394
f 394//394 395//395 393//393
f 395//395 394//394 396//396
f 391//391 393//393 396//396
f 393//393 395//395 396//396
f 396//396 394//394 397//397
f 398//398 396//396 397//397
f 391//391 396//396 398//398
f 397//397 399//399 398//398
f 398//398 399//399 400//400
f 401//401 400//400 399//399
f 400//400 401//401 402//402
f 403//403 402//402 401//401
f 402//402 403//403 404//404
f 405//405 404//404 403//403
f 404//404 405//405 406//406
f 407//407 406//406 405//405
f 406//406 407//407 408//408
f 409//409 408//408 407//407
f 408//408 409//409 410//410
f 411//411 408//408 410//410
f 406//406 408//408 411//411
f 411//411 410//410 264//264
f 404//404 406//406 264//264
f 411//411 264//264 406//406
f 412//412 264//264 410//410
f 413//413 398//398 400//400
f 400//400 414//414 413//413
f 414//414 400//400 402//402
f 413//413 414//414 415//415
f 415//415 416//416 413//413
f 416//416 415//415 417//417
f 388//388 413//413 416//416
f 416//416 418//418 388//388
f 418//418 416//416 417//417
f 387//387 388//388 418//418
f 418//418 335//335 387//387
f 335//335 418//418 334//334
f 417//417 334//334 418//418
f 387//387 335//335 384//384
f 335//335 382//382 384//384
f 336//336 382//382 335//335
f 382//382 336//336 380//380
f 377//377 380//380 336//336
f 337//337 377//377 336//336
f 334//334 417//417 419//419
f 419//419 331//331 334//334
f 419//419 420//420 331//331
f 323//323 331//331 420//420
f 323//323 420//420 421//421
f 421//421 321//321 323//323
f 321//321 421//421 422//422
f 422//422 319//319 321//321
f 319//319 422//422 423//423
f 423//423 317//317 319//319
f 317//317 423//423 424//424
f 424//424 315//315 317//317
f 315//315 424//424 425//425
f 425//425 312//312 315//315
f 312//312 425//425 309//309
f 277//277 420//420 419//419
f 419//419 275//275 277//277
f 275//275 419//419 417//417
f 417//417 273//273 275//275
f 417//417 415//415 273//273
f 426//426 273//273 415//415
f 427//427 426//426 415//415
f 415//415 414//414 427//427
f 287//287 424//424 423//423
f 424//424 287//287 290//290
f 290//290 425//425 424//424
f 425//425 290//290 293//293
f 293//293 309//309 425//425
f 426//426 427//427 428//428
f 428//428 271//271 426//426
f 426//426 271//271 273//273
f 271//271 428//428 270//270
f 402//402 427//427 414//414
f 427//427 402//402 404//404
f 404//404 428//428 427//427
f 428//428 404//404 262//262
f 262//262 270//270 428//428
f 270//270 262//262 261//261
f 261//261 268//268 270//270
f 264//264 262//262 404//404
f 423//423 286//286 287//287
f 286//286 423//423 422//422
f 422//422 281//281 286//286
f 281//281 422//422 421//421
f 421//421 279//279 281//281
f 279//279 421//421 420//420
f 420//420 277//277 279//279
f 264//264 412//412 429//429
f 429//429 263//263 264//264
f 263//263 429//429 259//259
f 432//432 431//431 430//430
f 430//430 433//433 432//432
f 434//434 433//433 430//430
f 430//430 435//435 434//434
f 436//436 434//434 435//435
f 437//437 436//436 435//435
f 437//437 435//435 430//430
f 436//436 437//437 438//438
f 438//438 437//437 235//235
f 431//431 235//235 430//430
f 235//235 437//437 430//430
f 438//438 235//235 234//234
f 235//235 431//431 439//439
f 439//439 232//232 235//235
f 440//440 431//431 432//432
f 440//440 439//439 431//431
f 222//222 439//439 440//440
f 439//439 222//222 232//232
f 440//440 221//221 222//222
f 222//222 231//231 232//232
f 222//222 228//228 231//231
f 228//228 222//222 219//219
f 219//219 225//225 228//228
f 18//18 441//441 29//29
f 31//31 29//29 441//441
f 441//441 442//442 31//31
f 442//442 441//441 443//443
f 443//443 441//441 18//18
f 443//443 444//444 442//442
f 444//444 443//443 445//445
f 445//445 446//446 444//444
f 446//446 445//445 447//447
f 447//447 448//448 446//446
f 449//449 448//448 447//447
f 448//448 449//449 450//450
f 451//451 448//448 450//450
f 446//446 448//448 451//451
f 450//450 452//452 451//451
f 453//453 451//451 452//452
f 452//452 454//454 453//453
f 453//453 454//454 455//455
f 455//455 456//456 453//453
f 456//456 455//455 457//457
f 457//457 458//458 456//456
f 458//458 457//457 459//459
f 459//459 460//460 458//458
f 460//460 459//459 461//461
f 461//461 462//462 460//460
f 463//463 462//462 461//461
f 461//461 464//464 463//463
f 465//465 463//463 464//464
f 464//464 466//466 465//465
f 465//465 466//466 467//467
f 467//467 468//468 465//465
f 468//468 467//467 469//469
f 469//469 470//470 468//468
f 470//470 469//469 471//471
f 471//471 472//472 470//470
f 472//472 471//471 473//473
f 473//473 474//474 472//472
f 474//474 473//473 475//475
f 475//475 476//476 474//474
f 476//476 475//475 477//477
f 477//477 478//478 476//476
f 478//478 477//477 479//479
f 479//479 480//480 478//478
f 479//479 481//481 480//480
f 481//481 482//482 480//480
f 481//481 479//479 483//483
f 483//483 479//479 477//477
f 483//483 484//484 481//481
f 485//485 482//482 481//481
f 481//481 484//484 485//485
f 486//486 482//482 485//485
f 485//485 487//487 486//486
f 488//488 486//486 487//487
f 487//487 489//489 488//488
f 490//490 488//488 489//489
f 489//489 491//491 490//490
f 490//490 491//491 492//492
f 492//492 493//493 490//490
f 491//491 489//489 494//494
f 494//494 489//489 487//487
f 494//494 495//495 491//491
f 496//496 492//492 491//491
f 491//491 495//495 496//496
f 495//495 494//494 497//497
f 497//497 498//498 495//495
f 496//496 495//495 498//498
f 498//498 499//499 496//496
f 499//499 500//500 496//496
f 500//500 301//301 496//496
f 492//492 496//496 301//301
f 498//498 497//497 501//501
f 501//501 502//502 498//498
f 502//502 499//499 498//498
f 503//503 499//499 502//502
f 504//504 500//500 499//499
f 499//499 503//503 504//504
f 502//502 501//501 505//505
f 505//505 506//506 502//502
f 502//502 506//506 507//507
f 502//502 507//507 503//503
f 508//508 504//504 503//503
f 508//508 503//503 509//509
f 507//507 509//509 503//503
f 505//505 510//510 506//506
f 511//511 506//506 510//510
f 507//507 506//506 511//511
f 511//511 510//510 512//512
f 512//512 513//513 511//511
f 512//512 514//514 513//513
f 515//515 513//513 514//514
f 514//514 516//516 515//515
f 517//517 514//514 512//512
f 516//516 514//514 517//517
f 512//512 518//518 517//517
f 518//518 512//512 510//510
f 518//518 519//519 517//517
f 519//519 520//520 517//517
f 517//517 520//520 521//521
f 521//521 522//522 517//517
f 517//517 522//522 516//516
f 510//510 523//523 518//518
f 523//523 510//510 505//505
f 505//505 524//524 523//523
f 524//524 505//505 501//501
f 501//501 525//525 524//524
f 525//525 501//501 497//497
f 497//497 526//526 525//525
f 527//527 526//526 497//497
f 484//484 526//526 527//527
f 527//527 485//485 484//484
f 527//527 487//487 485//485
f 487//487 527//527 494//494
f 497//497 494//494 527//527
f 526//526 484//484 528//528
f 525//525 526//526 528//528
f 484//484 483//483 528//528
f 528//528 483//483 529//529
f 477//477 529//529 483//483
f 529//529 530//530 528//528
f 531//531 528//528 530//530
f 528//528 531//531 525//525
f 524//524 525//525 531//531
f 530//530 532//532 531//531
f 477//477 475//475 529//529
f 529//529 475//475 533//533
f 529//529 533//533 530//530
f 530//530 533//533 534//534
f 530//530 534//534 532//532
f 535//535 532//532 534//534
f 475//475 473//473 533//533
f 533//533 473//473 536//536
f 533//533 536//536 534//534
f 534//534 536//536 537//537
f 534//534 537//537 535//535
f 538//538 535//535 537//537
f 473//473 471//471 536//536
f 536//536 471//471 539//539
f 536//536 539//539 537//537
f 537//537 539//539 540//540
f 537//537 540//540 538//538
f 471//471 469//469 539//539
f 539//539 469//469 541//541
f 539//539 541//541 540//540
f 542//542 540//540 541//541
f 469//469 467//467 541//541
f 541//541 467//467 543//543
f 541//541 543//543 542//542
f 467//467 466//466 543//543
f 544//544 532//532 535//535
f 532//532 544//544 545//545
f 545//545 531//531 532//532
f 531//531 545//545 524//524
f 546//546 524//524 545//545
f 524//524 546//546 547//547
f 547//547 523//523 524//524
f 523//523 547//547 548//548
f 548//548 549//549 523//523
f 523//523 549//549 518//518
f 519//519 518//518 549//549
f 550//550 519//519 549//549
f 549//549 548//548 550//550
f 519//519 550//550 551//551
f 551//551 520//520 519//519
f 521//521 520//520 551//551
f 552//552 521//521 551//551
f 553//553 521//521 552//552
f 521//521 553//553 522//522
f 553//553 554//554 522//522
f 555//555 554//554 553//553
f 553//553 556//556 555//555
f 552//552 556//556 553//553
f 557//557 554//554 555//555
f 557//557 558//558 554//554
f 554//554 558//558 522//522
f 559//559 558//558 557//557
f 558//558 559//559 522//522
f 557//557 560//560 559//559
f 561//561 559//559 560//560
f 559//559 561//561 562//562
f 522//522 559//559 562//562
f 563//563 562//562 561//561
f 563//563 564//564 562//562
f 565//565 564//564 563//563
f 563//563 566//566 565//565
f 567//567 565//565 566//566
f 567//567 568//568 565//565
f 569//569 568//568 567//567
f 567//567 570//570 569//569
f 507//507 569//569 570//570
f 570//570 571//571 507//507
f 513//513 568//568 569//569
f 569//569 511//511 513//513
f 511//511 569//569 507//507
f 564//564 565//565 515//515
f 568//568 513//513 515//515
f 515//515 565//565 568//568
f 564//564 515//515 516//516
f 516//516 562//562 564//564
f 562//562 516//516 522//522
f 507//507 571//571 509//509
f 103//103 101//101 119//119
f 173//173 82//82 45//45
f 572//572 173//173 45//45
f 173//173 572//572 573//573
f 573//573 174//174 173//173
f 174//174 573//573 574//574
f 574//574 175//175 174//174
f 175//175 574//574 575//575
f 575//575 176//176 175//175
f 176//176 575//575 576//576
f 576//576 177//177 176//176
f 177//177 576//576 577//577
f 577//577 178//178 177//177
f 577//577 179//179 178//178
f 578//578 179//179 577//577
f 180//180 179//179 578//578
f 578//578 579//579 180//180
f 579//579 181//181 180//180
f 580//580 181//181 579//579
f 190//190 181//181 580//580
f 580//580 581//581 190//190
f 575//575 574//574 478//478
f 478//478 574//574 476//476
f 574//574 573//573 476//476
f 476//476 573//573 474//474
f 573//573 572//572 474//474
f 474//474 572//572 472//472
f 572//572 582//582 472//472
f 45//45 582//582 572//572
f 582//582 45//45 43//43
f 43//43 583//583 582//582
f 583//583 43//43 41//41
f 41//41 584//584 583//583
f 584//584 41//41 585//585
f 41//41 38//38 585//585
f 585//585 38//38 36//36
f 36//36 586//586 585//585
f 586//586 36//36 34//34
f 586//586 34//34 587//587
f 34//34 27//27 587//587
f 588//588 587//587 27//27
f 27//27 33//33 588//588
f 589//589 588//588 33//33
f 32//32 589//589 33//33
f 590//590 589//589 32//32
f 30//30 590//590 32//32
f 590//590 30//30 591//591
f 31//31 591//591 30//30
f 592//592 591//591 31//31
f 442//442 592//592 31//31
f 592//592 442//442 444//444
f 591//591 592//592 451//451
f 453//453 591//591 451//451
f 590//590 591//591 453//453
f 456//456 590//590 453//453
f 590//590 456//456 458//458
f 458//458 589//589 590//590
f 458//458 460//460 589//589
f 460//460 588//588 589//589
f 460//460 462//462 588//588
f 592//592 444//444 446//446
f 451//451 592//592 446//446
f 462//462 587//587 588//588
f 586//586 587//587 462//462
f 463//463 586//586 462//462
f 585//585 586//586 463//463
f 465//465 585//585 463//463
f 584//584 585//585 465//465
f 468//468 584//584 465//465
f 583//583 584//584 468//468
f 470//470 583//583 468//468
f 582//582 583//583 470//470
f 472//472 582//582 470//470
f 306//306 594//594 593//593
f 595//595 593//593 594//594
f 593//593 596//596 306//306
f 596//596 593//593 350//350
f 596//596 350//350 347//347
f 347//347 597//597 596//596
f 347//347 343//343 597//597
f 597//597 343//343 598//598
f 598//598 343//343 341//341
f 341//341 310//310 598//598
f 310//310 341//341 311//311
f 353//353 350//350 593//593
f 353//353 593//593 595//595
f 299//299 598//598 310//310
f 598//598 299//299 302//302
f 302//302 597//597 598//598
f 597//597 302//302 304//304
f 304//304 596//596 597//597
f 306//306 596//596 304//304
f 306//306 307//307 594//594
f 595//595 599//599 353//353
f 353//353 599//599 600//600
f 353//353 600//600 354//354
f 601//601 354//354 600//600
f 601//601 602//602 354//354
f 602//602 603//603 354//354
f 603//603 602//602 604//604
f 604//604 605//605 603//603
f 606//606 603//603 605//605
f 605//605 607//607 606//606
f 608//608 607//607 605//605
f 605//605 609//609 608//608
f 609//609 605//605 604//604
f 610//610 608//608 609//609
f 609//609 611//611 610//610
f 612//612 610//610 611//611
f 611//611 613//613 612//612
f 614//614 612//612 613//613
f 613//613 615//615 614//614
f 616//616 614//614 615//615
f 615//615 617//617 616//616
f 618//618 616//616 617//617
f 617//617 619//619 618//618
f 620//620 618//618 619//619
f 619//619 621//621 620//620
f 622//622 620//620 621//621
f 621//621 623//623 622//622
f 624//624 622//622 623//623
f 623//623 625//625 624//624
f 626//626 624//624 625//625
f 625//625 627//627 626//626
f 626//626 627//627 628//628
f 626//626 628//628 629//629
f 629//629 628//628 630//630
f 629//629 630//630 631//631
f 631//631 630//630 632//632
f 632//632 633//633 631//631
f 633//633 632//632 634//634
f 634//634 635//635 633//633
f 634//634 636//636 635//635
f 637//637 635//635 636//636
f 637//637 636//636 638//638
f 638//638 639//639 637//637
f 640//640 639//639 638//638
f 640//640 641//641 639//639
f 641//641 640//640 642//642
f 643//643 641//641 642//642
f 644//644 643//643 642//642
f 642//642 645//645 644//644
f 644//644 645//645 646//646
f 646//646 647//647 644//644
f 648//648 646//646 645//645
f 645//645 649//649 648//648
f 649//649 645//645 650//650
f 642//642 650//650 645//645
f 650//650 651//651 649//649
f 641//641 643//643 652//652
f 652//652 653//653 641//641
f 641//641 653//653 639//639
f 653//653 652//652 654//654
f 652//652 655//655 654//654
f 655//655 644//644 647//647
f 655//655 652//652 643//643
f 643//643 644//644 655//655
f 655//655 656//656 654//654
f 654//654 656//656 360//360
f 657//657 360//360 656//656
f 358//358 360//360 657//657
f 657//657 363//363 358//358
f 657//657 658//658 363//363
f 363//363 658//658 364//364
f 364//364 658//658 659//659
f 659//659 365//365 364//364
f 365//365 659//659 660//660
f 660//660 366//366 365//365
f 366//366 660//660 661//661
f 661//661 367//367 366//366
f 367//367 661//661 662//662
f 662//662 368//368 367//367
f 368//368 662//662 663//663
f 663//663 369//369 368//368
f 369//369 663//663 664//664
f 664//664 370//370 369//369
f 370//370 664//664 665//665
f 665//665 371//371 370//370
f 371//371 665//665 666//666
f 666//666 372//372 371//371
f 667//667 372//372 666//666
f 667//667 666//666 668//668
f 374//374 667//667 668//668
f 373//373 667//667 374//374
f 373//373 372//372 667//667
f 668//668 666//666 669//669
f 670//670 665//665 664//664
f 664//664 671//671 670//670
f 671//671 664//664 663//663
f 663//663 672//672 671//671
f 672//672 663//663 662//662
f 662//662 673//673 672//672
f 673//673 662//662 661//661
f 661//661 674//674 673//673
f 674//674 661//661 660//660
f 660//660 675//675 674//674
f 675//675 660//660 659//659
f 659//659 676//676 675//675
f 676//676 659//659 658//658
f 658//658 677//677 676//676
f 657//657 677//677 658//658
f 671//671 678//678 670//670
f 678//678 671//671 672//672
f 673//673 679//679 672//672
f 679//679 673//673 674//674
f 672//672 679//679 678//678
f 674//674 680//680 679//679
f 675//675 680//680 674//674
f 680//680 675//675 676//676
f 676//676 681//681 680//680
f 657//657 681//681 677//677
f 677//677 681//681 676//676
f 656//656 681//681 657//657
f 682//682 679//679 680//680
f 680//680 683//683 682//682
f 680//680 681//681 684//684
f 684//684 683//683 680//680
f 685//685 681//681 656//656
f 685//685 684//684 681//681
f 656//656 655//655 685//685
f 686//686 678//678 679//679
f 679//679 682//682 686//686
f 678//678 686//686 687//687
f 678//678 687//687 688//688
f 688//688 687//687 689//689
f 690//690 689//689 687//687
f 678//678 688//688 691//691
f 691//691 688//688 692//692
f 693//693 692//692 688//688
f 688//688 689//689 693//693
f 692//692 693//693 694//694
f 695//695 694//694 693//693
f 695//695 693//693 689//689
f 696//696 694//694 695//695
f 695//695 697//697 696//696
f 689//689 690//690 698//698
f 698//698 695//695 689//689
f 699//699 698//698 690//690
f 700//700 698//698 699//699
f 701//701 698//698 700//700
f 695//695 698//698 701//701
f 701//701 697//697 695//695
f 702//702 700//700 699//699
f 699//699 703//703 702//702
f 702//702 703//703 704//704
f 704//704 705//705 702//702
f 705//705 704//704 706//706
f 704//704 707//707 706//706
f 706//706 707//707 708//708
f 709//709 708//708 707//707
f 707//707 710//710 709//709
f 710//710 707//707 704//704
f 704//704 703//703 710//710
f 710//710 703//703 699//699
f 708//708 709//709 711//711
f 711//711 712//712 708//708
f 713//713 706//706 708//708
f 708//708 712//712 713//713
f 713//713 714//714 706//706
f 715//715 714//714 713//713
f 715//715 716//716 714//714
f 717//717 713//713 712//712
f 715//715 713//713 717//717
f 717//717 718//718 715//715
f 712//712 711//711 719//719
f 719//719 720//720 712//712
f 717//717 712//712 720//720
f 720//720 719//719 721//721
f 721//721 722//722 720//720
f 723//723 722//722 721//721
f 724//724 720//720 722//722
f 720//720 724//724 717//717
f 718//718 717//717 724//724
f 722//722 725//725 724//724
f 725//725 722//722 723//723
f 723//723 726//726 725//725
f 727//727 724//724 725//725
f 724//724 727//727 718//718
f 725//725 728//728 727//727
f 728//728 725//725 726//726
f 726//726 729//729 728//728
f 646//646 729//729 726//726
f 648//648 729//729 646//646
f 647//647 726//726 723//723
f 646//646 726//726 647//647
f 730//730 718//718 727//727
f 718//718 730//730 731//731
f 732//732 731//731 730//730
f 731//731 732//732 733//733
f 734//734 733//733 732//732
f 732//732 735//735 734//734
f 733//733 736//736 731//731
f 737//737 732//732 730//730
f 735//735 732//732 737//737
f 737//737 738//738 735//735
f 739//739 734//734 735//735
f 735//735 740//740 739//739
f 739//739 740//740 741//741
f 739//739 741//741 742//742
f 743//743 741//741 740//740
f 740//740 744//744 743//743
f 735//735 738//738 744//744
f 744//744 740//740 735//735
f 745//745 742//742 741//741
f 741//741 746//746 745//745
f 747//747 745//745 746//746
f 746//746 748//748 747//747
f 748//748 746//746 749//749
f 741//741 743//743 749//749
f 749//749 746//746 741//741
f 749//749 750//750 748//748
f 751//751 747//747 748//748
f 748//748 752//752 751//751
f 752//752 748//748 750//750
f 753//753 751//751 752//752
f 753//753 754//754 751//751
f 753//753 752//752 755//755
f 750//750 755//755 752//752
f 755//755 756//756 753//753
f 753//753 756//756 757//757
f 754//754 753//753 757//757
f 758//758 743//743 744//744
f 744//744 759//759 758//758
f 760//760 758//758 759//759
f 759//759 761//761 760//760
f 762//762 760//760 761//761
f 761//761 763//763 762//762
f 761//761 759//759 764//764
f 764//764 765//765 761//761
f 763//763 761//761 765//765
f 766//766 765//765 764//764
f 764//764 767//767 766//766
f 768//768 765//765 766//766
f 765//765 768//768 763//763
f 766//766 769//769 768//768
f 770//770 766//766 767//767
f 767//767 771//771 770//770
f 766//766 770//770 772//772
f 772//772 769//769 766//766
f 758//758 760//760 773//773
f 773//773 774//774 758//758
f 774//774 773//773 775//775
f 776//776 775//775 773//773
f 776//776 773//773 777//777
f 775//775 778//778 774//774
f 777//777 773//773 760//760
f 777//777 760//760 762//762
f 778//778 775//775 779//779
f 779//779 775//775 776//776
f 779//779 780//780 778//778
f 781//781 780//780 779//779
f 779//779 782//782 781//781
f 782//782 779//779 783//783
f 776//776 783//783 779//779
f 783//783 784//784 782//782
f 785//785 781//781 782//782
f 782//782 786//786 785//785
f 786//786 782//782 784//784
f 784//784 787//787 786//786
f 774//774 778//778 750//750
f 750//750 778//778 780//780
f 750//750 749//749 774//774
f 774//774 749//749 743//743
f 743//743 758//758 774//774
f 780//780 755//755 750//750
f 756//756 755//755 780//780
f 781//781 756//756 780//780
f 757//757 781//781 785//785
f 757//757 756//756 781//781
f 787//787 784//784 788//788
f 788//788 789//789 787//787
f 789//789 788//788 790//790
f 791//791 790//790 788//788
f 791//791 792//792 790//790
f 792//792 791//791 793//793
f 788//788 794//794 791//791
f 790//790 795//795 789//789
f 795//795 790//790 796//796
f 792//792 796//796 790//790
f 793//793 797//797 792//792
f 796//796 792//792 798//798
f 791//791 794//794 799//799
f 799//799 800//800 791//791
f 800//800 793//793 791//791
f 800//800 799//799 801//801
f 801//801 802//802 800//800
f 803//803 800//800 802//802
f 793//793 800//800 803//803
f 797//797 793//793 803//803
f 803//803 802//802 804//804
f 805//805 803//803 804//804
f 803//803 805//805 797//797
f 804//804 806//806 805//805
f 807//807 805//805 806//806
f 806//806 808//808 807//807
f 802//802 801//801 809//809
f 809//809 810//810 802//802
f 804//804 802//802 810//810
f 811//811 810//810 809//809
f 812//812 810//810 811//811
f 804//804 810//810 812//812
f 806//806 804//804 812//812
f 812//812 811//811 813//813
f 809//809 814//814 811//811
f 812//812 813//813 815//815
f 815//815 816//816 812//812
f 812//812 816//816 806//806
f 808//808 806//806 816//816
f 817//817 816//816 815//815
f 817//817 808//808 816//816
f 815//815 818//818 817//817
f 811//811 814//814 819//819
f 819//819 820//820 811//811
f 821//821 820//820 819//819
f 820//820 821//821 822//822
f 822//822 823//823 820//820
f 811//811 820//820 823//823
f 823//823 813//813 811//811
f 819//819 824//824 821//821
f 825//825 821//821 824//824
f 822//822 821//821 825//825
f 824//824 826//826 825//825
f 822//822 825//825 827//827
f 828//828 822//822 827//827
f 823//823 822//822 828//828
f 828//828 827//827 829//829
f 828//828 829//829 830//830
f 830//830 831//831 828//828
f 828//828 831//831 832//832
f 832//832 833//833 828//828
f 828//828 833//833 823//823
f 818//818 833//833 832//832
f 813//813 823//823 833//833
f 833//833 815//815 813//813
f 818//818 815//815 833//833
f 826//826 824//824 769//769
f 768//768 769//769 824//824
f 824//824 819//819 768//768
f 814//814 768//768 819//819
f 814//814 763//763 768//768
f 809//809 763//763 814//814
f 809//809 762//762 763//763
f 801//801 762//762 809//809
f 801//801 777//777 762//762
f 776//776 777//777 801//801
f 801//801 799//799 776//776
f 783//783 776//776 799//799
f 799//799 794//794 783//783
f 784//784 783//783 794//794
f 794//794 788//788 784//784
f 769//769 772//772 826//826
f 648//648 826//826 772//772
f 772//772 729//729 648//648
f 729//729 772//772 770//770
f 770//770 728//728 729//729
f 770//770 771//771 728//728
f 728//728 771//771 727//727
f 727//727 771//771 730//730
f 737//737 730//730 771//771
f 771//771 767//767 737//737
f 738//738 737//737 767//767
f 767//767 764//764 738//738
f 738//738 764//764 759//759
f 759//759 744//744 738//738
f 826//826 648//648 649//649
f 649//649 825//825 826//826
f 649//649 651//651 825//825
f 827//827 825//825 651//651
f 651//651 834//834 827//827
f 835//835 834//834 651//651
f 651//651 650//650 835//835
f 834//834 835//835 836//836
f 837//837 834//834 836//836
f 829//829 827//827 834//834
f 834//834 837//837 829//829
f 830//830 829//829 837//837
f 835//835 650//650 642//642
f 640//640 835//835 642//642
f 835//835 640//640 838//838
f 838//838 836//836 835//835
f 838//838 640//640 638//638
f 638//638 839//839 838//838
f 839//839 638//638 636//636
f 636//636 840//840 839//839
f 840//840 636//636 634//634
f 634//634 841//841 840//840
f 842//842 841//841 634//634
f 632//632 842//842 634//634
f 842//842 632//632 843//843
f 632//632 630//630 843//843
f 843//843 630//630 628//628
f 628//628 844//844 843//843
f 844//844 628//628 627//627
f 627//627 845//845 844//844
f 845//845 627//627 625//625
f 625//625 846//846 845//845
f 846//846 625//625 623//623
f 623//623 847//847 846//846
f 847//847 623//623 848//848
f 623//623 621//621 848//848
f 848//848 621//621 849//849
f 621//621 619//619 849//849
f 849//849 619//619 850//850
f 617//617 850//850 619//619
f 850//850 617//617 851//851
f 617//617 615//615 851//851
f 851//851 615//615 852//852
f 613//613 852//852 615//615
f 852//852 613//613 853//853
f 611//611 853//853 613//613
f 854//854 853//853 611//611
f 611//611 609//609 854//854
f 854//854 609//609 604//604
f 857//857 856//856 855//855
f 858//858 855//855 856//856
f 857//857 855//855 859//859
f 859//859 860//860 857//857
f 861//861 857//857 860//860
f 862//862 861//861 860//860
f 859//859 855//855 863//863
f 855//855 858//858 863//863
f 863//863 864//864 859//859
f 864//864 865//865 859//859
f 866//866 859//859 865//865
f 866//866 865//865 867//867
f 868//868 867//867 865//865
f 865//865 869//869 868//868
f 869//869 865//865 864//864
f 870//870 868//868 869//869
f 870//870 869//869 871//871
f 872//872 870//870 871//871
f 871//871 873//873 872//872
f 872//872 873//873 874//874
f 874//874 875//875 872//872
f 875//875 874//874 876//876
f 876//876 877//877 875//875
f 878//878 877//877 876//876
f 876//876 879//879 878//878
f 880//880 878//878 879//879
f 879//879 881//881 880//880
f 880//880 882//882 878//878
f 882//882 883//883 878//878
f 877//877 878//878 883//883
f 884//884 883//883 882//882
f 882//882 885//885 884//884
f 883//883 886//886 877//877
f 884//884 886//886 883//883
f 884//884 887//887 886//886
f 888//888 875//875 877//877
f 877//877 886//886 888//888
f 886//886 887//887 888//888
f 887//887 889//889 888//888
f 875//875 888//888 890//890
f 889//889 890//890 888//888
f 890//890 872//872 875//875
f 891//891 890//890 889//889
f 872//872 890//890 892//892
f 890//890 893//893 892//892
f 893//893 890//890 891//891
f 891//891 894//894 893//893
f 895//895 880//880 881//881
f 881//881 896//896 895//895
f 897//897 895//895 896//896
f 897//897 896//896 898//898
f 899//899 897//897 898//898
f 899//899 900//900 897//897
f 901//901 900//900 899//899
f 902//902 901//901 899//899
f 902//902 899//899 903//903
f 898//898 903//903 899//899
f 903//903 904//904 902//902
f 905//905 902//902 904//904
f 904//904 906//906 905//905
f 907//907 905//905 906//906
f 906//906 908//908 907//907
f 909//909 907//907 908//908
f 908//908 910//910 909//909
f 910//910 908//908 911//911
f 911//911 912//912 910//910
f 913//913 912//912 911//911
f 911//911 914//914 913//913
f 915//915 914//914 911//911
f 911//911 916//916 915//915
f 916//916 911//911 908//908
f 908//908 906//906 916//916
f 917//917 915//915 916//916
f 916//916 918//918 917//917
f 906//906 904//904 918//918
f 918//918 916//916 906//906
f 919//919 917//917 918//918
f 918//918 920//920 919//919
f 921//921 913//913 914//914
f 914//914 922//922 921//921
f 922//922 914//914 915//915
f 923//923 921//921 922//922
f 922//922 924//924 923//923
f 924//924 922//922 925//925
f 915//915 925//925 922//922
f 925//925 926//926 924//924
f 926//926 925//925 927//927
f 915//915 917//917 927//927
f 927//927 925//925 915//915
f 927//927 928//928 926//926
f 928//928 927//927 929//929
f 917//917 919//919 929//929
f 929//929 927//927 917//917
f 929//929 930//930 928//928
f 923//923 924//924 931//931
f 931//931 924//924 926//926
f 931//931 932//932 923//923
f 932//932 931//931 933//933
f 933//933 934//934 932//932
f 935//935 934//934 933//933
f 934//934 935//935 936//936
f 933//933 931//931 937//937
f 926//926 937//937 931//931
f 937//937 926//926 928//928
f 937//937 938//938 933//933
f 933//933 939//939 935//935
f 933//933 938//938 939//939
f 939//939 938//938 940//940
f 940//940 941//941 939//939
f 942//942 940//940 938//938
f 938//938 937//937 942//942
f 928//928 942//942 937//937
f 942//942 928//928 930//930
f 943//943 940//940 942//942
f 941//941 940//940 943//943
f 942//942 944//944 943//943
f 930//930 944//944 942//942
f 943//943 945//945 941//941
f 946//946 932//932 934//934
f 923//923 932//932 946//946
f 946//946 947//947 923//923
f 921//921 923//923 947//947
f 947//947 948//948 921//921
f 949//949 921//921 948//948
f 949//949 913//913 921//921
f 913//913 949//949 950//950
f 950//950 912//912 913//913
f 951//951 912//912 950//950
f 951//951 910//910 912//912
f 910//910 951//951 952//952
f 952//952 909//909 910//910
f 952//952 953//953 909//909
f 953//953 954//954 909//909
f 907//907 909//909 954//954
f 954//954 955//955 907//907
f 907//907 955//955 905//905
f 955//955 956//956 905//905
f 905//905 956//956 902//902
f 956//956 901//901 902//902
f 955//955 954//954 957//957
f 957//957 958//958 955//955
f 955//955 958//958 956//956
f 958//958 959//959 956//956
f 956//956 959//959 901//901
f 959//959 960//960 901//901
f 901//901 960//960 900//900
f 960//960 961//961 900//900
f 900//900 961//961 962//962
f 900//900 962//962 897//897
f 961//961 963//963 962//962
f 957//957 954//954 964//964
f 964//964 965//965 957//957
f 966//966 964//964 954//954
f 954//954 953//953 966//966
f 953//953 967//967 966//966
f 967//967 953//953 968//968
f 968//968 969//969 967//967
f 969//969 968//968 970//970
f 970//970 968//968 971//971
f 970//970 971//971 972//972
f 972//972 971//971 973//973
f 973//973 974//974 972//972
f 975//975 970//970 972//972
f 970//970 975//975 969//969
f 972//972 976//976 975//975
f 975//975 976//976 977//977
f 977//977 978//978 975//975
f 974//974 973//973 979//979
f 979//979 980//980 974//974
f 981//981 980//980 979//979
f 979//979 982//982 981//981
f 983//983 981//981 982//982
f 982//982 984//984 983//983
f 983//983 984//984 985//985
f 986//986 985//985 984//984
f 987//987 985//985 986//986
f 986//986 988//988 987//987
f 987//987 988//988 989//989
f 990//990 989//989 988//988
f 989//989 990//990 991//991
f 992//992 991//991 990//990
f 992//992 990//990 993//993
f 988//988 993//993 990//990
f 993//993 994//994 992//992
f 993//993 936//936 994//994
f 993//993 934//934 936//936
f 946//946 934//934 993//993
f 988//988 946//946 993//993
f 986//986 946//946 988//988
f 986//986 947//947 946//946
f 984//984 947//947 986//986
f 984//984 948//948 947//947
f 948//948 984//984 982//982
f 982//982 949//949 948//948
f 949//949 982//982 979//979
f 979//979 950//950 949//949
f 951//951 950//950 979//979
f 979//979 973//973 951//951
f 951//951 973//973 971//971
f 971//971 952//952 951//951
f 971//971 968//968 952//952
f 968//968 953//953 952//952
f 936//936 996//996 995//995
f 995//995 996//996 997//997
f 997//997 996//996 998//998
f 998//998 999//999 997//997
f 1000//1000 997//997 999//999
f 999//999 1001//1001 1000//1000
f 1002//1002 1001//1001 999//999
f 999//999 1003//1003 1002//1002
f 1003//1003 999//999 998//998
f 998//998 1004//1004 1003//1003
f 1000//1000 1001//1001 1005//1005
f 1005//1005 1006//1006 1000//1000
f 1001//1001 1002//1002 1007//1007
f 1007//1007 1005//1005 1001//1001
f 1006//1006 1005//1005 1008//1008
f 1008//1008 1009//1009 1006//1006
f 1005//1005 1007//1007 1010//1010
f 1010//1010 1008//1008 1005//1005
f 997//997 1000//1000 1011//1011
f 995//995 997//997 1011//1011
f 1011//1011 1000//1000 1012//1012
f 1006//1006 1012//1012 1000//1000
f 1012//1012 1006//1006 1013//1013
f 1006//1006 1009//1009 1013//1013
f 1014//1014 1013//1013 1009//1009
f 1010//1010 1007//1007 1015//1015
f 1016//1016 1015//1015 1007//1007
f 1007//1007 1002//1002 1016//1016
f 1015//1015 1016//1016 1017//1017
f 1015//1015 1017//1017 1018//1018
f 1019//1019 1018//1018 1017//1017
f 1017//1017 1020//1020 1019//1019
f 1021//1021 1019//1019 1020//1020
f 1022//1022 1021//1021 1020//1020
f 1022//1022 1020//1020 1023//1023
f 1023//1023 1020//1020 1024//1024
f 1024//1024 1025//1025 1023//1023
f 1026//1026 1017//1017 1016//1016
f 1020//1020 1026//1026 1024//1024
f 1017//1017 1026//1026 1020//1020
f 1016//1016 1027//1027 1026//1026
f 1016//1016 1002//1002 1027//1027
f 1028//1028 1025//1025 1024//1024
f 1024//1024 1029//1029 1028//1028
f 1026//1026 1029//1029 1024//1024
f 1030//1030 1028//1028 1029//1029
f 1029//1029 1031//1031 1030//1030
f 1026//1026 1032//1032 1029//1029
f 1031//1031 1029//1029 1032//1032
f 1033//1033 1032//1032 1026//1026
f 1026//1026 1027//1027 1033//1033
f 1003//1003 1033//1033 1027//1027
f 1027//1027 1002//1002 1003//1003
f 1032//1032 1034//1034 1031//1031
f 1034//1034 1032//1032 1033//1033
f 1033//1033 1004//1004 1034//1034
f 1003//1003 1004//1004 1033//1033
f 1028//1028 1030//1030 1035//1035
f 1035//1035 1036//1036 1028//1028
f 1025//1025 1028//1028 1036//1036
f 1037//1037 1036//1036 1035//1035
f 1037//1037 1038//1038 1036//1036
f 1038//1038 1037//1037 1039//1039
f 1039//1039 1040//1040 1038//1038
f 1041//1041 1040//1040 1039//1039
f 1039//1039 1042//1042 1041//1041
f 1043//1043 1041//1041 1042//1042
f 1042//1042 1044//1044 1043//1043
f 1045//1045 1043//1043 1044//1044
f 1044//1044 1046//1046 1045//1045
f 1047//1047 1045//1045 1046//1046
f 1046//1046 1048//1048 1047//1047
f 1049//1049 1047//1047 1048//1048
f 1047//1047 1049//1049 1050//1050
f 1051//1051 1050//1050 1049//1049
f 1050//1050 1051//1051 1052//1052
f 1053//1053 1052//1052 1051//1051
f 1051//1051 1054//1054 1053//1053
f 1055//1055 1053//1053 1054//1054
f 1053//1053 1055//1055 1056//1056
f 1057//1057 1056//1056 1055//1055
f 1056//1056 1057//1057 1058//1058
f 1054//1054 1051//1051 1059//1059
f 1055//1055 1054//1054 1059//1059
f 1059//1059 1051//1051 1060//1060
f 1060//1060 1061//1061 1059//1059
f 1051//1051 1049//1049 1062//1062
f 1062//1062 1060//1060 1051//1051
f 1049//1049 1048//1048 1063//1063
f 1063//1063 1062//1062 1049//1049
f 1063//1063 1048//1048 1046//1046
f 1052//1052 1015//1015 1050//1050
f 1015//1015 1052//1052 1010//1010
f 1052//1052 1053//1053 1008//1008
f 1008//1008 1010//1010 1052//1052
f 1008//1008 1056//1056 1009//1009
f 1058//1058 1009//1009 1056//1056
f 1056//1056 1008//1008 1053//1053
f 1014//1014 1009//1009 1058//1058
f 1064//1064 1059//1059 1061//1061
f 1059//1059 1064//1064 1055//1055
f 1061//1061 1065//1065 1064//1064
f 1065//1065 1066//1066 1064//1064
f 1064//1064 1066//1066 1055//1055
f 1067//1067 1066//1066 1065//1065
f 1068//1068 1066//1066 1067//1067
f 1067//1067 1069//1069 1068//1068
f 1070//1070 1068//1068 1069//1069
f 1071//1071 1070//1070 1069//1069
f 1072//1072 1070//1070 1071//1071
f 1073//1073 1072//1072 1071//1071
f 1073//1073 1071//1071 1074//1074
f 1071//1071 1069//1069 1074//1074
f 1074//1074 1075//1075 1073//1073
f 1074//1074 1076//1076 1075//1075
f 1076//1076 1077//1077 1075//1075
f 1076//1076 1078//1078 1077//1077
f 1079//1079 1078//1078 1076//1076
f 1079//1079 1080//1080 1078//1078
f 1081//1081 1080//1080 1079//1079
f 1081//1081 1082//1082 1080//1080
f 1082//1082 1081//1081 1083//1083
f 1084//1084 1082//1082 1083//1083
f 1083//1083 1085//1085 1084//1084
f 1084//1084 1085//1085 1086//1086
f 1086//1086 1087//1087 1084//1084
f 1087//1087 1086//1086 1088//1088
f 1088//1088 1089//1089 1087//1087
f 1088//1088 1090//1090 1089//1089
f 1088//1088 1091//1091 1090//1090
f 1092//1092 1090//1090 1091//1091
f 1091//1091 1093//1093 1092//1092
f 1094//1094 1092//1092 1093//1093
f 1093//1093 1095//1095 1094//1094
f 1096//1096 1094//1094 1095//1095
f 1095//1095 1097//1097 1096//1096
f 1098//1098 1096//1096 1097//1097
f 1097//1097 1099//1099 1098//1098
f 1100//1100 1098//1098 1099//1099
f 1099//1099 1101//1101 1100//1100
f 1102//1102 1100//1100 1101//1101
f 1101//1101 1103//1103 1102//1102
f 1104//1104 1102//1102 1103//1103
f 1103//1103 1105//1105 1104//1104
f 1102//1102 1104//1104 1106//1106
f 1100//1100 1102//1102 1106//1106
f 1104//1104 1107//1107 1106//1106
f 1105//1105 1108//1108 1104//1104
f 1104//1104 1108//1108 1107//1107
f 1108//1108 1105//1105 1109//1109
f 1109//1109 1110//1110 1108//1108
f 1109//1109 881//881 1110//1110
f 881//881 879//879 1110//1110
f 1110//1110 1111//1111 1108//1108
f 1111//1111 1107//1107 1108//1108
f 876//876 1111//1111 1110//1110
f 1110//1110 879//879 876//876
f 1106//1106 1112//1112 1100//1100
f 1112//1112 1106//1106 1113//1113
f 1113//1113 1106//1106 1107//1107
f 1113//1113 1114//1114 1112//1112
f 1107//1107 1115//1115 1113//1113
f 1115//1115 1107//1107 1111//1111
f 874//874 1115//1115 1111//1111
f 1111//1111 876//876 874//874
f 1115//1115 874//874 873//873
f 873//873 1116//1116 1115//1115
f 1113//1113 1115//1115 1116//1116
f 1114//1114 1113//1113 1117//1117
f 1116//1116 1117//1117 1113//1113
f 1117//1117 1118//1118 1114//1114
f 1119//1119 1112//1112 1114//1114
f 1112//1112 1119//1119 1098//1098
f 1098//1098 1100//1100 1112//1112
f 1114//1114 1120//1120 1119//1119
f 1120//1120 1114//1114 1118//1118
f 1120//1120 1118//1118 1121//1121
f 1096//1096 1098//1098 1119//1119
f 1119//1119 1122//1122 1096//1096
f 1122//1122 1119//1119 1120//1120
f 1120//1120 1123//1123 1122//1122
f 1123//1123 1120//1120 1121//1121
f 1121//1121 1124//1124 1123//1123
f 1094//1094 1096//1096 1122//1122
f 1122//1122 1125//1125 1094//1094
f 1125//1125 1122//1122 1123//1123
f 1125//1125 1123//1123 1126//1126
f 1126//1126 1123//1123 1124//1124
f 1092//1092 1094//1094 1125//1125
f 1125//1125 1127//1127 1092//1092
f 1127//1127 1125//1125 1126//1126
f 1126//1126 1128//1128 1127//1127
f 1090//1090 1092//1092 1127//1127
f 1090//1090 1127//1127 1129//1129
f 1129//1129 1127//1127 1128//1128
f 1089//1089 1090//1090 1129//1129
f 1118//1118 1130//1130 1121//1121
f 1131//1131 1130//1130 1118//1118
f 1118//1118 1117//1117 1131//1131
f 1132//1132 1131//1131 1117//1117
f 1132//1132 1133//1133 1131//1131
f 1134//1134 1133//1133 1132//1132
f 1132//1132 1135//1135 1134//1134
f 1135//1135 1132//1132 871//871
f 873//873 871//871 1132//1132
f 1116//1116 873//873 1132//1132
f 1117//1117 1116//1116 1132//1132
f 871//871 869//869 1135//1135
f 864//864 1135//1135 869//869
f 864//864 1136//1136 1135//1135
f 864//864 863//863 1136//1136
f 1135//1135 1136//1136 1137//1137
f 1137//1137 1134//1134 1135//1135
f 1138//1138 1137//1137 1136//1136
f 1136//1136 863//863 1138//1138
f 858//858 1138//1138 863//863
f 575//575 478//478 480//480
f 480//480 576//576 575//575
f 577//577 576//576 480//480
f 480//480 482//482 577//577
f 482//482 578//578 577//577
f 486//486 578//578 482//482
f 579//579 578//578 486//486
f 486//486 488//488 579//579
f 580//580 579//579 488//488
f 488//488 490//490 580//580
f 580//580 490//490 493//493
f 493//493 581//581 580//580
f 291//291 581//581 493//493
f 581//581 291//291 288//288
f 288//288 190//190 581//581
f 190//190 288//288 284//284
f 284//284 182//182 190//190
f 182//182 284//284 283//283
f 283//283 183//183 182//182
f 183//183 283//283 189//189
f 493//493 294//294 291//291
f 296//296 294//294 493//493
f 492//492 296//296 493//493
f 301//301 296//296 492//492
f 278//278 188//188 189//189
f 188//188 278//278 276//276
f 276//276 187//187 188//188
f 187//187 276//276 274//274
f 274//274 192//192 187//187
f 192//192 274//274 272//272
f 272//272 194//194 192//192
f 194//194 272//272 269//269
f 269//269 196//196 194//194
f 500//500 303//303 301//301
f 303//303 500//500 504//504
f 504//504 305//305 303//303
f 308//308 305//305 504//504
f 504//504 508//508 308//308
f 381//381 376//376 1139//1139
f 375//375 1139//1139 376//376
f 1139//1139 375//375 1140//1140
f 1141//1141 1140//1140 375//375
f 1142//1142 1140//1140 1141//1141
f 1141//1141 1143//1143 1142//1142
f 1141//1141 1144//1144 1143//1143
f 1143//1143 1144//1144 1145//1145
f 1146//1146 1143//1143 1145//1145
f 1142//1142 1143//1143 1147//1147
f 1146//1146 1147//1147 1143//1143
f 374//374 1144//1144 1141//1141
f 1141//1141 375//375 374//374
f 668//668 1144//1144 374//374
f 1144//1144 668//668 1148//1148
f 1144//1144 1148//1148 1145//1145
f 1148//1148 668//668 669//669
f 669//669 1149//1149 1148//1148
f 1150//1150 1148//1148 1149//1149
f 1145//1145 1148//1148 1150//1150
f 1146//1146 1145//1145 1150//1150
f 1149//1149 1151//1151 1150//1150
f 1152//1152 1150//1150 1151//1151
f 1150//1150 1152//1152 1146//1146
f 1151//1151 1153//1153 1152//1152
f 1153//1153 1154//1154 1152//1152
f 1155//1155 1152//1152 1154//1154
f 1146//1146 1152//1152 1155//1155
f 1155//1155 1147//1147 1146//1146
f 1154//1154 1153//1153 1156//1156
f 1156//1156 1157//1157 1154//1154
f 1158//1158 1157//1157 1156//1156
f 1159//1159 1158//1158 1156//1156
f 1156//1156 1160//1160 1159//1159
f 1160//1160 1156//1156 1153//1153
f 1151//1151 1160//1160 1153//1153
f 1158//1158 1159//1159 1161//1161
f 1161//1161 1162//1162 1158//1158
f 1163//1163 1162//1162 1161//1161
f 1161//1161 1164//1164 1163//1163
f 1164//1164 1161//1161 1159//1159
f 1165//1165 1159//1159 1160//1160
f 1159//1159 1165//1165 1164//1164
f 1166//1166 1165//1165 1160//1160
f 1166//1166 1160//1160 1151//1151
f 1158//1158 1167//1167 1157//1157
f 1167//1167 1158//1158 1168//1168
f 1162//1162 1168//1168 1158//1158
f 1168//1168 1162//1162 1169//1169
f 1163//1163 1169//1169 1162//1162
f 1165//1165 1166//1166 1170//1170
f 1170//1170 1171//1171 1165//1165
f 1171//1171 1170//1170 1172//1172
f 1173//1173 1172//1172 1170//1170
f 670//670 1172//1172 1173//1173
f 670//670 1173//1173 665//665
f 1172//1172 691//691 1171//1171
f 670//670 691//691 1172//1172
f 670//670 678//678 691//691
f 692//692 1171//1171 691//691
f 1171//1171 692//692 1174//1174
f 1174//1174 1165//1165 1171//1171
f 1164//1164 1165//1165 1174//1174
f 694//694 1174//1174 692//692
f 1174//1174 694//694 696//696
f 696//696 1175//1175 1174//1174
f 696//696 1176//1176 1175//1175
f 1176//1176 696//696 1177//1177
f 696//696 697//697 1177//1177
f 1177//1177 697//697 1178//1178
f 701//701 1178//1178 697//697
f 1179//1179 1178//1178 701//701
f 701//701 700//700 1179//1179
f 1179//1179 700//700 1180//1180
f 700//700 702//702 1180//1180
f 1180//1180 702//702 1181//1181
f 702//702 705//705 1181//1181
f 706//706 1181//1181 705//705
f 1176//1176 1182//1182 1175//1175
f 1163//1163 1175//1175 1182//1182
f 1174//1174 1175//1175 1163//1163
f 1163//1163 1164//1164 1174//1174
f 1182//1182 1169//1169 1163//1163
f 654//654 361//361 1183//1183
f 654//654 360//360 361//361
f 654//654 1183//1183 653//653
f 653//653 1183//1183 1184//1184
f 1184//1184 639//639 653//653
f 637//637 639//639 1184//1184
f 635//635 637//637 1184//1184
f 1185//1185 1184//1184 1183//1183
f 1183//1183 361//361 1185//1185
f 1186//1186 1185//1185 361//361
f 361//361 359//359 1186//1186
f 359//359 1187//1187 1186//1186
f 1188//1188 1187//1187 359//359
f 359//359 357//357 1188//1188
f 357//357 1189//1189 1188//1188
f 612//612 1188//1188 1189//1189
f 1189//1189 610//610 612//612
f 608//608 610//610 1189//1189
f 1189//1189 1190//1190 608//608
f 607//607 608//608 1190//1190
f 606//606 607//607 1190//1190
f 355//355 1190//1190 1189//1189
f 355//355 1189//1189 357//357
f 606//606 1190//1190 355//355
f 355//355 352//352 606//606
f 603//603 606//606 352//352
f 603//603 352//352 354//354
f 1188//1188 614//614 1187//1187
f 612//612 614//614 1188//1188
f 616//616 1187//1187 614//614
f 1187//1187 616//616 618//618
f 1187//1187 618//618 620//620
f 1187//1187 620//620 622//622
f 1186//1186 1187//1187 622//622
f 622//622 624//624 1186//1186
f 1186//1186 624//624 626//626
f 626//626 629//629 1186//1186
f 1185//1185 1186//1186 629//629
f 629//629 631//631 1185//1185
f 1185//1185 631//631 633//633
f 1184//1184 1185//1185 633//633
f 1184//1184 633//633 635//635
f 1191//1191 797//797 805//805
f 805//805 807//807 1191//1191
f 797//797 1191//1191 1192//1192
f 792//792 797//797 1192//1192
f 1192//1192 798//798 792//792
f 736//736 716//716 715//715
f 715//715 731//731 736//736
f 731//731 715//715 718//718
f 207//207 115//115 114//114
f 398//398 413//413 391//391
f 391//391 413//413 388//388
f 699//699 690//690 710//710
f 690//690 709//709 710//710
f 687//687 709//709 690//690
f 709//709 687//687 686//686
f 686//686 711//711 709//709
f 711//711 686//686 682//682
f 682//682 719//719 711//711
f 719//719 682//682 683//683
f 683//683 721//721 719//719
f 721//721 683//683 684//684
f 684//684 723//723 721//721
f 723//723 684//684 685//685
f 685//685 647//647 723//723
f 647//647 685//685 655//655
f 1149//1149 1166//1166 1151//1151
f 1170//1170 1166//1166 1149//1149
f 1149//1149 669//669 1170//1170
f 669//669 1173//1173 1170//1170
f 666//666 1173//1173 669//669
f 665//665 1173//1173 666//666
f 1195//1195 1194//1194 1193//1193
f 1193//1193 1196//1196 1195//1195
f 1197//1197 1196//1196 1193//1193
f 1197//1197 1198//1198 1196//1196
f 1194//1194 1195//1195 1199//1199
f 1194//1194 1199//1199 1200//1200
f 1201//1201 1200//1200 1199//1199
f 1199//1199 1202//1202 1201//1201
f 1203//1203 1201//1201 1202//1202
f 1202//1202 1204//1204 1203//1203
f 1205//1205 1203//1203 1204//1204
f 1205//1205 1204//1204 1206//1206
f 1206//1206 1204//1204 1058//1058
f 1058//1058 1204//1204 1202//1202
f 1058//1058 1057//1057 1206//1206
f 1202//1202 1014//1014 1058//1058
f 1014//1014 1202//1202 1199//1199
f 1199//1199 1013//1013 1014//1014
f 1013//1013 1199//1199 1195//1195
f 1195//1195 1012//1012 1013//1013
f 1012//1012 1195//1195 1196//1196
f 1196//1196 1011//1011 1012//1012
f 1198//1198 1011//1011 1196//1196
f 1198//1198 995//995 1011//1011
f 994//994 995//995 1198//1198
f 1198//1198 992//992 994//994
f 991//991 992//992 1198//1198
f 1198//1198 1197//1197 991//991
f 995//995 994//994 936//936
f 1068//1068 1206//1206 1057//1057
f 1068//1068 1057//1057 1066//1066
f 1066//1066 1057//1057 1055//1055
f 996//996 936//936 935//935
f 935//935 998//998 996//996
f 1004//1004 998//998 935//935
f 935//935 939//939 1004//1004
f 1004//1004 939//939 941//941
f 941//941 1034//1034 1004//1004
f 1034//1034 941//941 945//945
f 945//945 1031//1031 1034//1034
f 1031//1031 945//945 1207//1207
f 1208//1208 1207//1207 945//945
f 945//945 943//943 1208//1208
f 1209//1209 1208//1208 943//943
f 943//943 944//944 1209//1209
f 1210//1210 1209//1209 944//944
f 944//944 930//930 1210//1210
f 1211//1211 1210//1210 930//930
f 930//930 929//929 1211//1211
f 1212//1212 1211//1211 929//929
f 929//929 919//919 1212//1212
f 1212//1212 919//919 920//920
f 920//920 1213//1213 1212//1212
f 920//920 903//903 1213//1213
f 904//904 903//903 920//920
f 920//920 918//918 904//904
f 903//903 898//898 1213//1213
f 1211//1211 1212//1212 1214//1214
f 1213//1213 1214//1214 1212//1212
f 1214//1214 1215//1215 1211//1211
f 1210//1210 1211//1211 1215//1215
f 1215//1215 1216//1216 1210//1210
f 1213//1213 1217//1217 1214//1214
f 1213//1213 898//898 1217//1217
f 898//898 896//896 1217//1217
f 1216//1216 1215//1215 1103//1103
f 1215//1215 1214//1214 1103//1103
f 1103//1103 1101//1101 1216//1216
f 1218//1218 1216//1216 1101//1101
f 1216//1216 1218//1218 1209//1209
f 1209//1209 1210//1210 1216//1216
f 1208//1208 1209//1209 1218//1218
f 1218//1218 1219//1219 1208//1208
f 1207//1207 1208//1208 1219//1219
f 1219//1219 1220//1220 1207//1207
f 1030//1030 1207//1207 1220//1220
f 1207//1207 1030//1030 1031//1031
f 1220//1220 1221//1221 1030//1030
f 1035//1035 1030//1030 1221//1221
f 1221//1221 1222//1222 1035//1035
f 1037//1037 1035//1035 1222//1222
f 1222//1222 1223//1223 1037//1037
f 1037//1037 1223//1223 1224//1224
f 1037//1037 1224//1224 1039//1039
f 1042//1042 1039//1039 1224//1224
f 1224//1224 1225//1225 1042//1042
f 1042//1042 1225//1225 1044//1044
f 1226//1226 1044//1044 1225//1225
f 1046//1046 1044//1044 1226//1226
f 1046//1046 1226//1226 1227//1227
f 1227//1227 1063//1063 1046//1046
f 1063//1063 1227//1227 1228//1228
f 1228//1228 1062//1062 1063//1063
f 1062//1062 1228//1228 1229//1229
f 1229//1229 1060//1060 1062//1062
f 1060//1060 1229//1229 1230//1230
f 1230//1230 1061//1061 1060//1060
f 1061//1061 1230//1230 1231//1231
f 1231//1231 1065//1065 1061//1061
f 1067//1067 1065//1065 1231//1231
f 1069//1069 1067//1067 1231//1231
f 1069//1069 1231//1231 1074//1074
f 1074//1074 1231//1231 1230//1230
f 1230//1230 1076//1076 1074//1074
f 1076//1076 1230//1230 1229//1229
f 1229//1229 1079//1079 1076//1076
f 1081//1081 1079//1079 1229//1229
f 1229//1229 1228//1228 1081//1081
f 1083//1083 1081//1081 1228//1228
f 1228//1228 1227//1227 1083//1083
f 1085//1085 1083//1083 1227//1227
f 1227//1227 1226//1226 1085//1085
f 1226//1226 1225//1225 1085//1085
f 1225//1225 1086//1086 1085//1085
f 1225//1225 1224//1224 1086//1086
f 1088//1088 1086//1086 1224//1224
f 1224//1224 1223//1223 1088//1088
f 1091//1091 1088//1088 1223//1223
f 1223//1223 1222//1222 1091//1091
f 1093//1093 1091//1091 1222//1222
f 1222//1222 1221//1221 1093//1093
f 1095//1095 1093//1093 1221//1221
f 1221//1221 1220//1220 1095//1095
f 1097//1097 1095//1095 1220//1220
f 1220//1220 1219//1219 1097//1097
f 1099//1099 1097//1097 1219//1219
f 1219//1219 1218//1218 1099//1099
f 1101//1101 1099//1099 1218//1218
f 978//978 1233//1233 1232//1232
f 1232//1232 975//975 978//978
f 1234//1234 1232//1232 1233//1233
f 1233//1233 1235//1235 1234//1234
f 1236//1236 1234//1234 1235//1235
f 1235//1235 1237//1237 1236//1236
f 1238//1238 1236//1236 1237//1237
f 1237//1237 1239//1239 1238//1238
f 975//975 1232//1232 969//969
f 1238//1238 1239//1239 1240//1240
f 1240//1240 1241//1241 1238//1238
f 1236//1236 1238//1238 1241//1241
f 1242//1242 1241//1241 1240//1240
f 1240//1240 1243//1243 1242//1242
f 1244//1244 1242//1242 1243//1243
f 1243//1243 1245//1245 1244//1244
f 1246//1246 1244//1244 1245//1245
f 1246//1246 1247//1247 1244//1244
f 1247//1247 1246//1246 1248//1248
f 1248//1248 1249//1249 1247//1247
f 1250//1250 1249//1249 1248//1248
f 1248//1248 1251//1251 1250//1250
f 1252//1252 1250//1250 1251//1251
f 1251//1251 1253//1253 1252//1252
f 1254//1254 1252//1252 1253//1253
f 1253//1253 1255//1255 1254//1254
f 1256//1256 1254//1254 1255//1255
f 1255//1255 1257//1257 1256//1256
f 1258//1258 1256//1256 1257//1257
f 1257//1257 1259//1259 1258//1258
f 1258//1258 1259//1259 1260//1260
f 1258//1258 1260//1260 1261//1261
f 1262//1262 1247//1247 1249//1249
f 1262//1262 1263//1263 1247//1247
f 1234//1234 1263//1263 1262//1262
f 1263//1263 1234//1234 1236//1236
f 1236//1236 1264//1264 1263//1263
f 1263//1263 1264//1264 1244//1244
f 1242//1242 1244//1244 1264//1264
f 1264//1264 1241//1241 1242//1242
f 1241//1241 1264//1264 1236//1236
f 1244//1244 1247//1247 1263//1263
f 1234//1234 1262//1262 1232//1232
f 1232//1232 1262//1262 969//969
f 1262//1262 1265//1265 969//969
f 1265//1265 1266//1266 969//969
f 967//967 969//969 1266//1266
f 1266//1266 1267//1267 967//967
f 1268//1268 1267//1267 1266//1266
f 1268//1268 1269//1269 1267//1267
f 1269//1269 964//964 1267//1267
f 1269//1269 965//965 964//964
f 1267//1267 964//964 966//966
f 966//966 967//967 1267//1267
f 1270//1270 1266//1266 1265//1265
f 1271//1271 1268//1268 1266//1266
f 1266//1266 1270//1270 1271//1271
f 1268//1268 1271//1271 1272//1272
f 1273//1273 1271//1271 1270//1270
f 1272//1272 1271//1271 1273//1273
f 1270//1270 1274//1274 1273//1273
f 1274//1274 1275//1275 1273//1273
f 1275//1275 1274//1274 1276//1276
f 1277//1277 1275//1275 1276//1276
f 1276//1276 1278//1278 1277//1277
f 1277//1277 1278//1278 1279//1279
f 1280//1280 1279//1279 1278//1278
f 1278//1278 1281//1281 1280//1280
f 1282//1282 1280//1280 1281//1281
f 1282//1282 1283//1283 1280//1280
f 1284//1284 1283//1283 1282//1282
f 1282//1282 1285//1285 1284//1284
f 1279//1279 1286//1286 1277//1277
f 1287//1287 1277//1277 1286//1286
f 1287//1287 1288//1288 1277//1277
f 1289//1289 1288//1288 1287//1287
f 1289//1289 1290//1290 1288//1288
f 1291//1291 1290//1290 1289//1289
f 1289//1289 1292//1292 1291//1291
f 1293//1293 1291//1291 1292//1292
f 1292//1292 1294//1294 1293//1293
f 1295//1295 1293//1293 1294//1294
f 1294//1294 1296//1296 1295//1295
f 1296//1296 1297//1297 1295//1295
f 1297//1297 1296//1296 1298//1298
f 1299//1299 1297//1297 1298//1298
f 1300//1300 1297//1297 1299//1299
f 1300//1300 1293//1293 1295//1295
f 1291//1291 1293//1293 1300//1300
f 1297//1297 1300//1300 1295//1295
f 1300//1300 1299//1299 1301//1301
f 1288//1288 1290//1290 1301//1301
f 1301//1301 1291//1291 1300//1300
f 1290//1290 1291//1291 1301//1301
f 1299//1299 1302//1302 1301//1301
f 1303//1303 1301//1301 1302//1302
f 1301//1301 1303//1303 1288//1288
f 1304//1304 1303//1303 1302//1302
f 1303//1303 1304//1304 1305//1305
f 1304//1304 1306//1306 1305//1305
f 1305//1305 1306//1306 1307//1307
f 1307//1307 1308//1308 1305//1305
f 1277//1277 1303//1303 1305//1305
f 1277//1277 1288//1288 1303//1303
f 1275//1275 1277//1277 1305//1305
f 1305//1305 1308//1308 1275//1275
f 1275//1275 1308//1308 1309//1309
f 1310//1310 1309//1309 1308//1308
f 1309//1309 1310//1310 1311//1311
f 1312//1312 1311//1311 1310//1310
f 1309//1309 1273//1273 1275//1275
f 1309//1309 1272//1272 1273//1273
f 1311//1311 1313//1313 1309//1309
f 1313//1313 1272//1272 1309//1309
f 1313//1313 1314//1314 1272//1272
f 1315//1315 1314//1314 1313//1313
f 1315//1315 1316//1316 1314//1314
f 1315//1315 1317//1317 1316//1316
f 1317//1317 1318//1318 1316//1316
f 1319//1319 1318//1318 1317//1317
f 1318//1318 1319//1319 1320//1320
f 1319//1319 1321//1321 1320//1320
f 1322//1322 1320//1320 1321//1321
f 1321//1321 1323//1323 1322//1322
f 1322//1322 1323//1323 1324//1324
f 1323//1323 1325//1325 1324//1324
f 1324//1324 1325//1325 1326//1326
f 1325//1325 1327//1327 1326//1326
f 1326//1326 1327//1327 1328//1328
f 1327//1327 1329//1329 1328//1328
f 1328//1328 1329//1329 1330//1330
f 1329//1329 1331//1331 1330//1330
f 1330//1330 1331//1331 1332//1332
f 1331//1331 1333//1333 1332//1332
f 1332//1332 1333//1333 1334//1334
f 1333//1333 1335//1335 1334//1334
f 1334//1334 1335//1335 1336//1336
f 1336//1336 1337//1337 1334//1334
f 1338//1338 1337//1337 1336//1336
f 1336//1336 1339//1339 1338//1338
f 1338//1338 1339//1339 1340//1340
f 1339//1339 1341//1341 1340//1340
f 1340//1340 1341//1341 1342//1342
f 1341//1341 1343//1343 1342//1342
f 1342//1342 1343//1343 1344//1344
f 1344//1344 1345//1345 1342//1342
f 1333//1333 1331//1331 1346//1346
f 1347//1347 1346//1346 1331//1331
f 1346//1346 1347//1347 1348//1348
f 1349//1349 1348//1348 1347//1347
f 1348//1348 1349//1349 1350//1350
f 1351//1351 1350//1350 1349//1349
f 1351//1351 1352//1352 1350//1350
f 1352//1352 1351//1351 1353//1353
f 1354//1354 1353//1353 1351//1351
f 1355//1355 1353//1353 1354//1354
f 1354//1354 1356//1356 1355//1355
f 1353//1353 1355//1355 1357//1357
f 1357//1357 1358//1358 1353//1353
f 1358//1358 1352//1352 1353//1353
f 1352//1352 1359//1359 1350//1350
f 1350//1350 1359//1359 1360//1360
f 1350//1350 1360//1360 1348//1348
f 1359//1359 1361//1361 1360//1360
f 1362//1362 1352//1352 1358//1358
f 1352//1352 1362//1362 1359//1359
f 1363//1363 1359//1359 1362//1362
f 1359//1359 1363//1363 1361//1361
f 1363//1363 1364//1364 1361//1361
f 1360//1360 1361//1361 1365//1365
f 1361//1361 1366//1366 1365//1365
f 1361//1361 1364//1364 1366//1366
f 1364//1364 1367//1367 1366//1366
f 1368//1368 1355//1355 1356//1356
f 1356//1356 1369//1369 1368//1368
f 1370//1370 1355//1355 1368//1368
f 1357//1357 1355//1355 1370//1370
f 1371//1371 1368//1368 1369//1369
f 1371//1371 1369//1369 1372//1372
f 1371//1371 1372//1372 1373//1373
f 1373//1373 1372//1372 1374//1374
f 1375//1375 1371//1371 1373//1373
f 1376//1376 1371//1371 1375//1375
f 1376//1376 1368//1368 1371//1371
f 1376//1376 1370//1370 1368//1368
f 1366//1366 1367//1367 1377//1377
f 1367//1367 1378//1378 1377//1377
f 1377//1377 1378//1378 1379//1379
f 1378//1378 1380//1380 1379//1379
f 1379//1379 1380//1380 1381//1381
f 1379//1379 1381//1381 1382//1382
f 1383//1383 1379//1379 1382//1382
f 1377//1377 1379//1379 1383//1383
f 1380//1380 1384//1384 1381//1381
f 1381//1381 1385//1385 1382//1382
f 1381//1381 1386//1386 1385//1385
f 1387//1387 1386//1386 1381//1381
f 1381//1381 1384//1384 1387//1387
f 1385//1385 1386//1386 1388//1388
f 1386//1386 1387//1387 1388//1388
f 1388//1388 1389//1389 1385//1385
f 1390//1390 1388//1388 1387//1387
f 1391//1391 1388//1388 1390//1390
f 1383//1383 1382//1382 1392//1392
f 1392//1392 1393//1393 1383//1383
f 1394//1394 1383//1383 1393//1393
f 1393//1393 1395//1395 1394//1394
f 1365//1365 1394//1394 1395//1395
f 1396//1396 1365//1365 1395//1395
f 1360//1360 1365//1365 1396//1396
f 1396//1396 1348//1348 1360//1360
f 1385//1385 1389//1389 1397//1397
f 1397//1397 1398//1398 1385//1385
f 1398//1398 1392//1392 1382//1382
f 1382//1382 1385//1385 1398//1398
f 1391//1391 1390//1390 1399//1399
f 1400//1400 1399//1399 1390//1390
f 1399//1399 1400//1400 1401//1401
f 1400//1400 1402//1402 1401//1401
f 1401//1401 1402//1402 1403//1403
f 1403//1403 1404//1404 1401//1401
f 1404//1404 1403//1403 1405//1405
f 1405//1405 1406//1406 1404//1404
f 1406//1406 1405//1405 1407//1407
f 1407//1407 1408//1408 1406//1406
f 1408//1408 1407//1407 1409//1409
f 1409//1409 1410//1410 1408//1408
f 1410//1410 1409//1409 1411//1411
f 1411//1411 1412//1412 1410//1410
f 1412//1412 1411//1411 1413//1413
f 1413//1413 1414//1414 1412//1412
f 1414//1414 1413//1413 1415//1415
f 1415//1415 1416//1416 1414//1414
f 1416//1416 1415//1415 1417//1417
f 1417//1417 1418//1418 1416//1416
f 1418//1418 1417//1417 1419//1419
f 1419//1419 1420//1420 1418//1418
f 1420//1420 1419//1419 1421//1421
f 1421//1421 1422//1422 1420//1420
f 1422//1422 1421//1421 1423//1423
f 1423//1423 1421//1421 1424//1424
f 1423//1423 1424//1424 1425//1425
f 1425//1425 1424//1424 1426//1426
f 1425//1425 1426//1426 1427//1427
f 1428//1428 1427//1427 1426//1426
f 1427//1427 1428//1428 1429//1429
f 1430//1430 1429//1429 1428//1428
f 1429//1429 1430//1430 1431//1431
f 1432//1432 1431//1431 1430//1430
f 1433//1433 1431//1431 1432//1432
f 1432//1432 1434//1434 1433//1433
f 1433//1433 1434//1434 1435//1435
f 1436//1436 1435//1435 1434//1434
f 1437//1437 1435//1435 1436//1436
f 1437//1437 1436//1436 1438//1438
f 1437//1437 1438//1438 1439//1439
f 1439//1439 1440//1440 1437//1437
f 1441//1441 1440//1440 1439//1439
f 1439//1439 1442//1442 1441//1441
f 1441//1441 1443//1443 1440//1440
f 1443//1443 1444//1444 1440//1440
f 1445//1445 1440//1440 1444//1444
f 1445//1445 1437//1437 1440//1440
f 1444//1444 1446//1446 1445//1445
f 1447//1447 1438//1438 1436//1436
f 1436//1436 1448//1448 1447//1447
f 1448//1448 1436//1436 1434//1434
f 1449//1449 1447//1447 1448//1448
f 1450//1450 1447//1447 1449//1449
f 1442//1442 1439//1439 1450//1450
f 1447//1447 1450//1450 1438//1438
f 1439//1439 1438//1438 1450//1450
f 1450//1450 1449//1449 1451//1451
f 1451//1451 1449//1449 1452//1452
f 1451//1451 1452//1452 1453//1453
f 1453//1453 1452//1452 1454//1454
f 1454//1454 1452//1452 1455//1455
f 1455//1455 1456//1456 1454//1454
f 1454//1454 1456//1456 1457//1457
f 1458//1458 1457//1457 1456//1456
f 1457//1457 1458//1458 1387//1387
f 1387//1387 1458//1458 1390//1390
f 1459//1459 1455//1455 1452//1452
f 1452//1452 1449//1449 1459//1459
f 1457//1457 1387//1387 1384//1384
f 1384//1384 1460//1460 1457//1457
f 1454//1454 1457//1457 1460//1460
f 1380//1380 1460//1460 1384//1384
f 1461//1461 1460//1460 1380//1380
f 1462//1462 1461//1461 1380//1380
f 1380//1380 1378//1378 1462//1462
f 1463//1463 1462//1462 1378//1378
f 1378//1378 1367//1367 1463//1463
f 1464//1464 1463//1463 1367//1367
f 1367//1367 1364//1364 1464//1464
f 1465//1465 1464//1464 1364//1364
f 1364//1364 1363//1363 1465//1465
f 1466//1466 1465//1465 1363//1363
f 1363//1363 1362//1362 1466//1466
f 1466//1466 1362//1362 1467//1467
f 1467//1467 1362//1362 1358//1358
f 1468//1468 1467//1467 1358//1358
f 1358//1358 1357//1357 1468//1468
f 1469//1469 1468//1468 1357//1357
f 1357//1357 1370//1370 1469//1469
f 1470//1470 1469//1469 1370//1370
f 1370//1370 1376//1376 1470//1470
f 1470//1470 1376//1376 1375//1375
f 1471//1471 1470//1470 1375//1375
f 1472//1472 1471//1471 1375//1375
f 1375//1375 1473//1473 1472//1472
f 1473//1473 1375//1375 1474//1474
f 1473//1473 1474//1474 1475//1475
f 1476//1476 1475//1475 1474//1474
f 1474//1474 1477//1477 1476//1476
f 1475//1475 1478//1478 1473//1473
f 1476//1476 1477//1477 1479//1479
f 1476//1476 1479//1479 1480//1480
f 1481//1481 1480//1480 1479//1479
f 1480//1480 1481//1481 1482//1482
f 1483//1483 1482//1482 1481//1481
f 1481//1481 1484//1484 1483//1483
f 1483//1483 1484//1484 1485//1485
f 1483//1483 1485//1485 1486//1486
f 1487//1487 1486//1486 1485//1485
f 1485//1485 1488//1488 1487//1487
f 1489//1489 1487//1487 1488//1488
f 1488//1488 1490//1490 1489//1489
f 1491//1491 1489//1489 1490//1490
f 1490//1490 1492//1492 1491//1491
f 1491//1491 1492//1492 1493//1493
f 1493//1493 1490//1490 1488//1488
f 1492//1492 1490//1490 1493//1493
f 1491//1491 1493//1493 1494//1494
f 1493//1493 1495//1495 1494//1494
f 1495//1495 1493//1493 1488//1488
f 1494//1494 1495//1495 1496//1496
f 1496//1496 1495//1495 1497//1497
f 1496//1496 1497//1497 1498//1498
f 1499//1499 1498//1498 1497//1497
f 1498//1498 1499//1499 1500//1500
f 1501//1501 1500//1500 1499//1499
f 1500//1500 1501//1501 1502//1502
f 1503//1503 1502//1502 1501//1501
f 1503//1503 1504//1504 1502//1502
f 1505//1505 1504//1504 1503//1503
f 1504//1504 1505//1505 1506//1506
f 1507//1507 1506//1506 1505//1505
f 1505//1505 1508//1508 1507//1507
f 1503//1503 1508//1508 1505//1505
f 1507//1507 1508//1508 1509//1509
f 1509//1509 1503//1503 1501//1501
f 1509//1509 1508//1508 1503//1503
f 1507//1507 1509//1509 1510//1510
f 1511//1511 1510//1510 1509//1509
f 1509//1509 1312//1312 1511//1511
f 1499//1499 1497//1497 1512//1512
f 1513//1513 1512//1512 1497//1497
f 1514//1514 1512//1512 1513//1513
f 1513//1513 1515//1515 1514//1514
f 1515//1515 1516//1516 1514//1514
f 1515//1515 1513//1513 1485//1485
f 1485//1485 1517//1517 1515//1515
f 1517//1517 1485//1485 1484//1484
f 1484//1484 1374//1374 1517//1517
f 1518//1518 1517//1517 1374//1374
f 1518//1518 1516//1516 1515//1515
f 1515//1515 1517//1517 1518//1518
f 1374//1374 1372//1372 1518//1518
f 1519//1519 1518//1518 1372//1372
f 1372//1372 1369//1369 1519//1519
f 1520//1520 1519//1519 1369//1369
f 1369//1369 1356//1356 1520//1520
f 1521//1521 1520//1520 1356//1356
f 1356//1356 1354//1354 1521//1521
f 1521//1521 1354//1354 1522//1522
f 1351//1351 1522//1522 1354//1354
f 1349//1349 1522//1522 1351//1351
f 1374//1374 1484//1484 1481//1481
f 1374//1374 1481//1481 1479//1479
f 1374//1374 1479//1479 1373//1373
f 1373//1373 1479//1479 1477//1477
f 1477//1477 1474//1474 1373//1373
f 1474//1474 1375//1375 1373//1373
f 1523//1523 1519//1519 1520//1520
f 1519//1519 1523//1523 1524//1524
f 1518//1518 1519//1519 1524//1524
f 1524//1524 1516//1516 1518//1518
f 1521//1521 1522//1522 1525//1525
f 1525//1525 1526//1526 1521//1521
f 1526//1526 1523//1523 1520//1520
f 1520//1520 1521//1521 1526//1526
f 1516//1516 1524//1524 1319//1319
f 1319//1319 1317//1317 1516//1516
f 1514//1514 1516//1516 1317//1317
f 1317//1317 1527//1527 1514//1514
f 1528//1528 1514//1514 1527//1527
f 1512//1512 1514//1514 1528//1528
f 1524//1524 1523//1523 1321//1321
f 1321//1321 1319//1319 1524//1524
f 1323//1323 1321//1321 1523//1523
f 1523//1523 1526//1526 1323//1323
f 1526//1526 1525//1525 1325//1325
f 1325//1325 1323//1323 1526//1526
f 1327//1327 1325//1325 1525//1525
f 1525//1525 1529//1529 1327//1327
f 1529//1529 1525//1525 1522//1522
f 1522//1522 1349//1349 1529//1529
f 1347//1347 1529//1529 1349//1349
f 1529//1529 1347//1347 1329//1329
f 1329//1329 1327//1327 1529//1529
f 1331//1331 1329//1329 1347//1347
f 1527//1527 1530//1530 1528//1528
f 1527//1527 1315//1315 1530//1530
f 1313//1313 1530//1530 1315//1315
f 1315//1315 1527//1527 1317//1317
f 1530//1530 1313//1313 1311//1311
f 1501//1501 1530//1530 1311//1311
f 1528//1528 1530//1530 1501//1501
f 1499//1499 1528//1528 1501//1501
f 1512//1512 1528//1528 1499//1499
f 1501//1501 1311//1311 1509//1509
f 1509//1509 1311//1311 1312//1312
f 1531//1531 1511//1511 1312//1312
f 1312//1312 1310//1310 1531//1531
f 1531//1531 1310//1310 1308//1308
f 1308//1308 1307//1307 1531//1531
f 1534//1534 1533//1533 1532//1532
f 1532//1532 1535//1535 1534//1534
f 1532//1532 1533//1533 1536//1536
f 1536//1536 1537//1537 1532//1532
f 1536//1536 1538//1538 1537//1537
f 1537//1537 1538//1538 1539//1539
f 1537//1537 1539//1539 1532//1532
f 1539//1539 1538//1538 1540//1540
f 1539//1539 1540//1540 1285//1285
f 1285//1285 1532//1532 1539//1539
f 1285//1285 1535//1535 1532//1532
f 1284//1284 1285//1285 1540//1540
f 1285//1285 1541//1541 1535//1535
f 1282//1282 1541//1541 1285//1285
f 1534//1534 1535//1535 1542//1542
f 1541//1541 1542//1542 1535//1535
f 1542//1542 1541//1541 1261//1261
f 1282//1282 1261//1261 1541//1541
f 1261//1261 1260//1260 1542//1542
f 1261//1261 1282//1282 1281//1281
f 1278//1278 1261//1261 1281//1281
f 1258//1258 1261//1261 1278//1278
f 1278//1278 1276//1276 1258//1258
f 1256//1256 1258//1258 1276//1276
f 1276//1276 1274//1274 1256//1256
f 1254//1254 1256//1256 1274//1274
f 1274//1274 1270//1270 1254//1254
f 1254//1254 1270//1270 1252//1252
f 1250//1250 1252//1252 1270//1270
f 1265//1265 1250//1250 1270//1270
f 1265//1265 1249//1249 1250//1250
f 1265//1265 1262//1262 1249//1249
f 1036//1036 1038//1038 1025//1025
f 1025//1025 1038//1038 1040//1040
f 1040//1040 1023//1023 1025//1025
f 1041//1041 1023//1023 1040//1040
f 1023//1023 1041//1041 1022//1022
f 1022//1022 1041//1041 1043//1043
f 1021//1021 1022//1022 1043//1043
f 1019//1019 1021//1021 1043//1043
f 1043//1043 1045//1045 1019//1019
f 1018//1018 1019//1019 1045//1045
f 1045//1045 1047//1047 1018//1018
f 1018//1018 1047//1047 1050//1050
f 1018//1018 1050//1050 1015//1015
f 897//897 962//962 895//895
f 962//962 1543//1543 895//895
f 962//962 963//963 1543//1543
f 963//963 1544//1544 1543//1543
f 895//895 1543//1543 880//880
f 1543//1543 882//882 880//880
f 1543//1543 1544//1544 882//882
f 1544//1544 885//885 882//882
f 1544//1544 963//963 1330//1330
f 1328//1328 1330//1330 963//963
f 963//963 961//961 1328//1328
f 1326//1326 1328//1328 961//961
f 961//961 960//960 1326//1326
f 1324//1324 1326//1326 960//960
f 960//960 959//959 1324//1324
f 1322//1322 1324//1324 959//959
f 959//959 958//958 1322//1322
f 1320//1320 1322//1322 958//958
f 958//958 957//957 1320//1320
f 1318//1318 1320//1320 957//957
f 957//957 965//965 1318//1318
f 1316//1316 1318//1318 965//965
f 965//965 1269//1269 1316//1316
f 1314//1314 1316//1316 1269//1269
f 1269//1269 1268//1268 1314//1314
f 1268//1268 1272//1272 1314//1314
f 1391//1391 1546//1546 1545//1545
f 1545//1545 1546//1546 1547//1547
f 1547//1547 1548//1548 1545//1545
f 1391//1391 1549//1549 1546//1546
f 1550//1550 1549//1549 1391//1391
f 1399//1399 1550//1550 1391//1391
f 1551//1551 1550//1550 1399//1399
f 1399//1399 1401//1401 1551//1551
f 1404//1404 1551//1551 1401//1401
f 1404//1404 1552//1552 1551//1551
f 1406//1406 1552//1552 1404//1404
f 1406//1406 1553//1553 1552//1552
f 1553//1553 1406//1406 1408//1408
f 1553//1553 1408//1408 1554//1554
f 1410//1410 1554//1554 1408//1408
f 1410//1410 1555//1555 1554//1554
f 1412//1412 1555//1555 1410//1410
f 1412//1412 1556//1556 1555//1555
f 1414//1414 1556//1556 1412//1412
f 1414//1414 1557//1557 1556//1556
f 1416//1416 1557//1557 1414//1414
f 1416//1416 1558//1558 1557//1557
f 1418//1418 1558//1558 1416//1416
f 1418//1418 1559//1559 1558//1558
f 1560//1560 1559//1559 1418//1418
f 1418//1418 1420//1420 1560//1560
f 1561//1561 1560//1560 1420//1420
f 1420//1420 1422//1422 1561//1561
f 1562//1562 1561//1561 1422//1422
f 1422//1422 1423//1423 1562//1562
f 1563//1563 1562//1562 1423//1423
f 1423//1423 1425//1425 1563//1563
f 1427//1427 1563//1563 1425//1425
f 1563//1563 1427//1427 1564//1564
f 1429//1429 1564//1564 1427//1427
f 1429//1429 1565//1565 1564//1564
f 1566//1566 1565//1565 1429//1429
f 1429//1429 1431//1431 1566//1566
f 1567//1567 1566//1566 1431//1431
f 1431//1431 1433//1433 1567//1567
f 1568//1568 1567//1567 1433//1433
f 1433//1433 1435//1435 1568//1568
f 1568//1568 1435//1435 1569//1569
f 1569//1569 1435//1435 1437//1437
f 1437//1437 1445//1445 1569//1569
f 1445//1445 1446//1446 1569//1569
f 1446//1446 1570//1570 1569//1569
f 1570//1570 1571//1571 1569//1569
f 1569//1569 1571//1571 1568//1568
f 1570//1570 1572//1572 1571//1571
f 1573//1573 1570//1570 1446//1446
f 1573//1573 1446//1446 1444//1444
f 1444//1444 1574//1574 1573//1573
f 1573//1573 1574//1574 1575//1575
f 1576//1576 1575//1575 1574//1574
f 1575//1575 1576//1576 1577//1577
f 1577//1577 1578//1578 1575//1575
f 1579//1579 1576//1576 1574//1574
f 1580//1580 1579//1579 1574//1574
f 1580//1580 1574//1574 1444//1444
f 1579//1579 1581//1581 1576//1576
f 1581//1581 1577//1577 1576//1576
f 1575//1575 1582//1582 1573//1573
f 1578//1578 1582//1582 1575//1575
f 1583//1583 1573//1573 1582//1582
f 1573//1573 1583//1583 1570//1570
f 1583//1583 1572//1572 1570//1570
f 1584//1584 1583//1583 1582//1582
f 1572//1572 1583//1583 1584//1584
f 1582//1582 1585//1585 1584//1584
f 1586//1586 1585//1585 1582//1582
f 1582//1582 1587//1587 1586//1586
f 1587//1587 1582//1582 1578//1578
f 1588//1588 1577//1577 1581//1581
f 1578//1578 1577//1577 1588//1588
f 1581//1581 1589//1589 1588//1588
f 1589//1589 1590//1590 1588//1588
f 1591//1591 1588//1588 1590//1590
f 1591//1591 1592//1592 1588//1588
f 1592//1592 1593//1593 1588//1588
f 1588//1588 1593//1593 1578//1578
f 1587//1587 1578//1578 1593//1593
f 1592//1592 1594//1594 1593//1593
f 1593//1593 1594//1594 1587//1587
f 1595//1595 1594//1594 1592//1592
f 1594//1594 1595//1595 1596//1596
f 1596//1596 1597//1597 1594//1594
f 1597//1597 1586//1586 1587//1587
f 1587//1587 1594//1594 1597//1597
f 1598//1598 1591//1591 1590//1590
f 1590//1590 1599//1599 1598//1598
f 1600//1600 1598//1598 1599//1599
f 1600//1600 1601//1601 1598//1598
f 1601//1601 1602//1602 1598//1598
f 1598//1598 1602//1602 1591//1591
f 1602//1602 1592//1592 1591//1591
f 1599//1599 1603//1603 1600//1600
f 1602//1602 1601//1601 1604//1604
f 1604//1604 1605//1605 1602//1602
f 1592//1592 1602//1602 1605//1605
f 1605//1605 1595//1595 1592//1592
f 1605//1605 1604//1604 1606//1606
f 1606//1606 1607//1607 1605//1605
f 1607//1607 1596//1596 1595//1595
f 1605//1605 1607//1607 1595//1595
f 1603//1603 1608//1608 1600//1600
f 1609//1609 1600//1600 1608//1608
f 1608//1608 1610//1610 1609//1609
f 1611//1611 1609//1609 1610//1610
f 1611//1611 1612//1612 1609//1609
f 1612//1612 1613//1613 1609//1609
f 1609//1609 1613//1613 1600//1600
f 1613//1613 1601//1601 1600//1600
f 1610//1610 1614//1614 1611//1611
f 1615//1615 1611//1611 1614//1614
f 1616//1616 1611//1611 1615//1615
f 1616//1616 1612//1612 1611//1611
f 1612//1612 1616//1616 1617//1617
f 1618//1618 1613//1613 1612//1612
f 1613//1613 1618//1618 1601//1601
f 1618//1618 1604//1604 1601//1601
f 1618//1618 1619//1619 1604//1604
f 1619//1619 1606//1606 1604//1604
f 1620//1620 1614//1614 1610//1610
f 1610//1610 1621//1621 1620//1620
f 1621//1621 1610//1610 1608//1608
f 1622//1622 1620//1620 1621//1621
f 1621//1621 1623//1623 1622//1622
f 1623//1623 1621//1621 1624//1624
f 1624//1624 1625//1625 1623//1623
f 1626//1626 1623//1623 1625//1625
f 1625//1625 1627//1627 1626//1626
f 1623//1623 1626//1626 1628//1628
f 1628//1628 1622//1622 1623//1623
f 1627//1627 1625//1625 1629//1629
f 1629//1629 1625//1625 1630//1630
f 1629//1629 1630//1630 1631//1631
f 1631//1631 1630//1630 1632//1632
f 1630//1630 1633//1633 1632//1632
f 1625//1625 1624//1624 1633//1633
f 1633//1633 1630//1630 1625//1625
f 1632//1632 1633//1633 1634//1634
f 1631//1631 1632//1632 1635//1635
f 1635//1635 1632//1632 1636//1636
f 1632//1632 1634//1634 1636//1636
f 1635//1635 1636//1636 1637//1637
f 1637//1637 1636//1636 1638//1638
f 1636//1636 1639//1639 1638//1638
f 1636//1636 1634//1634 1639//1639
f 1638//1638 1639//1639 1640//1640
f 1637//1637 1638//1638 1641//1641
f 1641//1641 1638//1638 1642//1642
f 1638//1638 1640//1640 1642//1642
f 1641//1641 1642//1642 1643//1643
f 1643//1643 1644//1644 1641//1641
f 1645//1645 1643//1643 1642//1642
f 1642//1642 1646//1646 1645//1645
f 1642//1642 1640//1640 1646//1646
f 1644//1644 1643//1643 1647//1647
f 1647//1647 1648//1648 1644//1644
f 1643//1643 1645//1645 1649//1649
f 1649//1649 1647//1647 1643//1643
f 1650//1650 1644//1644 1648//1648
f 1648//1648 1651//1651 1650//1650
f 1652//1652 1650//1650 1651//1651
f 1653//1653 1652//1652 1651//1651
f 1652//1652 1653//1653 1654//1654
f 1652//1652 1654//1654 1655//1655
f 1655//1655 1656//1656 1652//1652
f 1650//1650 1652//1652 1656//1656
f 1654//1654 1653//1653 1657//1657
f 1656//1656 1658//1658 1650//1650
f 1644//1644 1650//1650 1658//1658
f 1656//1656 1655//1655 1659//1659
f 1659//1659 1660//1660 1656//1656
f 1660//1660 1659//1659 1661//1661
f 1662//1662 1661//1661 1659//1659
f 1661//1661 1663//1663 1660//1660
f 1664//1664 1660//1660 1663//1663
f 1658//1658 1656//1656 1664//1664
f 1660//1660 1664//1664 1656//1656
f 1661//1661 1662//1662 1665//1665
f 1662//1662 1666//1666 1665//1665
f 1665//1665 1666//1666 1667//1667
f 1667//1667 1668//1668 1665//1665
f 1669//1669 1665//1665 1668//1668
f 1663//1663 1661//1661 1669//1669
f 1661//1661 1665//1665 1669//1669
f 1668//1668 1670//1670 1669//1669
f 1668//1668 1667//1667 1671//1671
f 1670//1670 1668//1668 1671//1671
f 1672//1672 1671//1671 1667//1667
f 1671//1671 1672//1672 1673//1673
f 1674//1674 1673//1673 1672//1672
f 1675//1675 1671//1671 1673//1673
f 1671//1671 1675//1675 1670//1670
f 1673//1673 1676//1676 1675//1675
f 1673//1673 1677//1677 1676//1676
f 1677//1677 1673//1673 1674//1674
f 1664//1664 1663//1663 1635//1635
f 1635//1635 1637//1637 1664//1664
f 1658//1658 1664//1664 1637//1637
f 1637//1637 1641//1641 1658//1658
f 1658//1658 1641//1641 1644//1644
f 1669//1669 1670//1670 1629//1629
f 1629//1629 1631//1631 1669//1669
f 1631//1631 1635//1635 1663//1663
f 1663//1663 1669//1669 1631//1631
f 1675//1675 1676//1676 1627//1627
f 1670//1670 1675//1675 1627//1627
f 1627//1627 1629//1629 1670//1670
f 1676//1676 1626//1626 1627//1627
f 1626//1626 1676//1676 1677//1677
f 1677//1677 1628//1628 1626//1626
f 1680//1680 1679//1679 1678//1678
f 1678//1678 1343//1343 1680//1680
f 1679//1679 1680//1680 1548//1548
f 1548//1548 1547//1547 1679//1679
f 1678//1678 1344//1344 1343//1343
f 1681//1681 1680//1680 1343//1343
f 1343//1343 1341//1341 1681//1681
f 1682//1682 1681//1681 1341//1341
f 1681//1681 1682//1682 1398//1398
f 1392//1392 1398//1398 1682//1682
f 1392//1392 1682//1682 1683//1683
f 1393//1393 1392//1392 1683//1683
f 1683//1683 1684//1684 1393//1393
f 1395//1395 1393//1393 1684//1684
f 1684//1684 1685//1685 1395//1395
f 1396//1396 1395//1395 1685//1685
f 1685//1685 1346//1346 1396//1396
f 1348//1348 1396//1396 1346//1346
f 1398//1398 1397//1397 1681//1681
f 1346//1346 1685//1685 1333//1333
f 1685//1685 1684//1684 1335//1335
f 1335//1335 1333//1333 1685//1685
f 1684//1684 1683//1683 1336//1336
f 1336//1336 1335//1335 1684//1684
f 1683//1683 1682//1682 1339//1339
f 1339//1339 1336//1336 1683//1683
f 1341//1341 1339//1339 1682//1682
f 1397//1397 1548//1548 1680//1680
f 1680//1680 1681//1681 1397//1397
f 1548//1548 1397//1397 1389//1389
f 1389//1389 1545//1545 1548//1548
f 1389//1389 1388//1388 1545//1545
f 1388//1388 1391//1391 1545//1545
f 1687//1687 866//866 1686//1686
f 867//867 1686//1686 866//866
f 859//859 866//866 1687//1687
f 1687//1687 860//860 859//859
f 1687//1687 1686//1686 1688//1688
f 1689//1689 1688//1688 1686//1686
f 1688//1688 1690//1690 1687//1687
f 860//860 1687//1687 1690//1690
f 1686//1686 867//867 1691//1691
f 1691//1691 1689//1689 1686//1686
f 1692//1692 1691//1691 867//867
f 867//867 868//868 1692//1692
f 1692//1692 868//868 892//892
f 892//892 868//868 870//870
f 1690//1690 1693//1693 860//860
f 1693//1693 1694//1694 860//860
f 1694//1694 862//862 860//860
f 862//862 1694//1694 1695//1695
f 1695//1695 1696//1696 862//862
f 861//861 862//862 1696//1696
f 1697//1697 861//861 1696//1696
f 857//857 861//861 1697//1697
f 1697//1697 856//856 857//857
f 1698//1698 1695//1695 1694//1694
f 1694//1694 1693//1693 1698//1698
f 1690//1690 1698//1698 1693//1693
f 1698//1698 1690//1690 1699//1699
f 1688//1688 1699//1699 1690//1690
f 1699//1699 1688//1688 1700//1700
f 1701//1701 1700//1700 1688//1688
f 1688//1688 1689//1689 1701//1701
f 1701//1701 1689//1689 1691//1691
f 1691//1691 1702//1702 1701//1701
f 1703//1703 1702//1702 1691//1691
f 1692//1692 1703//1703 1691//1691
f 1703//1703 1692//1692 1704//1704
f 1692//1692 892//892 1704//1704
f 1704//1704 892//892 893//893
f 892//892 870//870 872//872
f 1214//1214 1105//1105 1103//1103
f 1217//1217 1105//1105 1214//1214
f 1217//1217 1109//1109 1105//1105
f 1217//1217 896//896 1109//1109
f 896//896 881//881 1109//1109
f 1705//1705 1473//1473 1478//1478
f 1705//1705 1472//1472 1473//1473
f 1706//1706 1472//1472 1705//1705
f 1472//1472 1706//1706 1707//1707
f 1707//1707 1706//1706 1708//1708
f 1708//1708 1709//1709 1707//1707
f 1710//1710 1707//1707 1709//1709
f 1710//1710 1709//1709 1711//1711
f 1709//1709 1712//1712 1711//1711
f 1713//1713 1709//1709 1708//1708
f 1709//1709 1713//1713 1712//1712
f 1707//1707 1710//1710 1471//1471
f 1471//1471 1472//1472 1707//1707
f 1714//1714 1471//1471 1710//1710
f 1715//1715 1471//1471 1714//1714
f 1715//1715 1470//1470 1471//1471
f 1716//1716 1715//1715 1714//1714
f 1716//1716 1714//1714 1717//1717
f 1469//1469 1470//1470 1715//1715
f 1469//1469 1715//1715 1716//1716
f 1468//1468 1469//1469 1716//1716
f 1716//1716 1718//1718 1468//1468
f 1467//1467 1468//1468 1718//1718
f 1718//1718 1719//1719 1467//1467
f 1719//1719 1466//1466 1467//1467
f 1720//1720 1466//1466 1719//1719
f 1465//1465 1466//1466 1720//1720
f 1720//1720 1721//1721 1465//1465
f 1464//1464 1465//1465 1721//1721
f 1721//1721 1722//1722 1464//1464
f 1463//1463 1464//1464 1722//1722
f 1722//1722 1723//1723 1463//1463
f 1462//1462 1463//1463 1723//1723
f 1723//1723 1724//1724 1462//1462
f 1461//1461 1462//1462 1724//1724
f 1724//1724 1725//1725 1461//1461
f 1725//1725 1726//1726 1461//1461
f 1461//1461 1726//1726 1460//1460
f 1460//1460 1726//1726 1454//1454
f 1720//1720 1719//1719 1727//1727
f 1728//1728 1727//1727 1719//1719
f 1719//1719 1718//1718 1728//1728
f 1722//1722 1721//1721 1729//1729
f 1730//1730 1729//1729 1721//1721
f 1727//1727 1730//1730 1720//1720
f 1721//1721 1720//1720 1730//1730
f 1728//1728 1718//1718 1731//1731
f 1732//1732 1728//1728 1731//1731
f 1732//1732 1731//1731 1733//1733
f 1733//1733 1734//1734 1732//1732
f 1453//1453 1726//1726 1725//1725
f 1454//1454 1726//1726 1453//1453
f 1735//1735 1727//1727 1728//1728
f 1727//1727 1735//1735 1730//1730
f 1736//1736 1729//1729 1730//1730
f 1736//1736 1730//1730 1735//1735
f 1737//1737 1729//1729 1736//1736
f 1729//1729 1737//1737 1722//1722
f 1723//1723 1722//1722 1737//1737
f 1737//1737 1738//1738 1723//1723
f 1724//1724 1723//1723 1738//1738
f 1738//1738 1739//1739 1724//1724
f 1725//1725 1724//1724 1739//1739
f 1725//1725 1740//1740 1453//1453
f 1739//1739 1740//1740 1725//1725
f 1736//1736 1741//1741 1737//1737
f 1741//1741 1738//1738 1737//1737
f 1739//1739 1738//1738 1741//1741
f 1741//1741 1742//1742 1739//1739
f 1742//1742 1453//1453 1740//1740
f 1742//1742 1740//1740 1739//1739
f 1453//1453 1742//1742 1451//1451
f 1741//1741 1736//1736 1743//1743
f 1743//1743 1744//1744 1741//1741
f 1745//1745 1742//1742 1741//1741
f 1741//1741 1744//1744 1745//1745
f 1742//1742 1746//1746 1451//1451
f 1745//1745 1746//1746 1742//1742
f 1746//1746 1450//1450 1451//1451
f 1744//1744 1743//1743 1747//1747
f 1748//1748 1747//1747 1743//1743
f 1748//1748 1749//1749 1747//1747
f 1750//1750 1749//1749 1748//1748
f 1748//1748 1751//1751 1750//1750
f 1752//1752 1750//1750 1751//1751
f 1751//1751 1753//1753 1752//1752
f 1754//1754 1749//1749 1750//1750
f 1750//1750 1755//1755 1754//1754
f 1752//1752 1755//1755 1750//1750
f 1756//1756 1754//1754 1755//1755
f 1757//1757 1754//1754 1756//1756
f 1756//1756 1758//1758 1757//1757
f 1749//1749 1754//1754 1759//1759
f 1759//1759 1754//1754 1757//1757
f 1757//1757 1760//1760 1759//1759
f 1755//1755 1752//1752 1761//1761
f 1761//1761 1752//1752 1753//1753
f 1755//1755 1761//1761 1762//1762
f 1762//1762 1761//1761 1763//1763
f 1764//1764 1763//1763 1761//1761
f 1753//1753 1764//1764 1761//1761
f 1765//1765 1749//1749 1759//1759
f 1759//1759 1766//1766 1765//1765
f 1766//1766 1759//1759 1760//1760
f 1767//1767 1765//1765 1766//1766
f 1765//1765 1767//1767 1768//1768
f 1768//1768 1747//1747 1765//1765
f 1767//1767 1769//1769 1768//1768
f 1766//1766 1770//1770 1767//1767
f 1769//1769 1767//1767 1770//1770
f 1770//1770 1771//1771 1769//1769
f 1770//1770 1766//1766 1772//1772
f 1760//1760 1772//1772 1766//1766
f 1772//1772 1773//1773 1770//1770
f 1771//1771 1770//1770 1773//1773
f 1773//1773 1774//1774 1771//1771
f 1749//1749 1765//1765 1747//1747
f 1774//1774 1441//1441 1771//1771
f 1774//1774 1443//1443 1441//1441
f 1771//1771 1442//1442 1769//1769
f 1771//1771 1441//1441 1442//1442
f 1648//1648 1773//1773 1772//1772
f 1651//1651 1648//1648 1772//1772
f 1772//1772 1760//1760 1651//1651
f 1653//1653 1651//1651 1760//1760
f 1760//1760 1757//1757 1653//1653
f 1657//1657 1653//1653 1757//1757
f 1757//1757 1758//1758 1657//1657
f 1648//1648 1647//1647 1773//1773
f 1774//1774 1773//1773 1647//1647
f 1647//1647 1649//1649 1774//1774
f 1443//1443 1774//1774 1649//1649
f 1649//1649 1580//1580 1443//1443
f 1649//1649 1645//1645 1580//1580
f 1645//1645 1579//1579 1580//1580
f 1579//1579 1645//1645 1646//1646
f 1646//1646 1581//1581 1579//1579
f 1646//1646 1589//1589 1581//1581
f 1640//1640 1589//1589 1646//1646
f 1640//1640 1590//1590 1589//1589
f 1639//1639 1590//1590 1640//1640
f 1639//1639 1599//1599 1590//1590
f 1634//1634 1599//1599 1639//1639
f 1599//1599 1634//1634 1633//1633
f 1633//1633 1603//1603 1599//1599
f 1603//1603 1633//1633 1624//1624
f 1624//1624 1608//1608 1603//1603
f 1608//1608 1624//1624 1621//1621
f 1444//1444 1443//1443 1580//1580
f 1777//1777 1776//1776 1775//1775
f 1775//1775 1778//1778 1777//1777
f 1776//1776 1777//1777 1779//1779
f 1779//1779 1780//1780 1776//1776
f 1781//1781 1780//1780 1779//1779
f 1779//1779 1782//1782 1781//1781
f 1775//1775 1735//1735 1778//1778
f 1735//1735 1783//1783 1778//1778
f 1778//1778 1783//1783 1784//1784
f 1784//1784 1785//1785 1778//1778
f 1777//1777 1778//1778 1785//1785
f 1735//1735 1728//1728 1783//1783
f 1785//1785 1784//1784 1786//1786
f 1786//1786 1787//1787 1785//1785
f 1782//1782 1779//1779 1787//1787
f 1787//1787 1779//1779 1777//1777
f 1777//1777 1785//1785 1787//1787
f 1787//1787 1786//1786 1788//1788
f 1788//1788 1789//1789 1787//1787
f 1787//1787 1789//1789 1782//1782
f 1781//1781 1763//1763 1780//1780
f 1764//1764 1780//1780 1763//1763
f 1780//1780 1764//1764 1753//1753
f 1753//1753 1776//1776 1780//1780
f 1776//1776 1753//1753 1751//1751
f 1751//1751 1775//1775 1776//1776
f 1790//1790 1735//1735 1775//1775
f 1790//1790 1775//1775 1751//1751
f 1736//1736 1735//1735 1790//1790
f 1790//1790 1743//1743 1736//1736
f 1751//1751 1748//1748 1790//1790
f 1743//1743 1790//1790 1748//1748
f 1791//1791 1789//1789 1788//1788
f 1788//1788 1792//1792 1791//1791
f 1789//1789 1791//1791 1793//1793
f 1789//1789 1793//1793 1782//1782
f 1782//1782 1793//1793 1794//1794
f 1794//1794 1781//1781 1782//1782
f 1781//1781 1795//1795 1763//1763
f 1781//1781 1794//1794 1795//1795
f 1763//1763 1795//1795 1796//1796
f 1763//1763 1796//1796 1762//1762
f 1796//1796 1755//1755 1762//1762
f 1797//1797 1792//1792 1788//1788
f 1797//1797 1798//1798 1792//1792
f 1799//1799 1797//1797 1788//1788
f 1788//1788 1786//1786 1799//1799
f 1799//1799 1786//1786 1784//1784
f 1784//1784 1734//1734 1799//1799
f 1734//1734 1784//1784 1783//1783
f 1783//1783 1732//1732 1734//1734
f 1783//1783 1728//1728 1732//1732
f 1800//1800 1799//1799 1734//1734
f 1734//1734 1733//1733 1800//1800
f 1800//1800 1733//1733 1801//1801
f 1802//1802 1800//1800 1801//1801
f 1800//1800 1802//1802 1803//1803
f 1803//1803 1802//1802 1804//1804
f 1804//1804 1805//1805 1803//1803
f 1806//1806 1803//1803 1805//1805
f 1805//1805 1807//1807 1806//1806
f 1806//1806 1807//1807 1808//1808
f 1808//1808 1809//1809 1806//1806
f 1809//1809 1800//1800 1803//1803
f 1803//1803 1806//1806 1809//1809
f 1804//1804 1810//1810 1805//1805
f 1811//1811 1805//1805 1810//1810
f 1812//1812 1805//1805 1811//1811
f 1805//1805 1812//1812 1807//1807
f 1813//1813 1807//1807 1812//1812
f 1813//1813 1808//1808 1807//1807
f 1800//1800 1809//1809 1799//1799
f 1799//1799 1809//1809 1808//1808
f 1808//1808 1797//1797 1799//1799
f 1798//1798 1797//1797 1808//1808
f 1808//1808 1813//1813 1798//1798
f 1814//1814 1810//1810 1804//1804
f 1804//1804 1815//1815 1814//1814
f 1814//1814 1815//1815 1816//1816
f 1816//1816 1815//1815 1817//1817
f 1817//1817 1818//1818 1816//1816
f 1818//1818 1817//1817 1819//1819
f 1819//1819 1820//1820 1818//1818
f 1814//1814 1816//1816 1821//1821
f 1819//1819 1717//1717 1820//1820
f 1717//1717 1714//1714 1820//1820
f 1820//1820 1714//1714 1710//1710
f 1820//1820 1711//1711 1818//1818
f 1711//1711 1820//1820 1710//1710
f 1818//1818 1711//1711 1712//1712
f 1712//1712 1816//1816 1818//1818
f 1821//1821 1816//1816 1712//1712
f 1712//1712 1713//1713 1821//1821
f 1802//1802 1817//1817 1815//1815
f 1804//1804 1802//1802 1815//1815
f 1801//1801 1817//1817 1802//1802
f 1817//1817 1801//1801 1819//1819
f 1717//1717 1819//1819 1733//1733
f 1819//1819 1801//1801 1733//1733
f 1731//1731 1717//1717 1733//1733
f 1731//1731 1716//1716 1717//1717
f 1731//1731 1718//1718 1716//1716
f 1459//1459 1449//1449 1822//1822
f 1448//1448 1822//1822 1449//1449
f 1823//1823 1822//1822 1448//1448
f 1448//1448 1434//1434 1823//1823
f 1823//1823 1434//1434 1432//1432
f 1432//1432 1430//1430 1823//1823
f 1822//1822 1823//1823 1824//1824
f 1824//1824 1459//1459 1822//1822
f 1459//1459 1824//1824 1825//1825
f 1825//1825 1455//1455 1459//1459
f 1826//1826 1455//1455 1825//1825
f 1455//1455 1826//1826 1827//1827
f 1456//1456 1455//1455 1827//1827
f 1827//1827 1828//1828 1456//1456
f 1827//1827 1407//1407 1828//1828
f 1407//1407 1405//1405 1828//1828
f 1405//1405 1403//1403 1828//1828
f 1828//1828 1403//1403 1829//1829
f 1403//1403 1402//1402 1829//1829
f 1829//1829 1402//1402 1400//1400
f 1456//1456 1828//1828 1458//1458
f 1828//1828 1829//1829 1458//1458
f 1458//1458 1829//1829 1400//1400
f 1400//1400 1390//1390 1458//1458
f 1409//1409 1827//1827 1826//1826
f 1409//1409 1407//1407 1827//1827
f 1411//1411 1409//1409 1826//1826
f 1826//1826 1413//1413 1411//1411
f 1415//1415 1413//1413 1826//1826
f 1826//1826 1417//1417 1415//1415
f 1417//1417 1826//1826 1825//1825
f 1825//1825 1419//1419 1417//1417
f 1825//1825 1421//1421 1419//1419
f 1825//1825 1424//1424 1421//1421
f 1424//1424 1825//1825 1824//1824
f 1824//1824 1426//1426 1424//1424
f 1824//1824 1428//1428 1426//1426
f 1428//1428 1824//1824 1823//1823
f 1428//1428 1823//1823 1430//1430
f 1488//1488 1513//1513 1495//1495
f 1513//1513 1488//1488 1485//1485
f 1497//1497 1495//1495 1513//1513
f 1330//1330 1332//1332 1544//1544
f 885//885 1544//1544 1332//1332
f 1332//1332 1334//1334 885//885
f 885//885 1334//1334 1337//1337
f 1337//1337 884//884 885//885
f 1337//1337 887//887 884//884
f 1337//1337 1338//1338 887//887
f 889//889 887//887 1338//1338
f 1338//1338 1340//1340 889//889
f 891//891 889//889 1340//1340
f 1340//1340 1342//1342 891//891
f 894//894 891//891 1342//1342
f 1342//1342 1345//1345 894//894
f 1747//1747 1768//1768 1744//1744
f 1745//1745 1744//1744 1768//1768
f 1768//1768 1769//1769 1745//1745
f 1769//1769 1442//1442 1745//1745
f 1746//1746 1745//1745 1442//1442
f 1450//1450 1746//1746 1442//1442
f 18//18 16//16 443//443
f 16//16 445//445 443//443
f 14//14 445//445 16//16
f 445//445 14//14 447//447
f 13//13 447//447 14//14
f 13//13 449//449 447//447
f 1072//1072 1205//1205 1070//1070
f 1205//1205 1206//1206 1070//1070
f 1070//1070 1206//1206 1068//1068
f 1830//1830 1619//1619 1618//1618
f 1830//1830 1618//1618 1612//1612
f 1612//1612 1617//1617 1830//1830
f 1833//1833 1832//1832 1831//1831
f 1831//1831 1834//1834 1833//1833
f 1835//1835 1834//1834 1831//1831
f 1835//1835 1836//1836 1834//1834
f 1836//1836 1835//1835 1837//1837
f 1837//1837 1838//1838 1836//1836
f 1838//1838 1837//1837 1839//1839
f 1839//1839 1840//1840 1838//1838
f 1840//1840 1839//1839 1841//1841
f 1841//1841 1842//1842 1840//1840
f 1843//1843 1842//1842 1841//1841
f 1844//1844 1843//1843 1841//1841
f 1845//1845 1843//1843 1844//1844
f 1845//1845 1844//1844 1846//1846
f 1847//1847 1845//1845 1846//1846
f 1847//1847 1846//1846 1848//1848
f 1849//1849 1847//1847 1848//1848
f 1848//1848 1850//1850 1849//1849
f 1850//1850 1851//1851 1849//1849
f 1851//1851 1850//1850 1852//1852
f 1852//1852 1853//1853 1851//1851
f 1852//1852 1854//1854 1853//1853
f 1855//1855 1841//1841 1839//1839
f 1841//1841 1855//1855 1856//1856
f 1856//1856 1844//1844 1841//1841
f 1844//1844 1856//1856 1857//1857
f 1857//1857 1846//1846 1844//1844
f 1848//1848 1846//1846 1857//1857
f 1858//1858 1848//1848 1857//1857
f 1848//1848 1858//1858 1850//1850
f 1859//1859 1854//1854 1852//1852
f 1860//1860 1849//1849 1851//1851
f 1851//1851 1861//1861 1860//1860
f 1861//1861 1851//1851 1853//1853
f 1849//1849 1860//1860 1862//1862
f 1862//1862 1847//1847 1849//1849
f 1847//1847 1862//1862 1845//1845
f 1863//1863 1845//1845 1862//1862
f 1845//1845 1863//1863 1843//1843
f 1864//1864 1843//1843 1863//1863
f 1843//1843 1864//1864 1842//1842
f 1865//1865 1842//1842 1864//1864
f 1842//1842 1865//1865 1840//1840
f 1866//1866 1840//1840 1865//1865
f 1840//1840 1866//1866 1838//1838
f 1867//1867 1838//1838 1866//1866
f 1836//1836 1838//1838 1867//1867
f 1868//1868 1836//1836 1867//1867
f 1836//1836 1868//1868 1834//1834
f 1869//1869 1834//1834 1868//1868
f 1834//1834 1869//1869 1833//1833
f 1870//1870 1833//1833 1869//1869
f 1832//1832 1833//1833 1870//1870
f 1870//1870 1871//1871 1832//1832
f 1872//1872 1832//1832 1871//1871
f 1871//1871 1873//1873 1872//1872
f 1832//1832 1872//1872 1874//1874
f 1874//1874 1831//1831 1832//1832
f 1831//1831 1874//1874 1875//1875
f 1875//1875 1835//1835 1831//1831
f 1835//1835 1875//1875 1876//1876
f 1876//1876 1837//1837 1835//1835
f 1837//1837 1876//1876 1877//1877
f 1877//1877 1839//1839 1837//1837
f 1839//1839 1877//1877 1855//1855
f 1872//1872 1873//1873 1878//1878
f 1878//1878 1879//1879 1872//1872
f 1880//1880 1879//1879 1878//1878
f 1880//1880 1881//1881 1879//1879
f 1882//1882 1881//1881 1880//1880
f 1883//1883 1881//1881 1882//1882
f 1882//1882 1884//1884 1883//1883
f 1885//1885 1883//1883 1884//1884
f 1886//1886 1885//1885 1884//1884
f 1887//1887 1885//1885 1886//1886
f 1886//1886 1888//1888 1887//1887
f 1889//1889 1887//1887 1888//1888
f 1890//1890 1889//1889 1888//1888
f 1889//1889 1890//1890 1891//1891
f 1891//1891 1892//1892 1889//1889
f 1892//1892 1891//1891 1893//1893
f 1893//1893 1894//1894 1892//1892
f 1895//1895 1894//1894 1893//1893
f 1896//1896 1895//1895 1893//1893
f 1895//1895 1896//1896 1897//1897
f 1898//1898 1897//1897 1896//1896
f 1898//1898 1899//1899 1897//1897
f 1899//1899 1898//1898 1900//1900
f 1900//1900 1898//1898 1901//1901
f 1896//1896 1902//1902 1898//1898
f 1901//1901 1898//1898 1902//1902
f 1903//1903 1902//1902 1896//1896
f 1904//1904 1903//1903 1896//1896
f 1896//1896 1893//1893 1904//1904
f 1904//1904 1893//1893 1891//1891
f 1903//1903 1904//1904 1905//1905
f 1905//1905 1904//1904 1906//1906
f 1891//1891 1906//1906 1904//1904
f 1906//1906 1907//1907 1905//1905
f 1908//1908 1907//1907 1906//1906
f 1906//1906 1909//1909 1908//1908
f 1910//1910 1908//1908 1909//1909
f 1909//1909 1911//1911 1910//1910
f 1912//1912 1910//1910 1911//1911
f 1911//1911 1913//1913 1912//1912
f 1912//1912 1913//1913 1914//1914
f 1915//1915 1914//1914 1913//1913
f 1916//1916 1914//1914 1915//1915
f 1917//1917 1916//1916 1915//1915
f 1918//1918 1916//1916 1917//1917
f 1914//1914 1916//1916 1918//1918
f 1917//1917 1919//1919 1918//1918
f 1920//1920 1914//1914 1918//1918
f 1914//1914 1920//1920 1912//1912
f 1921//1921 1905//1905 1907//1907
f 1907//1907 1922//1922 1921//1921
f 1922//1922 1907//1907 1908//1908
f 1923//1923 1912//1912 1920//1920
f 1910//1910 1912//1912 1923//1923
f 1924//1924 1910//1910 1923//1923
f 1908//1908 1910//1910 1924//1924
f 1925//1925 1908//1908 1924//1924
f 1908//1908 1925//1925 1922//1922
f 1911//1911 1888//1888 1913//1913
f 1890//1890 1888//1888 1911//1911
f 1911//1911 1909//1909 1890//1890
f 1890//1890 1909//1909 1906//1906
f 1906//1906 1891//1891 1890//1890
f 1926//1926 1919//1919 1917//1917
f 1919//1919 1927//1927 1918//1918
f 1926//1926 1927//1927 1919//1919
f 1926//1926 1928//1928 1927//1927
f 1928//1928 1926//1926 1880//1880
f 1926//1926 1882//1882 1880//1880
f 1917//1917 1882//1882 1926//1926
f 1884//1884 1882//1882 1917//1917
f 1917//1917 1915//1915 1884//1884
f 1884//1884 1915//1915 1886//1886
f 1913//1913 1888//1888 1886//1886
f 1913//1913 1886//1886 1915//1915
f 1880//1880 1929//1929 1928//1928
f 1930//1930 1929//1929 1880//1880
f 1930//1930 1880//1880 1878//1878
f 1931//1931 1930//1930 1878//1878
f 1878//1878 1873//1873 1931//1931
f 1931//1931 1873//1873 1871//1871
f 1931//1931 1871//1871 1932//1932
f 1870//1870 1932//1932 1871//1871
f 1932//1932 1870//1870 1869//1869
f 1869//1869 1933//1933 1932//1932
f 1933//1933 1869//1869 1868//1868
f 1868//1868 1934//1934 1933//1933
f 1935//1935 1934//1934 1868//1868
f 1868//1868 1867//1867 1935//1935
f 1936//1936 1935//1935 1867//1867
f 1867//1867 1866//1866 1936//1936
f 1937//1937 1936//1936 1866//1866
f 1866//1866 1865//1865 1937//1937
f 1937//1937 1865//1865 1864//1864
f 1864//1864 1938//1938 1937//1937
f 1939//1939 1938//1938 1864//1864
f 1864//1864 1863//1863 1939//1939
f 1940//1940 1939//1939 1863//1863
f 1863//1863 1862//1862 1940//1940
f 1941//1941 1940//1940 1862//1862
f 1862//1862 1860//1860 1941//1941
f 1941//1941 1860//1860 1861//1861
f 1861//1861 1942//1942 1941//1941
f 1942//1942 1861//1861 1943//1943
f 1853//1853 1943//1943 1861//1861
f 1943//1943 1853//1853 1854//1854
f 1854//1854 1944//1944 1943//1943
f 1944//1944 1854//1854 1859//1859
f 1859//1859 1945//1945 1944//1944
f 1945//1945 1859//1859 1946//1946
f 1852//1852 1946//1946 1859//1859
f 1852//1852 1947//1947 1946//1946
f 1948//1948 1946//1946 1947//1947
f 1946//1946 1948//1948 1945//1945
f 1947//1947 1949//1949 1948//1948
f 1949//1949 1947//1947 1950//1950
f 1950//1950 1951//1951 1949//1949
f 1951//1951 1950//1950 1899//1899
f 1899//1899 1900//1900 1951//1951
f 1899//1899 1950//1950 1952//1952
f 1952//1952 1897//1897 1899//1899
f 1897//1897 1952//1952 1953//1953
f 1897//1897 1953//1953 1895//1895
f 1895//1895 1953//1953 1954//1954
f 1954//1954 1894//1894 1895//1895
f 1894//1894 1954//1954 1892//1892
f 1954//1954 1955//1955 1892//1892
f 1892//1892 1955//1955 1956//1956
f 1956//1956 1889//1889 1892//1892
f 1889//1889 1956//1956 1887//1887
f 1956//1956 1957//1957 1887//1887
f 1885//1885 1887//1887 1957//1957
f 1957//1957 1958//1958 1885//1885
f 1885//1885 1958//1958 1883//1883
f 1959//1959 1883//1883 1958//1958
f 1881//1881 1883//1883 1959//1959
f 1959//1959 1879//1879 1881//1881
f 1872//1872 1879//1879 1959//1959
f 1959//1959 1874//1874 1872//1872
f 1874//1874 1959//1959 1958//1958
f 1958//1958 1875//1875 1874//1874
f 1957//1957 1875//1875 1958//1958
f 1876//1876 1875//1875 1957//1957
f 1956//1956 1876//1876 1957//1957
f 1877//1877 1876//1876 1956//1956
f 1955//1955 1877//1877 1956//1956
f 1855//1855 1877//1877 1955//1955
f 1856//1856 1855//1855 1955//1955
f 1955//1955 1954//1954 1856//1856
f 1857//1857 1856//1856 1954//1954
f 1954//1954 1953//1953 1857//1857
f 1858//1858 1857//1857 1953//1953
f 1953//1953 1952//1952 1858//1858
f 1850//1850 1858//1858 1952//1952
f 1950//1950 1850//1850 1952//1952
f 1850//1850 1950//1950 1947//1947
f 1852//1852 1850//1850 1947//1947
f 1905//1905 1921//1921 1960//1960
f 1960//1960 1903//1903 1905//1905
f 1903//1903 1960//1960 1961//1961
f 1961//1961 1902//1902 1903//1903
f 1901//1901 1902//1902 1961//1961
f 1962//1962 1901//1901 1961//1961
f 1901//1901 1962//1962 1963//1963
f 1963//1963 1900//1900 1901//1901
f 1900//1900 1963//1963 1964//1964
f 1964//1964 1951//1951 1900//1900
f 1949//1949 1951//1951 1964//1964
f 1964//1964 1965//1965 1949//1949
f 1949//1949 1965//1965 1948//1948
f 1966//1966 1948//1948 1965//1965
f 1966//1966 1945//1945 1948//1948
f 1945//1945 1966//1966 1967//1967
f 1967//1967 1944//1944 1945//1945
f 1944//1944 1967//1967 1968//1968
f 1968//1968 1943//1943 1944//1944
f 1943//1943 1968//1968 1942//1942
f 1961//1961 1969//1969 1962//1962
f 1969//1969 1961//1961 1960//1960
f 1960//1960 1970//1970 1969//1969
f 1970//1970 1960//1960 1971//1971
f 1921//1921 1971//1971 1960//1960
f 1971//1971 1921//1921 1972//1972
f 1922//1922 1972//1972 1921//1921
f 1973//1973 1972//1972 1922//1922
f 1922//1922 1925//1925 1973//1973
f 1973//1973 1925//1925 1924//1924
f 1924//1924 1974//1974 1973//1973
f 1974//1974 1924//1924 1923//1923
f 1923//1923 1975//1975 1974//1974
f 1975//1975 1923//1923 1976//1976
f 1923//1923 1920//1920 1976//1976
f 1976//1976 1920//1920 1977//1977
f 1920//1920 1918//1918 1977//1977
f 1918//1918 1927//1927 1977//1977
f 1980//1980 1979//1979 1978//1978
f 1981//1981 1979//1979 1980//1980
f 1981//1981 1980//1980 1982//1982
f 1981//1981 1982//1982 1983//1983
f 1984//1984 1983//1983 1982//1982
f 1982//1982 1985//1985 1984//1984
f 1986//1986 1985//1985 1982//1982
f 1982//1982 1987//1987 1986//1986
f 1987//1987 1982//1982 1988//1988
f 1988//1988 1982//1982 1989//1989
f 1989//1989 1990//1990 1988//1988
f 1990//1990 1989//1989 1991//1991
f 1991//1991 1992//1992 1990//1990
f 1991//1991 1993//1993 1992//1992
f 1993//1993 1991//1991 1994//1994
f 1995//1995 1993//1993 1994//1994
f 1994//1994 1996//1996 1995//1995
f 1997//1997 1995//1995 1996//1996
f 1997//1997 1996//1996 1998//1998
f 1998//1998 1996//1996 1999//1999
f 1999//1999 2000//2000 1998//1998
f 2000//2000 1999//1999 2001//2001
f 2002//2002 2001//2001 1999//1999
f 2002//2002 1999//1999 2003//2003
f 2004//2004 2002//2002 2003//2003
f 2005//2005 2004//2004 2003//2003
f 2005//2005 2006//2006 2004//2004
f 2007//2007 2004//2004 2006//2006
f 2006//2006 2008//2008 2007//2007
f 2008//2008 2009//2009 2007//2007
f 2012//2012 2011//2011 2010//2010
f 2010//2010 2013//2013 2012//2012
f 2012//2012 2013//2013 2014//2014
f 2015//2015 2014//2014 2013//2013
f 2016//2016 2014//2014 2015//2015
f 2015//2015 2017//2017 2016//2016
f 2018//2018 2016//2016 2017//2017
f 2017//2017 2019//2019 2018//2018
f 2020//2020 2018//2018 2019//2019
f 2019//2019 2021//2021 2020//2020
f 2022//2022 2020//2020 2021//2021
f 2022//2022 2023//2023 2020//2020
f 2022//2022 2024//2024 2023//2023
f 2023//2023 2024//2024 2025//2025
f 2024//2024 2026//2026 2025//2025
f 2025//2025 2026//2026 2027//2027
f 2027//2027 2026//2026 2028//2028
f 2029//2029 2027//2027 2028//2028
f 2028//2028 2030//2030 2029//2029
f 2030//2030 2031//2031 2029//2029
f 2030//2030 2032//2032 2031//2031
f 2031//2031 2032//2032 2033//2033
f 2018//2018 2020//2020 2034//2034
f 2034//2034 2035//2035 2018//2018
f 2016//2016 2018//2018 2035//2035
f 2035//2035 2036//2036 2016//2016
f 2014//2014 2016//2016 2036//2036
f 2036//2036 2037//2037 2014//2014
f 2012//2012 2014//2014 2037//2037
f 2037//2037 2038//2038 2012//2012
f 2011//2011 2012//2012 2038//2038
f 2038//2038 2039//2039 2011//2011
f 2040//2040 2011//2011 2039//2039
f 2011//2011 2040//2040 2041//2041
f 2041//2041 2010//2010 2011//2011
f 2039//2039 2042//2042 2040//2040
f 2010//2010 2041//2041 2043//2043
f 2043//2043 2013//2013 2010//2010
f 2013//2013 2043//2043 2044//2044
f 2044//2044 2015//2015 2013//2013
f 2015//2015 2044//2044 2045//2045
f 2045//2045 2017//2017 2015//2015
f 2017//2017 2045//2045 2046//2046
f 2046//2046 2019//2019 2017//2017
f 2019//2019 2046//2046 2047//2047
f 2047//2047 2021//2021 2019//2019
f 2021//2021 2047//2047 2048//2048
f 2048//2048 2022//2022 2021//2021
f 2022//2022 2048//2048 2049//2049
f 2049//2049 2024//2024 2022//2022
f 2024//2024 2049//2049 2050//2050
f 2050//2050 2026//2026 2024//2024
f 2028//2028 2026//2026 2050//2050
f 2050//2050 2051//2051 2028//2028
f 2030//2030 2028//2028 2051//2051
f 2051//2051 2052//2052 2030//2030
f 2032//2032 2030//2030 2052//2052
f 2052//2052 2053//2053 2032//2032
f 2033//2033 2032//2032 2053//2053
f 2053//2053 2054//2054 2033//2033
f 2055//2055 2033//2033 2054//2054
f 2033//2033 2055//2055 2031//2031
f 2054//2054 2056//2056 2055//2055
f 2031//2031 2055//2055 2057//2057
f 2055//2055 2056//2056 2057//2057
f 2058//2058 2031//2031 2057//2057
f 2058//2058 2057//2057 2059//2059
f 2056//2056 2059//2059 2057//2057
f 2059//2059 2060//2060 2058//2058
f 2061//2061 2058//2058 2060//2060
f 2060//2060 2062//2062 2061//2061
f 2061//2061 2062//2062 2063//2063
f 2062//2062 2064//2064 2063//2063
f 2065//2065 2063//2063 2064//2064
f 2063//2063 2065//2065 2066//2066
f 2064//2064 2067//2067 2065//2065
f 2068//2068 2066//2066 2065//2065
f 2068//2068 2069//2069 2066//2066
f 2069//2069 2068//2068 2070//2070
f 2070//2070 2071//2071 2069//2069
f 2072//2072 2071//2071 2070//2070
f 2070//2070 2073//2073 2072//2072
f 2074//2074 2072//2072 2073//2073
f 2073//2073 2075//2075 2074//2074
f 2074//2074 2075//2075 2076//2076
f 2074//2074 2076//2076 2077//2077
f 2077//2077 2076//2076 2078//2078
f 2079//2079 2077//2077 2078//2078
f 2079//2079 2078//2078 2080//2080
f 2079//2079 2080//2080 2081//2081
f 2080//2080 2082//2082 2081//2081
f 2083//2083 2081//2081 2082//2082
f 2082//2082 2084//2084 2083//2083
f 2084//2084 2082//2082 2085//2085
f 2073//2073 2070//2070 2086//2086
f 2070//2070 2068//2068 2086//2086
f 2087//2087 2086//2086 2068//2068
f 2088//2088 2087//2087 2068//2068
f 2089//2089 2086//2086 2087//2087
f 2090//2090 2086//2086 2089//2089
f 2089//2089 2091//2091 2090//2090
f 2090//2090 2091//2091 2092//2092
f 2092//2092 2093//2093 2090//2090
f 2093//2093 2092//2092 2094//2094
f 2095//2095 2093//2093 2094//2094
f 2095//2095 2094//2094 2096//2096
f 2096//2096 2097//2097 2095//2095
f 2097//2097 2096//2096 2098//2098
f 2097//2097 2098//2098 2099//2099
f 2098//2098 2100//2100 2099//2099
f 2099//2099 2100//2100 2101//2101
f 2101//2101 2100//2100 2102//2102
f 2102//2102 2100//2100 2098//2098
f 2102//2102 2103//2103 2101//2101
f 2098//2098 2104//2104 2102//2102
f 2104//2104 2098//2098 2096//2096
f 2091//2091 2089//2089 2105//2105
f 2105//2105 2106//2106 2091//2091
f 2096//2096 2107//2107 2104//2104
f 2107//2107 2096//2096 2094//2094
f 2094//2094 2108//2108 2107//2107
f 2108//2108 2094//2094 2092//2092
f 2092//2092 2109//2109 2108//2108
f 2106//2106 2109//2109 2092//2092
f 2092//2092 2091//2091 2106//2106
f 2110//2110 2105//2105 2089//2089
f 2089//2089 2087//2087 2110//2110
f 2111//2111 2110//2110 2087//2087
f 2087//2087 2088//2088 2111//2111
f 2067//2067 2111//2111 2088//2088
f 2088//2088 2065//2065 2067//2067
f 2065//2065 2088//2088 2068//2068
f 2111//2111 2067//2067 2112//2112
f 2113//2113 2112//2112 2067//2067
f 2067//2067 2064//2064 2113//2113
f 2114//2114 2113//2113 2064//2064
f 2064//2064 2062//2062 2114//2114
f 2060//2060 2114//2114 2062//2062
f 2114//2114 2060//2060 2115//2115
f 2059//2059 2115//2115 2060//2060
f 2115//2115 2059//2059 2116//2116
f 2056//2056 2116//2116 2059//2059
f 2117//2117 2116//2116 2056//2056
f 2056//2056 2054//2054 2117//2117
f 2118//2118 2117//2117 2054//2054
f 2054//2054 2053//2053 2118//2118
f 2119//2119 2118//2118 2053//2053
f 2053//2053 2052//2052 2119//2119
f 2120//2120 2119//2119 2052//2052
f 2052//2052 2051//2051 2120//2120
f 2051//2051 2050//2050 2120//2120
f 2120//2120 2050//2050 2121//2121
f 2050//2050 2049//2049 2121//2121
f 2121//2121 2049//2049 2122//2122
f 2049//2049 2048//2048 2122//2122
f 2122//2122 2048//2048 2123//2123
f 2124//2124 2123//2123 2048//2048
f 2048//2048 2047//2047 2124//2124
f 2047//2047 2046//2046 2124//2124
f 2124//2124 2046//2046 2125//2125
f 2046//2046 2045//2045 2125//2125
f 2125//2125 2045//2045 2126//2126
f 2044//2044 2126//2126 2045//2045
f 2126//2126 2044//2044 2127//2127
f 2128//2128 2127//2127 2044//2044
f 2044//2044 2043//2043 2128//2128
f 2129//2129 2128//2128 2043//2043
f 2043//2043 2041//2041 2129//2129
f 2040//2040 2129//2129 2041//2041
f 2040//2040 2130//2130 2129//2129
f 2042//2042 2130//2130 2040//2040
f 2130//2130 2042//2042 2131//2131
f 2131//2131 2042//2042 2039//2039
f 2039//2039 2132//2132 2131//2131
f 2084//2084 2131//2131 2132//2132
f 2132//2132 2083//2083 2084//2084
f 2083//2083 2132//2132 2133//2133
f 2133//2133 2132//2132 2039//2039
f 2133//2133 2081//2081 2083//2083
f 2134//2134 2081//2081 2133//2133
f 2134//2134 2079//2079 2081//2081
f 2135//2135 2079//2079 2134//2134
f 2135//2135 2077//2077 2079//2079
f 2136//2136 2077//2077 2135//2135
f 2136//2136 2074//2074 2077//2077
f 2074//2074 2136//2136 2072//2072
f 2137//2137 2072//2072 2136//2136
f 2072//2072 2137//2137 2138//2138
f 2138//2138 2071//2071 2072//2072
f 2071//2071 2138//2138 2069//2069
f 2139//2139 2069//2069 2138//2138
f 2139//2139 2066//2066 2069//2069
f 2140//2140 2066//2066 2139//2139
f 2063//2063 2066//2066 2140//2140
f 2140//2140 2061//2061 2063//2063
f 2135//2135 2134//2134 2037//2037
f 2038//2038 2037//2037 2134//2134
f 2134//2134 2133//2133 2038//2038
f 2039//2039 2038//2038 2133//2133
f 2141//2141 2138//2138 2137//2137
f 2137//2137 2034//2034 2141//2141
f 2141//2141 2034//2034 2020//2020
f 2020//2020 2023//2023 2141//2141
f 2142//2142 2141//2141 2023//2023
f 2023//2023 2025//2025 2142//2142
f 2027//2027 2142//2142 2025//2025
f 2027//2027 2143//2143 2142//2142
f 2143//2143 2027//2027 2029//2029
f 2138//2138 2141//2141 2142//2142
f 2142//2142 2139//2139 2138//2138
f 2139//2139 2142//2142 2143//2143
f 2143//2143 2140//2140 2139//2139
f 2140//2140 2143//2143 2029//2029
f 2029//2029 2061//2061 2140//2140
f 2029//2029 2058//2058 2061//2061
f 2029//2029 2031//2031 2058//2058
f 2035//2035 2034//2034 2137//2137
f 2137//2137 2136//2136 2035//2035
f 2036//2036 2035//2035 2136//2136
f 2136//2136 2135//2135 2036//2036
f 2037//2037 2036//2036 2135//2135
f 2086//2086 2090//2090 2073//2073
f 2073//2073 2090//2090 2075//2075
f 2093//2093 2075//2075 2090//2090
f 2075//2075 2093//2093 2095//2095
f 2095//2095 2076//2076 2075//2075
f 2076//2076 2095//2095 2097//2097
f 2076//2076 2097//2097 2078//2078
f 2078//2078 2097//2097 2099//2099
f 2078//2078 2099//2099 2080//2080
f 2080//2080 2099//2099 2101//2101
f 2101//2101 2082//2082 2080//2080
f 2085//2085 2082//2082 2101//2101
f 2101//2101 2103//2103 2085//2085
f 2144//2144 2085//2085 2103//2103
f 2144//2144 2103//2103 2102//2102
f 2144//2144 2102//2102 2145//2145
f 2146//2146 2085//2085 2144//2144
f 2084//2084 2085//2085 2146//2146
f 2146//2146 2147//2147 2084//2084
f 2147//2147 2148//2148 2084//2084
f 2084//2084 2148//2148 2131//2131
f 2131//2131 2148//2148 2130//2130
f 2104//2104 2145//2145 2102//2102
f 2145//2145 2104//2104 2149//2149
f 2107//2107 2149//2149 2104//2104
f 2149//2149 2107//2107 2150//2150
f 2151//2151 2150//2150 2107//2107
f 2107//2107 2108//2108 2151//2151
f 2152//2152 2151//2151 2108//2108
f 2108//2108 2109//2109 2152//2152
f 2106//2106 2152//2152 2109//2109
f 2152//2152 2106//2106 2153//2153
f 2153//2153 2106//2106 2105//2105
f 2105//2105 2154//2154 2153//2153
f 2110//2110 2154//2154 2105//2105
f 2154//2154 2110//2110 2155//2155
f 2156//2156 2155//2155 2110//2110
f 2110//2110 2111//2111 2156//2156
f 2112//2112 2156//2156 2111//2111
f 2159//2159 2158//2158 2157//2157
f 2158//2158 2159//2159 2160//2160
f 2161//2161 2158//2158 2160//2160
f 2161//2161 2160//2160 2162//2162
f 2161//2161 2162//2162 2163//2163
f 2163//2163 2164//2164 2161//2161
f 2161//2161 2164//2164 2165//2165
f 2165//2165 2166//2166 2161//2161
f 2161//2161 2166//2166 2167//2167
f 2168//2168 2161//2161 2167//2167
f 2167//2167 2169//2169 2168//2168
f 2170//2170 2168//2168 2169//2169
f 2169//2169 2171//2171 2170//2170
f 2170//2170 2171//2171 2172//2172
f 2172//2172 2173//2173 2170//2170
f 2173//2173 2172//2172 2174//2174
f 2174//2174 2175//2175 2173//2173
f 2174//2174 2176//2176 2175//2175
f 2175//2175 2176//2176 2177//2177
f 2175//2175 2177//2177 2178//2178
f 2178//2178 2177//2177 2179//2179
f 2178//2178 2179//2179 2180//2180
f 2180//2180 2181//2181 2178//2178
f 2181//2181 2182//2182 2178//2178
f 2182//2182 2181//2181 2183//2183
f 2183//2183 2184//2184 2182//2182
f 2185//2185 2184//2184 2183//2183
f 2183//2183 2186//2186 2185//2185
f 2187//2187 2185//2185 2186//2186
f 2186//2186 2188//2188 2187//2187
f 1365//1365 1366//1366 1394//1394
f 1366//1366 1377//1377 1394//1394
f 1394//1394 1377//1377 1383//1383
